longitude,latitude,LST_2016,LST_2017,LST_2018,LST_2019,LST_2020,LST_2021,LST_2022
106.3510973292681,10.483788523316877,0.4215800394756815,0.47391062300723596,0.3958196264993156,0.46642036540310716,0.4496178956424914,0.41348246368743274,0.41520319854243537
106.3510973292681,10.771249414235124,0.41338124399008075,0.39293486512475256,0.3291664557922971,0.4702667139025246,0.4357001872564395,0.46383926312060236,0.4071056227541883
106.3510973292681,10.879047248329464,0.40477756971506573,0.378004959765171,0.4501239941292566,0.45503314945088313,0.36540310744470794,0.314388379978744,0.3618604180373496
106.35199564455222,10.358024383540142,0.6350523811933801,0.5703729945847457,0.571233362012247,0.5432461156941132,0.5482058808644158,0.6889012601852311,0.45078192216205265
106.35199564455222,10.375990689222531,0.40680196366212834,0.4273495622248085,0.34961283465762427,0.38412875145503245,0.33670732324510283,0.37780252037046325,0.3213725390961083
106.35199564455222,10.393956994904924,0.4460752062351324,0.4247178500936268,0.4498203350371975,0.4064476947213931,0.3926312060326934,0.45037704337264045,0.35011893314439035
106.35199564455222,10.411923300587317,0.4777569715066551,0.3439445316058503,0.38746900146768465,0.3982995090844674,0.4072068424515405,0.3953135280125504,0.2828078344045749
106.35199564455222,10.429889606269704,0.44010324409129997,0.49901310795080667,0.30295055417784206,0.3747153196011949,0.32157497849081274,0.4141910015689049,0.27379928134014786
106.35199564455222,10.447855911952097,0.42684346373804327,0.465711827521635,0.3938458424009316,0.4898527253403515,0.4400020243939461,0.4945594412672709,0.3276481603319989
106.35199564455222,10.465822217634486,0.5360089073333666,0.5184472898426034,0.5865681461612423,0.5544815021003081,0.5373247633989571,0.4874740624525526,0.43630750544055863
106.35199564455222,10.501754828999266,0.41085075155625184,0.3691482362467732,0.4007287818209422,0.4332203046712894,0.39931170605799954,0.45184472898425987,0.44081178197277043
106.35199564455222,10.519721134681657,0.3991092666632917,0.44243129713042173,0.46753378207399154,0.4562983956677975,0.42036540310744497,0.45569107748367754,0.4466825244192513
106.35199564455222,10.537687440364047,0.30421580039475726,0.4616630396275115,0.33301280429171454,0.351232349815273,0.36297383470823397,0.3773470317323741,0.3585201680246974
106.35199564455222,10.555653746046438,0.3244091300167014,0.29920542537577854,0.3726909256541323,0.35796345968925525,0.3773470317323741,0.3530543043676295,0.365656156688091
106.35199564455222,10.573620051728827,0.43787641074953126,0.3446530694873208,0.41145806974037097,0.4006781719722661,0.34399514145452553,0.4467331342679291,0.3707677514044236
106.35199564455222,10.591586357411218,0.36165797864264354,0.34009818310643286,0.37577812642340147,0.35457259982792605,0.30917556556505904,0.43155017966496206,0.354319550584543
106.35199564455222,10.60955266309361,0.42461663039627456,0.4784148995394495,0.4178855205222932,0.35143478920997995,0.28746394048281754,0.45397034262867486,0.27992307303001096
106.35199564455222,10.627518968776,0.3644921301685313,0.3886836378359221,0.4078141606356588,0.3807885014423794,0.2932840730806198,0.4302849334480486,0.35275064527556954
106.35199564455222,10.64548527445839,0.3886836378359221,0.4765423351384171,0.4700642745078185,0.3895946151121003,0.3604433422744061,0.43524469861835036,0.29920542537577854
106.35199564455222,10.66345158014078,0.3268384027531745,0.3814464294751755,0.3569006528670478,0.3807885014423794,0.32466217926008356,0.35386406194645387,0.2938913912647398
106.35199564455222,10.681417885823173,0.3553317475580752,0.3919226681512229,0.32020851257654703,0.43499164937496815,0.34976466420365343,0.35588845589351653,0.27040842147881955
106.35199564455222,10.699384191505562,0.3778531302191402,0.4608532820486854,0.3868616832835664,0.4338782327040838,0.3778531302191402,0.3635811528923531,0.296776152639302
106.35199564455222,10.717350497187953,0.345310997520116,0.30406397084872644,0.3237005921352292,0.3457664861582068,0.32572498608229183,0.3182853383268375,0.3621134672807318
106.35199564455222,10.735316802870342,0.47041854344855544,0.3996153651500578,0.46449719115339844,0.46945695632370027,0.42745078192216157,0.45675388430588576,0.35963358469558177
106.35199564455222,10.753283108552733,0.4722404980009103,0.4709246419353209,0.3996153651500578,0.4199605243180311,0.4105470924641936,0.3628726150108809,0.28604686471987417
106.35199564455222,10.789215719917513,0.31833594817551525,0.3093273951110883,0.36793359987853663,0.3955159674072565,0.31206032693962144,0.31276886482109345,0.2192418644668247
106.35199564455222,10.807182025599904,0.43494103952629204,0.41803735006832404,0.47401184270458985,0.5035679943316963,0.37147628928589577,0.4009312212156483,0.36945189533883316
106.35199564455222,10.825148331282294,0.402297687129914,0.3658079862341218,0.3840275317576794,0.38635558479680115,0.35330735361101256,0.34050306189584334,0.3011792094741626
106.35199564455222,10.843114636964684,0.4605496229566269,0.4436459334986591,0.4381800698415904,0.47046915329723155,0.425679437218482,0.37886532719267235,0.36277139531352787
106.35199564455222,10.861080942647074,0.4101928235234583,0.29459992914621197,0.32805303912141276,0.4663191457057533,0.3894933954147464,0.37264031580545537,0.3287615770028849
106.35199564455222,10.897013554011856,0.42977883496128416,0.34323599372437813,0.4127739258059623,0.5231033959208452,0.3390859861329007,0.3826104559947359,0.4679386608634037
106.35199564455222,10.914979859694249,0.471785009362821,0.38898729692798123,0.38169947871855764,0.4450123994129265,0.4162660053646428,0.4270965129814263,0.3537628422491009
106.35199564455222,10.932946165376636,0.542740017207348,0.4146971000556693,0.4442532516827774,0.5210790019737844,0.4703679335998785,0.4570575433979449,0.4537172933852919
106.35199564455222,10.950912471059029,0.6041297636520063,0.4074092818462466,0.4932435852016805,0.46723012298193156,0.4201629637127372,0.4396983653018878,0.39172022875651513
106.35199564455222,10.968878776741418,0.6086340401842207,0.4392934865124756,0.47299964573105774,0.4952679791487414,0.5243180322890834,0.4882838200313772,0.39900804696593867
106.35199564455222,10.986845082423809,0.3923781567893112,0.3424768459942307,0.34202135735613987,0.40083000151829434,0.3418189179614355,0.2823017359178088,0.29900298598107083
106.35199564455222,11.004811388106198,0.3522445467888051,0.3126676451237412,0.44890935776102087,0.4289690773824581,0.265802925249253,0.3177286299913953,0.2874639404828184
106.35199564455222,11.022777693788589,0.3823067969026776,0.37036287261501055,0.36089883091249525,0.4124702667139023,0.3277493800293528,0.3468799028290895,0.31028898223594353
106.35199564455222,11.04074399947098,0.6671390252543136,0.49213016853079444,0.6060023280530381,0.6247279720633644,0.5634394453160582,0.5115643504225929,0.44627764562984
106.35199564455222,11.05871030515337,0.48463991092666564,0.4281087099549568,0.4756313578622403,0.5191558277240739,0.4224910167518598,0.4633837744825141,0.3760311756667837
106.35199564455222,11.07667661083576,0.4789716078748917,0.3940482817956377,0.3934915734601947,0.5585808998431094,0.4558935168783853,0.42856419859304595,0.37218482716736623
106.35199564455222,11.09464291651815,0.44475935016954177,0.39845133863049653,0.38468545979047464,0.4789716078748917,0.3853433878232707,0.4277544410142199,0.3609494407611722
106.35199564455222,11.11260922220054,0.454982539602207,0.4044739106230074,0.4148995394503771,0.4642441419100154,0.402854395465357,0.3633281036489692,0.39678121362417085
106.35199564455222,11.130575527882932,0.8231691887241251,0.46965939571840637,0.5354521989979244,0.6361151880155875,0.6757426995293284,0.49881066855610057,0.4709752517839968
106.35199564455222,11.14854183356532,0.4611569411407454,0.42633736525127724,0.4011336606103543,0.463029505541778,0.41520319854243537,0.397489751505643,0.3706159218583936
106.36906363495048,10.358024383540142,0.574320562781517,0.6107596538286355,0.4926868768662385,0.5529632066400115,0.5138417936130368,0.5419808694771997,0.4561971759704434
106.36906363495048,10.375990689222531,0.6083303810921591,0.5420314793258775,0.39976719469608696,0.5057442178247888,0.48332405486107516,0.4924338276228561,0.4893466268535852
106.36906363495048,10.393956994904924,0.43559896755908645,0.3957690166506395,0.41682271370008583,0.36013968318234785,0.3946049901310791,0.4099397742800736,0.3858494863100351
106.36906363495048,10.411923300587317,0.4558935168783853,0.4014879295510904,0.39050559238827776,0.4048787894124196,0.35922870590616957,0.36742750139177055,0.32729389139126364
106.36906363495048,10.501754828999266,0.3241054709246414,0.3241054709246414,0.4140897818715527,0.3730958044435445,0.3892909560200412,0.4085733083658071,0.39840072878182126
106.36906363495048,10.519721134681657,0.44010324409129997,0.4389898274204156,0.48610759653828606,0.46100511159471624,0.43079103193481294,0.46510450933751674,0.4687484184422281
106.36906363495048,10.573620051728827,0.351232349815273,0.3640872513791192,0.3978946302950552,0.40801660003036655,0.34667746343438505,0.4408623918214474,0.33696037248848587
106.36906363495048,10.591586357411218,0.3983501189331443,0.5314034111038,0.5120198390606803,0.417632471278911,0.4236044334227441,0.4886380889721139,0.35214332709145124
106.36906363495048,10.60955266309361,0.3212207095500783,0.3700592135229514,0.33058353155523973,0.38433119084973855,0.33569512627157155,0.4301331039020186,0.346171364947619
106.36906363495048,10.681417885823173,0.46024596386456884,0.46900146768561113,0.43873677817703255,0.5335290247482156,0.4432410547092469,0.3653018877473557,0.31469203907080306
106.36906363495048,10.699384191505562,0.3823067969026776,0.43726909256541296,0.39374462270357774,0.4679386608634037,0.37633483475884366,0.3718811680753071,0.4071056227541883
106.36906363495048,10.717350497187953,0.3808897211397333,0.5073637329824384,0.4199605243180311,0.4110025811022827,0.40639708487271614,0.42208613796244593,0.44303861531454
106.36906363495048,10.771249414235124,0.4482514297282248,0.420061744015385,0.4432410547092469,0.44288678576851,0.4096361151880153,0.4051824485044779,0.38918973632268816
106.36906363495048,10.789215719917513,0.5097423958702363,0.5747254415709291,0.5461814869173532,0.5956779189230224,0.528265600485853,0.5375778126423401,0.4700642745078185
106.36906363495048,10.807182025599904,0.4952173693000663,0.4293739561718703,0.38524216812591683,0.4726959866389994,0.4811984412166604,0.5420314793258775,0.4325117667898173
106.36906363495048,10.897013554011856,0.5838352143327081,0.4914216306493239,0.43382762285540605,0.5443595323649967,0.4900045548863796,0.4395971456045339,0.48575332759754997
106.36906363495048,10.914979859694249,0.500025304924337,0.4250721190343637,0.39607267574269867,0.49597651703021356,0.4536666835366166,0.43757275165747295,0.44096361151880065
106.36906363495048,10.932946165376636,0.46601548661369496,0.3581152892352835,0.43499164937496815,0.402854395465357,0.42881724783642894,0.4241105319095102,0.41682271370008495
106.36906363495048,10.986845082423809,0.4592337668910367,0.32744572093729446,0.36459334986588354,0.39414950149298994,0.3104914216306494,0.31843716787286735,0.2885773571537011
106.36906363495048,11.004811388106198,0.5794321574978487,0.4843362518346059,0.46530694873222284,0.5566071157447235,0.4607520623513332,0.4544764411154401,0.4438483728933635
106.36906363495048,11.022777693788589,0.46252340705501277,0.38782327040842074,0.38660863404018336,0.4204666228047972,0.34667746343438505,0.35841894832734517,0.30052128144136886
106.36906363495048,11.04074399947098,0.5381851308264584,0.46490206994281064,0.43372640315805383,0.5699681157953335,0.5303912141302696,0.47451794119135615,0.38372387266562025
106.36906363495048,11.05871030515337,0.548307100561768,0.4436459334986591,0.41181233868110706,0.5179918012045142,0.46925451692899417,0.44005263424262303,0.4053848878991848
106.36906363495048,11.07667661083576,0.6015486613695025,0.4883850397287309,0.4242117516068624,0.5926919378511054,0.4920289488334422,0.48443747153195954,0.39936231590667476
106.36906363495048,11.09464291651815,0.5060984867655233,0.42815931980363375,0.3985525583278504,0.5721949491371021,0.4927374867149144,0.49617895642491966,0.3694012854901554
106.36906363495048,11.11260922220054,0.41307758489802054,0.3940482817956377,0.40680196366212834,0.4642947517586915,0.40568854699124396,0.4102434333721336,0.32704084214788226
106.36906363495048,11.130575527882932,0.4876765018472587,0.3380231793106933,0.47441672149400205,0.42411053190950854,0.3655043271420601,0.44146971000556734,0.35011893314439035
106.36906363495048,11.14854183356532,0.42593248646186505,0.3810921605344394,0.36742750139177055,0.44475935016954177,0.387772660559744,0.40366415304418135,0.3386811073434885
106.3699619502346,10.429889606269704,0.45751303203603405,0.46399109266663235,0.3602915127283772,0.4096361151880153,0.38169947871855764,0.40250012652462197,0.2915127283769419
106.3699619502346,10.447855911952097,0.38503972873121073,0.40609342578065616,0.3646439597145607,0.4509843615567579,0.36418847107647134,0.3735006832329567,0.30902373601902994
106.3699619502346,10.465822217634486,0.4773520927172412,0.5042765322131684,0.433878232704083,0.4467837441166044,0.417227592489498,0.39131534996710293,0.40158914924844347
106.3699619502346,10.483788523316877,0.2588187661318886,0.5187003390859856,0.4308416417834899,0.4989118882534536,0.4760362366516508,0.5080216610152338,0.47492281998076813
106.3699619502346,10.537687440364047,0.4182903993117054,0.42633736525127724,0.3613543195505844,0.41682271370008583,0.3755756870286954,0.3855458272179751,0.3872665620729777
106.3699619502346,10.555653746046438,0.454982539602207,0.45047826306999267,0.4739106230072368,0.46409231236398624,0.4080166000303657,0.40599220608330394,0.45397034262867486
106.3699619502346,10.627518968776,0.3585201680246974,0.3959714560453448,0.4945594412672694,0.3880763196518038,0.3170200921099247,0.4468849638139585,0.34586770585555904
106.3699619502346,10.64548527445839,0.37760008097575803,0.31560301634698046,0.4001214636368239,0.36611164532618007,0.33797256946201637,0.504782630699933,0.3747153196011935
106.3699619502346,10.66345158014078,0.40103244091300133,0.4687484184422281,0.4975454223391862,0.4699630548104663,0.41287514550331444,0.45245204716837834,0.32891340654891404
106.3699619502346,10.735316802870342,0.3854446075206229,0.46287767599574803,0.4046763500177118,0.5058960473708188,0.46449719115339844,0.31742497089933697,0.29465053899488736
106.3699619502346,10.753283108552733,0.45083253201072876,0.5617693203097325,0.5423351384179358,0.645933498658839,0.565818108203856,0.605597449263626,0.534541221721747
106.3699619502346,10.825148331282294,0.33969330431702066,0.3624171263727918,0.3782580090085524,0.36019029303102307,0.2832127131939871,0.36216407712940957,0.3316969482261241
106.3699619502346,10.843114636964684,0.4468849638139574,0.34657624373703033,0.30836580798623314,0.4381800698415895,0.38878485753327596,0.4077129409383049,0.4364087251379108
106.3699619502346,10.861080942647074,0.5098436155675902,0.4164178349106719,0.46976061541576025,0.4821094184928386,0.4713295207247329,0.4187458879497945,0.4005263424262361
106.3699619502346,10.879047248329464,0.5130320360342115,0.4723923275469411,0.505642998127435,0.614302343235993,0.4119641682271362,0.42542638797510063,0.4485044789716087
106.3699619502346,10.950912471059029,0.5529125967913354,0.45508375929955924,0.4209727212915632,0.5335796345968926,0.4484032592742548,0.42107394098891543,0.46009413431853796
106.3699619502346,10.968878776741418,0.4148995394503771,0.39678121362417085,0.34465306948732244,0.4202641834100911,0.3721342173186901,0.34865124753276905,0.3441469710005564
106.38702994063289,10.519721134681657,0.4908649223138818,0.5488131990485341,0.47674477453312464,0.4648008502454576,0.44531605850498457,0.46783744116605,0.4779594109013612
106.38702994063289,10.537687440364047,0.4186446682524406,0.3886836378359221,0.5175363125664251,0.46955817602105243,0.4736069639151777,0.5276582823017365,0.5172326534743665
106.38702994063289,10.64548527445839,0.49941798674021964,0.49911432764815966,0.5321625588339491,0.4998228655296327,0.4557416873323545,0.4782630699934195,0.3803836226529672
106.38702994063289,10.950912471059029,0.551951009666481,0.39526291816387427,0.4127739258059623,0.522850346677463,0.49364846399109263,0.43519408876967425,0.4375727516574721
106.38702994063289,10.968878776741418,0.4910167518599118,0.4139885621741988,0.4119641682271362,0.4105470924641936,0.33301280429171454,0.3297737739764154,0.29905359582974866
106.387928255917,10.358024383540142,0.5194594868161339,0.49035882382711654,0.47461916088870815,0.4320056683030512,0.4244141910015685,0.4381800698415895,0.42532516827774675
106.387928255917,10.375990689222531,0.4759350169542986,0.42633736525127724,0.4495166759451375,0.40508122880712566,0.4173288121868502,0.4241611417581855,0.3936434030062255
106.387928255917,10.393956994904924,0.451642289589554,0.40427147122829965,0.43483981982893816,0.4182397894630285,0.38139581962649954,0.4304873728427546,0.4119641682271362
106.387928255917,10.411923300587317,0.40801660003036655,0.46060023280530404,0.4277038311655446,0.46773622146869764,0.43134774027025596,0.45548863808897144,0.3876714408623916
106.387928255917,10.429889606269704,0.48054051318386515,0.4776557518093021,0.4736069639151777,0.36439091047117744,0.4005263424262361,0.47335391467179466,0.36165797864264265
106.387928255917,10.447855911952097,0.4354471380130573,0.34981527405233037,0.4480996001821948,0.37522141808795934,0.40548610759653786,0.38503972873121073,0.3470317323751195
106.387928255917,10.465822217634486,0.49617895642491966,0.47335391467179466,0.44769472139278266,0.4752264790728273,0.4310946910268746,0.4432916645579222,0.3253707171415549
106.387928255917,10.483788523316877,0.3882787590465099,0.4195556455286189,0.3530543043676295,0.38488789918518157,0.4074598916949235,0.3982995090844674,0.4184928387064125
106.387928255917,10.501754828999266,0.3444506300926164,0.3490561263221821,0.4173288121868502,0.32471278910875967,0.3381750088567233,0.40325927425476915,0.35011893314439035
106.387928255917,10.555653746046438,0.3393896452249607,0.38888607723062985,0.2952578571790063,0.3873677817703316,0.356900652867047,0.31782984968874906,0.33341768308112674
106.387928255917,10.573620051728827,0.38706412267827334,0.3775494711270819,0.3985019484791735,0.3853433878232707,0.4616630396275115,0.4133306341414036,0.3427805050862898
106.387928255917,10.591586357411218,0.3878738802570977,0.47239232754694027,0.5243686421377589,0.43301786527658165,0.511564350422592,0.45882888810162364,0.3876714408623916
106.387928255917,10.60955266309361,0.31646338377448263,0.35270003542689343,0.3657067665367679,0.35234576648615734,0.3109975201174139,0.4046763500177118,0.3216255883394905
106.387928255917,10.627518968776,0.3082645882888808,0.36590920593147397,0.34571587630952816,0.4135330735361097,0.3074042208613795,0.420061744015385,0.2754187964977983
106.387928255917,10.66345158014078,0.33083658079862277,0.43038615314540074,0.45801913052280013,0.4233513841793611,0.35604028543954563,0.38412875145503245,0.294296270054152
106.387928255917,10.681417885823173,0.44288678576851,0.488334429880055,0.45806974037147535,0.3800799635609089,0.45103497140543486,0.41287514550331444,0.38964522496077725
106.387928255917,10.699384191505562,0.45118680095146424,0.43170200921099205,0.44597398653778003,0.47386001315855986,0.42800749025760376,0.43408067209879075,0.331798167923478
106.387928255917,10.717350497187953,0.4796801457563638,0.47583379725694636,0.48555088820284387,0.4137861227794927,0.451642289589554,0.5099954451136194,0.4588794979503006
106.387928255917,10.735316802870342,0.5065539754036124,0.500328964016397,0.4215800394756815,0.40477756971506573,0.3587226074194035,0.4512374108001401,0.4070044030568344
106.387928255917,10.753283108552733,0.6461865479022203,0.5256338883546738,0.6181993015840874,0.577154714307404,0.5877321726808036,0.5763449567285788,0.5302899944329174
106.387928255917,10.771249414235124,0.44435447138012957,0.4506300926160235,0.4615618199301576,0.4698618351131124,0.40452452047168286,0.4388886077230634,0.3444000202439394
106.387928255917,10.789215719917513,0.46621792600840106,0.47461916088870815,0.4629788956931019,0.5112606913305329,0.4187458879497945,0.4594362062857428,0.4139885621741988
106.387928255917,10.807182025599904,0.58353155524065,0.6227541879649785,0.5403107444708748,0.5329217065640982,0.500227744319044,0.6045852522900955,0.4727972063363533
106.387928255917,10.825148331282294,0.43494103952629204,0.43301786527658165,0.4137861227794927,0.4852978389594608,0.3818006984159107,0.41307758489802054,0.3453616073687946
106.387928255917,10.843114636964684,0.5097423958702363,0.3851409484285629,0.39212510754592733,0.5106533731464137,0.40047573257755914,0.36651652411559227,0.4113568500430179
106.387928255917,10.861080942647074,0.637785313021915,0.5241662027430543,0.5229009565261408,0.5333265853535104,0.5359582974846913,0.4908143124652057,0.4878283313932895
106.387928255917,10.879047248329464,0.5484083202591219,0.5270509641176173,0.41328002429272664,0.5057442178247888,0.5833291158459439,0.4109519712536058,0.45639961536514967
106.387928255917,10.897013554011856,0.540715623260287,0.46768561162002065,0.39728731211093693,0.4949643200566823,0.42593248646186505,0.4221873576597998,0.4679386608634037
106.387928255917,10.914979859694249,0.460650842653981,0.4107495318588997,0.4354471380130581,0.5093375170808241,0.4494154562477853,0.39116352042107294,0.4001720734854994
106.387928255917,10.932946165376636,0.5370211043068979,0.47553013816488643,0.5433979452401441,0.5123741080014174,0.525583278505997,0.47674477453312464,0.45771547143074015
106.387928255917,10.986845082423809,0.6200718659851192,0.4596386456804489,0.4472898426033696,0.5488131990485341,0.47067159269193826,0.4512374108001401,0.4294751758692225
106.387928255917,11.004811388106198,0.6379877524166193,0.4956728579381536,0.42532516827774675,0.6019535401589147,0.5521534490611864,0.5256338883546738,0.4613593805354515
106.387928255917,11.022777693788589,0.7726099498962502,0.6960372488486266,0.7889063211700983,0.7851611923680347,0.6952781011184773,0.722911078495875,0.6631408472088659
106.387928255917,11.04074399947098,0.5718912900450421,0.3854446075206229,0.40417025153094743,0.5693607976112152,0.557568702869578,0.5038716534237563,0.46621792600840023
106.387928255917,11.05871030515337,0.5854547294903579,0.40356293334682913,0.4510349714054357,0.5735108052026909,0.48899235791285,0.46429475175869067,0.42259223644921284
106.387928255917,11.07667661083576,0.5226985171314328,0.4363581152892347,0.45214838807631835,0.4765423351384171,0.4403562933346821,0.42628675540260114,0.3951616984665204
106.387928255917,11.09464291651815,0.5374765929449862,0.4322081076977573,0.4184422288577354,0.4576142517333871,0.46353560402854327,0.4322081076977573,0.36520066805000184
106.387928255917,11.11260922220054,0.5493192975353002,0.40290500531403395,0.4480996001821948,0.4537679032339688,0.49830457006933615,0.4705703729945846,0.376638493850902
106.387928255917,11.130575527882932,0.4925350473202083,0.3683384786679488,0.4565008350625019,0.46652158510046104,0.3891391264740112,0.3305329217065628,0.36884457715471486
106.387928255917,11.14854183356532,0.7373854952173698,0.4377245812035021,0.4881826003340248,0.5954754795283163,0.6256389493395418,0.6287767599574863,0.41793613037097016
106.40499624631526,10.358024383540142,0.4594362062857428,0.41985930462067805,0.5199655853028998,0.44116605091350736,0.41555746748317146,0.3953641378612282,0.38453363024444465
106.40499624631526,10.375990689222531,0.5008856723518385,0.35011893314438947,0.35487625891998437,0.388734247684599,0.4070044030568344,0.4531605850498505,0.38929095602004204
106.40499624631526,10.393956994904924,0.4562983956677975,0.45741181233868017,0.4557416873323545,0.3726909256541315,0.3999190242421161,0.46965939571840637,0.4405081228807121
106.40499624631526,10.411923300587317,0.5269497444202627,0.46991244496178936,0.4894984563996152,0.48332405486107516,0.47041854344855544,0.5016448200819875,0.4529581456551444
106.40499624631526,10.429889606269704,0.537071714155574,0.48048990333518904,0.45731059264132795,0.4314489599676082,0.48889113821549696,0.49425578217521093,0.3463231944936475
106.40499624631526,10.447855911952097,0.4927374867149144,0.434434941039526,0.42765322131686767,0.4445569107748374,0.39784402044637823,0.4673313426792837,0.3087200769269701
106.40499624631526,10.465822217634486,0.5098436155675902,0.4866643048737274,0.47887038817753863,0.4665721949491363,0.4250721190343637,0.4584240093122123,0.3664153044182384
106.40499624631526,10.483788523316877,0.44749228199807634,0.4184422288577354,0.39956475530138086,0.45741181233868017,0.41682271370008583,0.4011336606103543,0.4391416569664456
106.40499624631526,10.501754828999266,0.41221721747051926,0.42613492585657115,0.44445569107748345,0.4366111645326169,0.40356293334682913,0.37461409990384104,0.431195910724226
106.40499624631526,10.537687440364047,0.4799838048484238,0.46682524419251936,0.6346475024039682,0.6134925856571687,0.5545827217976611,0.596791335593907,0.5649577407763546
106.40499624631526,10.555653746046438,0.7095500784452661,0.4893466268535852,0.6644567032744566,0.5563034566526646,0.6034212257705343,0.5292777974593852,0.5613138316716433
106.40499624631526,10.573620051728827,0.46895085783693585,0.38994888405283723,0.46682524419251936,0.4102940432208097,0.4202641834100911,0.44096361151880126,0.3505238119338025
106.40499624631526,10.591586357411218,0.3193481451490457,0.4109519712536058,0.35983602409028786,0.351536008907333,0.35720431195910696,0.4256288273698053,0.30821397844020376
106.40499624631526,10.60955266309361,0.5030618958449302,0.4984563996153645,0.4809960018219543,0.46297889569310025,0.4244648008502446,0.5046814110025806,0.4208208917455332
106.40499624631526,10.627518968776,0.37177994837795403,0.5570119945341351,0.5049850700946406,0.46206791841692363,0.47806063059871506,0.4292727364745181,0.4309934713295207
106.40499624631526,10.64548527445839,0.5148033807378911,0.43807885014423736,0.45731059264132795,0.4637886532719263,0.3753226377853132,0.33078597094994583,0.2857432056278158
106.40499624631526,10.66345158014078,0.4360544561971756,0.5462827066147071,0.4027531757680048,0.4789716078748917,0.4785667290854795,0.46550938812692894,0.32420669062199364
106.40499624631526,10.681417885823173,0.42289589554127194,0.4477959410901348,0.4630295055417772,0.512880206488183,0.4613593805354515,0.44956728579381444,0.35993724378764
106.40499624631526,10.699384191505562,0.5326686573207143,0.5755351991497552,0.5236094944076112,0.571992509742396,0.5531656460347176,0.5031631155422841,0.47947770636165754
106.40499624631526,10.717350497187953,0.4393440963611517,0.46388987296927847,0.2951566374816532,0.4807935624272482,0.3754744673313424,0.3929348651247517,0.2950048079356233
106.40499624631526,10.735316802870342,0.49162407004403,0.47218988815223356,0.4061440356293331,0.457259982792651,0.47492281998076813,0.4588288881016245,0.3880763196518038
106.40499624631526,10.753283108552733,0.471380130573409,0.4433422744065991,0.417784300824941,0.46819171010678673,0.4284123690470168,0.4733033048231194,0.3801811832582628
106.40499624631526,10.771249414235124,0.4289690773824581,0.4269446834353955,0.3866086340401842,0.4653575585808998,0.41692393339743883,0.4973935927931562,0.4277544410142199
106.40499624631526,10.789215719917513,0.3504225922364486,0.3895946151121003,0.4178349106736163,0.4205678425021502,0.35517991801204435,0.36884457715471486,0.3335189027784806
106.40499624631526,10.807182025599904,0.4608532820486871,0.3642390809251483,0.44764411154410677,0.45508375929955924,0.4174300318842041,0.4427349562224808,0.34308416417834897
106.40499624631526,10.825148331282294,0.3985019484791743,0.40791538033301267,0.2515309479224642,0.482919176071663,0.35087808087453776,0.4489093577610194,0.3221822966749327
106.40499624631526,10.843114636964684,0.4277038311655446,0.391669618907839,0.41581051672655533,0.5210283921251067,0.43200566830305204,0.4306898122374607,0.3853433878232707
106.40499624631526,10.861080942647074,0.4895996760969674,0.4358520168024703,0.414545270509641,0.5011387215952223,0.4922313882281483,0.48322283516372316,0.3991092666632926
106.40499624631526,10.879047248329464,0.49587529733286134,0.5100460549622948,0.3806872817450272,0.4533630244445566,0.4194544258312667,0.38119338023179156,0.43079103193481294
106.40499624631526,10.897013554011856,0.5992206083303798,0.5274558429070286,0.4853484488081378,0.6063059871450981,0.5321625588339491,0.5266460853282051,0.4769472139278291
106.40499624631526,10.914979859694249,0.46621792600840106,0.4412166607621843,0.46819171010678673,0.5013411609899282,0.4354471380130581,0.3908092514803369,0.431600789513639
106.40499624631526,10.932946165376636,0.48636064578166993,0.38033301280429194,0.4176324712789102,0.5175363125664251,0.46606609646237107,0.4127739258059623,0.37112202034515884
106.40499624631526,10.950912471059029,0.5167265549876009,0.3897970545068064,0.46520572903486895,0.46267523660104193,0.5134369148236237,0.41631661521331975,0.3985019484791735
106.40499624631526,10.968878776741418,0.42826053950098597,0.44764411154410677,0.4065489144187453,0.3703628726150097,0.37724581203502194,0.3531555240649834,0.37021104306898056
106.40499624631526,10.986845082423809,0.5711321423148938,0.5472949035882386,0.4883850397287309,0.5479528316210328,0.520370464092312,0.5510400323903029,0.5136899640670076
106.40499624631526,11.004811388106198,0.5906169340553666,0.47644111544106466,0.4190495470418528,0.5490156384432402,0.48727162305784655,0.4724935472442933,0.4814008806113665
106.40499624631526,11.022777693788589,0.5597449263626698,0.4417227592489489,0.3632774938002931,0.5297332860974743,0.4581203502201523,0.45275570626043854,0.43281542588187727
106.40499624631526,11.04074399947098,0.5772559340047578,0.497292373095804,0.4483020395769009,0.5530644263373637,0.42998127435598876,0.45275570626043854,0.41682271370008583
106.40499624631526,11.05871030515337,0.5770534946100503,0.4540715623260288,0.47547952831620943,0.5364137861227788,0.451237410800142,0.46292828584442497,0.4128245356546384
106.40499624631526,11.07667661083576,0.522647907282756,0.46206791841692363,0.397186092413583,0.5260387671440858,0.44526544865630785,0.4661673161597241,0.4349410395262904
106.40499624631526,11.09464291651815,0.5298851156435035,0.3613543195505844,0.41287514550331444,0.48595576699225607,0.4487069183663131,0.4004251227288822,0.3442481906979086
106.40499624631526,11.11260922220054,0.617136494761881,0.3731970241408984,0.42218735765980064,0.45791791082544625,0.471531960119439,0.463181335087808,0.38655802419150725
106.40499624631526,11.130575527882932,0.4584240093122123,0.26499316767042697,0.41297636520066666,0.4654081684295767,0.4244141910015685,0.38696290298091945,0.3506250316311547
106.40499624631526,11.14854183356532,0.42492028948833455,0.31798167923477927,0.35497747861733825,0.4217824788703876,0.3777013006731102,0.3658585960827979,0.3645427400172066
106.40589456159938,10.519721134681657,0.5134875246723001,0.45042765322131595,0.5183460701452502,0.4467837441166044,0.45680449415456187,0.42583126676451283,0.40002024393947
106.42296255199766,10.66345158014078,0.5466369755554432,0.5336302444455687,0.3509286907232147,0.6028645174350928,0.545422339187205,0.49617895642491966,0.4107495318588997
106.42296255199766,10.681417885823173,0.42259223644921196,0.468545979047522,0.3727415355028084,0.4860569866896083,0.3557872361961643,0.3903031529935725,0.33756769067260417
106.42296255199766,10.699384191505562,0.4637886532719263,0.4788703881775397,0.44005263424262303,0.5213826610658425,0.43210688800040337,0.40508122880712566,0.34971405435497815
106.42296255199766,10.825148331282294,0.4679386608634037,0.44157092970291956,0.4381800698415895,0.5224454678880501,0.371577508983248,0.45933498658839056,0.3453616073687938
106.42296255199766,10.914979859694249,0.4037147628928591,0.37668910369957975,0.356900652867047,0.38433119084973855,0.35482564907130826,0.334328660357305,0.3056328761576999
106.42296255199766,10.932946165376636,0.505541778430082,0.5406144035629329,0.4997216458322788,0.5844425325168267,0.45680449415456187,0.43210688800040337,0.42370565312009634
106.42296255199766,10.950912471059029,0.48757528214990564,0.40665013411609835,0.3922263272432812,0.4368136039273238,0.44870691836631393,0.35092869072321387,0.39045498253960165
106.42296255199766,11.07667661083576,0.4993673768915436,0.2779492889316253,0.4280581001062807,0.4849435700187256,0.43807885014423736,0.4079659901816896,0.34333721342173035
106.42296255199766,11.11260922220054,0.42405992206083243,0.27967002378662964,0.4399008046965939,0.3917708386051921,0.283010273799281,0.39526291816387427,0.29353712232400464
106.42386086728176,10.358024383540142,0.41014221367478054,0.4189483273445015,0.49759603218786397,0.3673768915430936,0.41510197884508315,0.3785616681006107,0.3544207702818969
106.42386086728176,10.375990689222531,0.4089275773065431,0.4495672857938153,0.4350928690723212,0.44992155473455053,0.37522141808795934,0.39637633483475865,0.39101169087504467
106.42386086728176,10.393956994904924,0.4388886077230634,0.4113568500430179,0.46702768358722546,0.4476441115441057,0.3994129257553517,0.480085024545776,0.35437016043321995
106.42386086728176,10.411923300587317,0.4399008046965939,0.4144946606609649,0.5295814565514435,0.4978996912799223,0.44141910015688957,0.46682524419251936,0.40346171364947525
106.42386086728176,10.429889606269704,0.5300875550382096,0.39840072878182126,0.4928387064122683,0.4757831874082694,0.46105572144339174,0.4560959562730897,0.3337213421731859
106.42386086728176,10.447855911952097,0.4739106230072368,0.46024596386456884,0.42745078192216157,0.38640619464547726,0.4269446834353955,0.4718356192114981,0.29242370565311854
106.42386086728176,10.465822217634486,0.47143074042208594,0.4423300774330687,0.4477959410901348,0.4492130168530792,0.42962700541525334,0.4621691381142767,0.39799584999240906
106.42386086728176,10.483788523316877,0.43883799787438665,0.5275570626043826,0.48276734652563386,0.5027076269041949,0.4752264790728273,0.47735209271724294,0.3678323801811827
106.42386086728176,10.501754828999266,0.431297130421579,0.5005314034111031,0.5459790475226471,0.5092362973834702,0.4588288881016245,0.4334733539146708,0.426236145553925
106.42386086728176,10.519721134681657,0.4645984108507515,0.4553874183916192,0.4395971456045339,0.548357710410445,0.5349967103598344,0.5155119186193642,0.47163317981679204
106.42386086728176,10.537687440364047,0.537375373247634,0.4974948124905101,0.5738144642947517,0.5813047218988814,0.5039222632724315,0.5826711878131479,0.5309479224657109
106.42386086728176,10.555653746046438,0.5172832633230421,0.4280581001062807,0.5614656612176725,0.451338630497494,0.49638139581962576,0.48479174047269646,0.4019434181891804
106.42386086728176,10.573620051728827,0.33119084973935803,0.45928437673971384,0.5296826762487974,0.3753226377853132,0.3080115390454978,0.4148489296017001,0.3573055316564592
106.42386086728176,10.591586357411218,0.42724834252745547,0.4932435852016796,0.5424363581152888,0.4158105167265545,0.4127739258059623,0.4405587327293882,0.36469456956323576
106.42386086728176,10.60955266309361,0.45427400172073484,0.5199655853028998,0.3866086340401842,0.425122728883039,0.5149046004352442,0.4670782934359024,0.36312566425426396
106.42386086728176,10.627518968776,0.5843413128194744,0.4198593046206789,0.49901310795080667,0.4306898122374607,0.4908143124652057,0.4962295662735964,0.345057948276733
106.42386086728176,10.64548527445839,0.5296826762487974,0.49486310035932923,0.4129763652006675,0.5107545928437668,0.5184472898426034,0.4506300926160235,0.39445316058505014
106.42386086728176,10.717350497187953,0.4906624829191765,0.47978136545371775,0.38706412267827334,0.5509388126929489,0.471886229060175,0.4695075661723764,0.45761425173338793
106.42386086728176,10.735316802870342,0.4951161496027131,0.48575332759754997,0.46647097525178327,0.5150564299812733,0.4608532820486854,0.4281087099549568,0.37830861885722933
106.42386086728176,10.753283108552733,0.3268384027531745,0.32395364137861227,0.3329621944430376,0.36520066805000184,0.3054810466116698,0.3686421377600079,0.28290905410192724
106.42386086728176,10.771249414235124,0.43382762285540605,0.39445316058505014,0.3477908801052686,0.4150007591477301,0.3775494711270819,0.4227946758439198,0.3420719672048177
106.42386086728176,10.789215719917513,0.44465813047218955,0.34920795586821124,0.37385495217369275,0.4478465509388118,0.3795738650741428,0.46308011539045413,0.3613543195505844
106.42386086728176,10.807182025599904,0.7739258059618407,0.7607672453059362,0.7597550483324059,0.7958904802874643,0.7298952376132394,0.7693709195809494,0.7318690217116242
106.42386086728176,10.843114636964684,0.48615820638696217,0.4469861835113113,0.4722911078495872,0.37623361506149144,0.4349410395262912,0.38306594463282506,0.3721342173186893
106.42386086728176,10.861080942647074,0.5518497899691271,0.47887038817753863,0.5240143731970234,0.610557214433928,0.5422339187205819,0.454577660812794,0.4818563692494556
106.42386086728176,10.879047248329464,0.6419353206133906,0.5511412520876559,0.5155119186193633,0.557720532415608,0.4988612784047775,0.516928994382306,0.5137405739156837
106.42386086728176,10.897013554011856,0.5328204868667443,0.5594412672706098,0.5550888202844272,0.6283212713193987,0.580343134774027,0.5254820588086447,0.5239131534996712
106.42386086728176,10.968878776741418,0.5737132445973987,0.45548863808897144,0.4969887140037442,0.5229009565261391,0.505238119338022,0.5330229262614504,0.4969887140037442
106.42386086728176,10.986845082423809,0.45007338428058047,0.43726909256541235,0.34505794827673464,0.4708740320866429,0.40123488030770654,0.4238068728174502,0.37319702414089756
106.42386086728176,11.004811388106198,0.6368743357457358,0.5038716534237563,0.42836175919833985,0.5587327293891394,0.5091350776861165,0.49329419505035593,0.4189483273445006
106.42386086728176,11.022777693788589,0.47714965332253684,0.37512019839060545,0.34450123994129245,0.4498203350371975,0.3668707930563275,0.36216407712940873,0.38696290298091945
106.42386086728176,11.04074399947098,0.4925856571688844,0.4126727061086084,0.4545776608127948,0.5287716989726191,0.39035376284224776,0.4757831874082694,0.3669720127536814
106.42386086728176,11.05871030515337,0.5889974188977171,0.3959714560453456,0.4025001265246209,0.5094387367781763,0.474163672250619,0.4633837744825141,0.4119135583784593
106.42386086728176,11.09464291651815,0.49132041095197176,0.2695986638999935,0.35249759603218733,0.49911432764815883,0.31519813755756826,0.3444506300926164,0.3534085733083656
106.42386086728176,11.130575527882932,0.4314489599676082,0.28331393289133927,0.3093780049597643,0.448200819879547,0.4000708537881461,0.3804848423503211,0.33655549369907367
106.42386086728176,11.14854183356532,0.4362568955918825,0.3725390961081015,0.3876714408623916,0.5030618958449302,0.44931423655043307,0.37102080064780496,0.34698112252644336
106.44092885768003,10.411923300587317,0.5164735057442177,0.5941596234627259,0.4973429829444801,0.4780100207500381,0.4867655245710811,0.5220911989473147,0.3818006984159107
106.44092885768003,10.429889606269704,0.6345968925552911,0.4408117819727721,0.5418796497798466,0.47512525937547356,0.4935978541424157,0.5194594868161339,0.47628928589503466
106.44092885768003,10.447855911952097,0.5264436459334982,0.47669416468444686,0.5110582519358268,0.5030618958449302,0.4583227896148584,0.466116706311048,0.45189533883293703
106.44092885768003,10.789215719917513,0.3361506149096615,0.374361050660458,0.3885824181385682,0.30831519813755776,0.45543802824029467,0.40563793714256785,0.42193430841641844
106.44092885768003,10.807182025599904,0.4908649223138826,0.5028594564502249,0.5005820132597795,0.49719115339845094,0.4852978389594608,0.4683435396528159,0.4848929601700487
106.44092885768003,11.004811388106198,0.5536211346728067,0.3706665317070697,0.42846297889569374,0.5339339035376278,0.43595323649982254,0.4224910167518589,0.42309833493597804
106.44092885768003,11.04074399947098,0.47745331241459615,0.43554835771041034,0.4792246571182747,0.5109064223897976,0.4317020092109912,0.4914216306493239,0.4491117971557253
106.44182717296415,10.358024383540142,0.3985019484791735,0.4496178956424914,0.2809858798522184,0.30472189888152157,0.3909104711776908,0.3827622855407659,0.38615314540209505
106.44182717296415,10.375990689222531,0.41550685763449535,0.3240042512272892,0.42259223644921196,0.46409231236398624,0.3912647401184269,0.4164178349106719,0.32845791791082496
106.44182717296415,10.393956994904924,0.4539197327799988,0.42583126676451283,0.3891391264740112,0.44774533124145877,0.4426337365251278,0.45397034262867486,0.3726909256541323
106.44182717296415,10.465822217634486,0.5356546383926296,0.5261399868414399,0.5140442330077437,0.5232046156181991,0.48236246773622166,0.5212814413684903,0.3849891188825338
106.44182717296415,10.483788523316877,0.5013411609899282,0.4407105622754182,0.4732526949744408,0.5044789716078745,0.4681411002581098,0.4477959410901348,0.44668252441925216
106.44182717296415,10.501754828999266,0.5410698922010223,0.3711726301938341,0.49617895642491966,0.5392479376486657,0.4654081684295767,0.4880813806366717,0.41611417581861365
106.44182717296415,10.519721134681657,0.425122728883039,0.32795181942406054,0.4636874335745741,0.42826053950098597,0.3801811832582628,0.3836732628169433,0.3885318082898929
106.44182717296415,10.537687440364047,0.29910420567842466,0.2700541525380843,0.3202591224252241,0.334328660357305,0.26438584948631033,0.27379928134014786,0.2610455994736573
106.44182717296415,10.555653746046438,0.41575990687787756,0.4455184978996909,0.47725087301988905,0.4506300926160235,0.42800749025760376,0.44804899033351875,0.39587023634799257
106.44182717296415,10.573620051728827,0.33473353914671716,0.29434687990282893,0.46530694873222284,0.4196568652259728,0.368743357457361,0.31813350878080915,0.32562376638493795
106.44182717296415,10.591586357411218,0.6381901918113271,0.6131383167164319,0.6075206235133349,0.5606052937901712,0.5654638392631209,0.6076218432106886,0.42355382357406635
106.44182717296415,10.60955266309361,0.4206184523508272,0.44718862290601824,0.4555898577863236,0.4109013614049288,0.4540715623260279,0.4928387064122683,0.35791284984057914
106.44182717296415,10.627518968776,0.6368743357457367,0.4562983956677975,0.4852472291107848,0.44673313426792766,0.5470924641935314,0.5487119793511802,0.37663849385090364
106.44182717296415,10.64548527445839,0.3095298345057941,0.35568601649881043,0.2903993117060577,0.3103395920846186,0.26438584948631033,0.2948529783895942,0.2538083911129107
106.44182717296415,10.66345158014078,0.5597449263626698,0.5175363125664251,0.4555898577863245,0.4805911230325421,0.5132850852775954,0.45138924034617095,0.365858596082797
106.44182717296415,10.681417885823173,0.5349967103598361,0.5236601042562882,0.3922263272432812,0.4289690773824581,0.4505288729186696,0.4396983653018878,0.3526494255782173
106.44182717296415,10.699384191505562,0.41388734247684494,0.47947770636165754,0.4311959107242268,0.46490206994281064,0.42365504327142023,0.41793613037097016,0.4306898122374607
106.44182717296415,10.717350497187953,0.49577407763550746,0.4701654942051726,0.43893921757173865,0.4350928690723206,0.43038615314540074,0.4238574826661255,0.4413684903082145
106.44182717296415,10.735316802870342,0.5098436155675902,0.4969887140037442,0.4367123842299708,0.4763398957437108,0.4813502707626895,0.5026570170555188,0.48666430487372825
106.44182717296415,10.753283108552733,0.5055923882787589,0.4609545017460393,0.3827116756920898,0.48625942608431605,0.5424363581152897,0.4691532972316403,0.43630750544055863
106.44182717296415,10.771249414235124,0.6260438281289549,0.5860620476744771,0.6118730704995182,0.6297889569310183,0.5731565362619565,0.608937699276279,0.5264436459334982
106.44182717296415,10.825148331282294,0.4703679335998785,0.4440002024393935,0.4257806569158361,0.4874740624525526,0.42107394098891543,0.3941495014929908,0.4180879599169993
106.44182717296415,10.843114636964684,0.38488789918518074,0.4728984260337055,0.42385748266612716,0.46712890328457934,0.39450377043372603,0.42684346373804327,0.3999190242421161
106.44182717296415,10.861080942647074,0.4314995698162851,0.3416164785667277,0.402550736373297,0.4126727061086084,0.3922263272432812,0.4052330583531548,0.32182802773419744
106.44182717296415,10.879047248329464,0.5587327293891377,0.5371729338529279,0.34303355432967203,0.5459790475226471,0.4273495622248077,0.42593248646186505,0.4442532516827765
106.44182717296415,10.897013554011856,0.5507869831469198,0.5040740928184624,0.4786173389341564,0.5976010931727311,0.506199706462878,0.42699529328407243,0.40305683486006305
106.44182717296415,10.914979859694249,0.5599473657573759,0.5035679943316963,0.4381294599929143,0.5547851611923681,0.5472949035882386,0.4650538994888398,0.47714965332253684
106.44182717296415,10.932946165376636,0.6719975707272632,0.47431550179664816,0.47198744875752896,0.5281643807885008,0.4001720734854994,0.43230932739511135,0.39915987651196866
106.44182717296415,10.950912471059029,0.49800091097727617,0.5011387215952231,0.48352649425578215,0.5277595019990886,0.48873930866946697,0.43706665317070686,0.39799584999240906
106.44182717296415,10.968878776741418,0.694670782934359,0.5025051875094897,0.5592388278759037,0.6692646388987292,0.6125816083809904,0.6089376992762782,0.44728984260337046
106.44182717296415,10.986845082423809,0.5646034718356194,0.46287767599574803,0.39627511513740643,0.512880206488183,0.5172326534743651,0.49111797155726566,0.4650032896401645
106.44182717296415,11.022777693788589,0.5351485399058653,0.3821549673566468,0.4310946910268746,0.5786730097677004,0.43650994483526384,0.45741181233868017,0.4027531757680048
106.44182717296415,11.05871030515337,0.4632825547851619,0.39865377802520346,0.44759350169543044,0.43316969482261164,0.4192013765878828,0.4373197024140899,0.3960220658940234
106.44182717296415,11.07667661083576,0.4460752062351324,0.3418189179614355,0.37122324004251106,0.5099954451136176,0.3302292626145045,0.41980869477200194,0.3631256642542631
106.44182717296415,11.09464291651815,0.5270509641176173,0.38503972873121073,0.3981982893871143,0.5422845285692597,0.4671795131332548,0.4980515208259531,0.3849891188825338
106.44182717296415,11.11260922220054,0.5080216610152338,0.46272584644971887,0.3987043878738796,0.5723973885318082,0.5220911989473147,0.4528569259577922,0.45660205475985577
106.44182717296415,11.130575527882932,0.47391062300723596,0.396882433321523,0.3384786679487824,0.44754289184675183,0.4325117667898173,0.4275013917708385,0.40325927425476915
106.44182717296415,11.14854183356532,0.36236651652411483,0.28862796700237886,0.24778581912040062,0.3868110734348903,0.32785059972670666,0.34434941039526246,0.3267371830558223
106.45889516336244,10.358024383540142,0.5556961384685448,0.4873222329065235,0.5588339490864915,0.6078242826053947,0.4926362670175607,0.5238119338023182,0.4680398805607559
106.45889516336244,10.375990689222531,0.4540715623260288,0.33291158459436065,0.368743357457361,0.4594362062857428,0.42613492585657115,0.4389392175717395,0.3511311301179208
106.45889516336244,10.393956994904924,0.5166253352902468,0.45012399412925747,0.44789716078748876,0.46702768358722546,0.4151019788450823,0.43296725542790554,0.3397945240143729
106.45889516336244,10.411923300587317,0.5197631459081938,0.4673313426792846,0.3819019181132654,0.45776608127941537,0.43230932739511135,0.4509337517080818,0.36884457715471486
106.45889516336244,10.429889606269704,0.5084771496533211,0.47806063059871506,0.4900045548863796,0.48479174047269563,0.4767447745331238,0.514297282251125,0.39339035376284165
106.45889516336244,10.447855911952097,0.6501847259476694,0.5368692747608679,0.4752264790728266,0.5407156232602862,0.5153094792246564,0.5423857482666127,0.5526595475479515
106.45889516336244,10.465822217634486,0.5579735816589902,0.43615567589452864,0.4748722101320912,0.46753378207399154,0.47947770636165754,0.48636064578166993,0.4350928690723212
106.45889516336244,10.483788523316877,0.5647046915329716,0.5133863049749476,0.5249253504732017,0.528265600485853,0.5146009413431859,0.48094539197327735,0.4415203198542426
106.45889516336244,10.501754828999266,0.5031125056936071,0.5701705551900396,0.5461814869173532,0.5226985171314328,0.47725087301988905,0.494610051115947,0.40477756971506573
106.45889516336244,10.519721134681657,0.5685510400323908,0.5544815021003081,0.4531605850498505,0.5047826306999345,0.5160686269548055,0.4415203198542443,0.43483981982893816
106.45889516336244,10.537687440364047,0.44728984260337046,0.3355432967255424,0.43357457361202384,0.4365605546839408,0.4017409787944726,0.4377751910521782,0.3722860468647193
106.45889516336244,10.555653746046438,0.5278101118477645,0.3636317627410283,0.5495217369300063,0.39354218330887164,0.39247937648666426,0.4816539298547493,0.33766891036995805
106.45889516336244,10.573620051728827,0.4454172782023387,0.4203147932587672,0.3655043271420601,0.3608482210638183,0.39576901665064035,0.4775039222632721,0.3409079406852572
106.45889516336244,10.591586357411218,0.48362771395313514,0.4612581608380976,0.4673313426792837,0.40771294093830573,0.38883546738195124,0.463029505541778,0.3686421377600079
106.45889516336244,10.60955266309361,0.5967407257452297,0.44749228199807634,0.4479983804848418,0.42942456602054724,0.4341312819474677,0.4155574674831725,0.3706159218583936
106.45889516336244,10.627518968776,0.49425578217521093,0.44526544865630785,0.4845893010779893,0.4418239789463026,0.4906118730704996,0.475125259375474,0.2989017662837178
106.45889516336244,10.64548527445839,0.6319651804241101,0.5086289791993519,0.4595374259830958,0.5789766688597604,0.4842856419859304,0.4612581608380976,0.3984007287818196
106.45889516336244,10.66345158014078,0.6118730704995182,0.5297332860974743,0.31793106938610305,0.5449668505491164,0.5654638392631199,0.48985272534035046,0.43499164937496815
106.45889516336244,10.681417885823173,0.6399109266663298,0.6592438888607709,0.5172832633230421,0.668606710865934,0.6863707677514042,0.5598461460600237,0.6009413431853842
106.45889516336244,10.699384191505562,0.5448656308517636,0.42299711523862416,0.3214231489447844,0.5178399716584836,0.4527557062604375,0.3745634900551641,0.30568348600637696
106.45889516336244,10.717350497187953,0.4877777215446126,0.44152031985424345,0.4366617743812949,0.5269497444202634,0.4492130168530792,0.4386861683283556,0.3347841489953941
106.45889516336244,10.735316802870342,0.47720026317121295,0.44278556607115777,0.4505288729186696,0.4752264790728273,0.40685257351080545,0.39698365301887695,0.41515258869375926
106.45889516336244,10.753283108552733,0.47998380484842235,0.5046814110025806,0.5099448352649424,0.49901310795080667,0.4723923275469411,0.5258869375980568,0.394655599979756
106.45889516336244,10.771249414235124,0.588390100713598,0.5622754187964969,0.47254415709296943,0.5391973277999896,0.4934966344450618,0.5836327749380023,0.5012399412925753
106.45889516336244,10.789215719917513,0.44890935776102087,0.3700592135229514,0.38645680449415337,0.40437269092565353,0.37653727415354976,0.3745634900551649,0.3119591072422691
106.45889516336244,10.807182025599904,0.5190546080267217,0.35791284984057914,0.3618604180373505,0.3559896755908687,0.3626701756161748,0.4123690470165484,0.4061946454780092
106.45889516336244,10.825148331282294,0.5420314793258766,0.5369704944582201,0.5081228807125858,0.5166253352902468,0.5274558429070286,0.5140948428564198,0.5202692443949598
106.45889516336244,10.843114636964684,0.49617895642491966,0.5426387975099949,0.5069082443443484,0.4776557518093029,0.4999240852269849,0.4847411306240187,0.460347183561921
106.45889516336244,10.861080942647074,0.5149552102839203,0.5425375778126419,0.44728984260337046,0.5532162558833945,0.4586264487069167,0.46864719874487504,0.44491117971557176
106.45889516336244,10.879047248329464,0.590920593147425,0.43868616832835644,0.5031631155422841,0.43630750544055863,0.43291664557922943,0.480085024545776,0.40098183106432433
106.45889516336244,10.897013554011856,0.45660205475985577,0.4015385393997665,0.40336049395212137,0.4548307100561762,0.39617389544005255,0.3554329672554274,0.39652816438078864
106.45889516336244,10.914979859694249,0.46864719874487504,0.46955817602105243,0.379978743863555,0.5361607368793972,0.4366617743812949,0.48129966091401255,0.40902879700389533
106.45889516336244,10.932946165376636,0.657421934308416,0.725795839870438,0.616630396275114,0.6706817146616727,0.7120805708790923,0.6641024343337205,0.6824231995546328
106.45889516336244,10.950912471059029,0.42299711523862416,0.391568399210486,0.47978136545371686,0.5370211043068979,0.49344602459638487,0.3923275469406351,0.44728984260337046
106.45889516336244,10.968878776741418,0.43575079710511644,0.3901007135988666,0.303051773875196,0.40103244091300216,0.3997165848474117,0.3668201832076506,0.3873677817703316
106.45889516336244,10.986845082423809,0.43023432359937164,0.3678323801811827,0.42502150918568676,0.49385090338579873,0.4231995546333311,0.4266916341920133,0.40325927425476915
106.45889516336244,11.004811388106198,0.5192064375727516,0.40568854699124396,0.42846297889569374,0.5407156232602855,0.4409130016701243,0.4442532516827774,0.42643858494863024
106.45889516336244,11.022777693788589,0.5923376689103693,0.49466066096462313,0.4737081836125316,0.5810010628068214,0.5014423806872814,0.5153600890733333,0.4819069790981325
106.45889516336244,11.04074399947098,0.5566577255934007,0.4114580697403718,0.38392631206032635,0.506250316311554,0.4547801002074995,0.45518497899691146,0.44278556607115693
106.45889516336244,11.05871030515337,0.6591426691634187,0.4594362062857428,0.5153094792246564,0.5624778581912047,0.5350979300571892,0.4843362518346065,0.397186092413583
106.45889516336244,11.07667661083576,0.5007338428058103,0.43418189179614297,0.37653727415354976,0.5038716534237563,0.41201477807581316,0.3896958348094542,0.37577812642340064
106.45889516336244,11.09464291651815,0.6816134419758076,0.5455741687332357,0.2757730654385335,0.4956728579381536,0.5076167822258215,0.4985576193127175,0.34364087251379033
106.45889516336244,11.11260922220054,0.4119135583784593,0.34536160736879296,0.3145402095247731,0.40609342578065616,0.43261298648716945,0.4729996457310594,0.35973480439293565
106.45889516336244,11.130575527882932,0.4724429373956164,0.3936434030062255,0.28402247077281145,0.49304114580697267,0.4290702970798103,0.42340199402803635,0.3521939369401282
106.45889516336244,11.14854183356532,0.426236145553925,0.37572751657472536,0.47218988815223356,0.44410142213674825,0.3726909256541323,0.4020446378865326,0.3733488536869278
106.47686146904483,10.358024383540142,0.45508375929955924,0.46009413431853796,0.37400678171972274,0.42411053190950937,0.4217824788703876,0.42330077433068414,0.3678323801811827
106.47686146904483,10.375990689222531,0.5224960777367269,0.48054051318386515,0.5232552254668752,0.5750291006629874,0.42613492585657115,0.4632825547851619,0.3878738802570977
106.47686146904483,10.393956994904924,0.543347335391468,0.4529581456551444,0.45452705096411705,0.4901057745837335,0.474467331342679,0.45928437673971384,0.36869274760868403
106.47686146904483,10.411923300587317,0.5879852219241858,0.46383926312060325,0.5383369603724883,0.5521028392125102,0.47350574421782377,0.5785211802216713,0.3921757173946043
106.47686146904483,10.429889606269704,0.4922313882281483,0.4804899033351882,0.41530441823978925,0.6211852826560053,0.4480996001821948,0.4663191457057548,0.4100409939774275
106.47686146904483,10.447855911952097,0.5862644870691832,0.500632623108457,0.48575332759754997,0.4712789108760553,0.43372640315805383,0.4477959410901348,0.44769472139278266
106.47686146904483,10.465822217634486,0.5556961384685448,0.4088769674578664,0.5133863049749476,0.5259375474467329,0.480085024545776,0.47659294498709465,0.47380940330988375
106.47686146904483,10.483788523316877,0.6228047978136539,0.5432461156941132,0.4680398805607559,0.46161242977883454,0.4875752821499065,0.5025557973581658,0.4137861227794927
106.47686146904483,10.501754828999266,0.5552912596791324,0.5753833696037244,0.5281643807885008,0.4806417328812182,0.5158155777114216,0.4486056986689609,0.4478465509388118
106.47686146904483,10.519721134681657,0.3808897211397333,0.33620122475833764,0.47461916088870815,0.3840275317576794,0.34839819828938773,0.3384786679487824,0.38878485753327596
106.47686146904483,10.537687440364047,0.6035224454678881,0.4377751910521774,0.5403613543195501,0.4503264335239635,0.42340199402803635,0.568652259729743,0.47218988815223356
106.47686146904483,10.555653746046438,0.5219393694012855,0.5148033807378903,0.5107039829950907,0.5054405587327297,0.4634849941798665,0.4918265094387361,0.4247178500936268
106.47686146904483,10.591586357411218,0.6310035932992549,0.4809960018219543,0.4787691684801856,0.3713750695885419,0.3289640163975893,0.3701604332203053,0.35760919074851916
106.47686146904483,10.60955266309361,0.7567690672604881,0.6280176122273388,0.6508426539804647,0.5690571385191552,0.5642998127435594,0.5223948580393747,0.4584240093122123
106.47686146904483,10.627518968776,0.6208310137152683,0.7073232451034974,0.6608634040184213,0.6389999493901517,0.6468950857836941,0.6222986993268879,0.6022065894022977
106.47686146904483,10.64548527445839,0.5853535097930057,0.5482058808644158,0.4734045245204716,0.5280125512424708,0.540108305076167,0.5140948428564198,0.5175869224151012
106.47686146904483,10.66345158014078,0.5456247785819118,0.5008350625031615,0.4617136494761876,0.4583227896148584,0.5816083809909414,0.45346424414190883,0.3303304823118576
106.47686146904483,10.681417885823173,0.35199149754542214,0.32582620577964405,0.29910420567842466,0.3293688951870032,0.2826560048585441,0.2872615010881107,0.3249658383521427
106.47686146904483,10.699384191505562,0.5204210739409892,0.48362771395313514,0.5046814110025806,0.4364593349865886,0.46196669871957124,0.43534591831570424,0.380434232501645
106.47686146904483,10.717350497187953,0.4928387064122683,0.4537679032339688,0.475125259375474,0.44850447897160783,0.4399008046965939,0.42102333114024015,0.3992104863606456
106.47686146904483,10.735316802870342,0.4732020851257655,0.5136899640670076,0.43554835771041034,0.46353560402854327,0.46090389189736236,0.47704843362518295,0.471683789665469
106.47686146904483,10.753283108552733,0.46996305481046463,0.36702262260235835,0.43397945240143687,0.4661167063110472,0.4091300167012492,0.3996153651500578,0.3370615921858389
106.47686146904483,10.843114636964684,0.6162255174857018,0.5195607065134868,0.4877777215446126,0.5340351232349809,0.5688040892757721,0.46702768358722546,0.5049850700946406
106.47686146904483,10.861080942647074,0.5132850852775938,0.46044840325927405,0.4722911078495872,0.47553013816488643,0.4236044334227441,0.45670327445720965,0.4165696644567028
106.47686146904483,10.879047248329464,0.5385900096158706,0.44081178197277043,0.5081228807125858,0.46601548661369496,0.4649526797914876,0.4192519864365606,0.46996305481046463
106.47686146904483,10.897013554011856,0.7392074497697247,0.6920896806518543,0.6654182903993109,0.7519611316362153,0.6643048737284283,0.6399109266663289,0.6514499721645821
106.47686146904483,10.914979859694249,0.4594362062857428,0.4002732931828522,0.43038615314540074,0.44496178956424953,0.37744825142972716,0.5160180171061285,0.6005364643959703
106.47686146904483,10.932946165376636,0.42330077433068414,0.42613492585657115,0.44749228199807634,0.47704843362518295,0.42016296371273887,0.36469456956323576,0.41034465306948664
106.47686146904483,10.968878776741418,0.4354977478617334,0.38468545979047547,0.44055873272938906,0.482919176071663,0.45639961536514884,0.3911129105723969,0.4288678576851042
106.47686146904483,10.986845082423809,0.5491168581405941,0.3658585960827979,0.39121413026974905,0.5172326534743665,0.49248443747153137,0.4294751758692225,0.44374715319601216
106.47686146904483,11.004811388106198,0.411559289437724,0.3593299256035218,0.4531605850498497,0.5531656460347176,0.5051875094893467,0.47401184270458985,0.4217824788703876
106.47686146904483,11.022777693788589,0.47527708892150444,0.38210435750797067,0.3389847664355485,0.39374462270357774,0.39308669467078255,0.39131534996710293,0.3683384786679488
106.47686146904483,11.07667661083576,0.5800900855306431,0.4636874335745741,0.4101422136747797,0.546080267220001,0.49207955868211917,0.44648008502454606,0.4347386001315851
106.47686146904483,11.09464291651815,0.6956829799078903,0.4238068728174502,0.26352548205880755,0.5831772862999139,0.460347183561921,0.4960777367275666,0.4566526646085327
106.47686146904483,11.11260922220054,0.5168783845336299,0.4808947821246004,0.3255225466875849,0.510855812541119,0.4623715775089836,0.4421276380383611,0.3619616377347035
106.47686146904483,11.130575527882932,0.5965382863505236,0.5046814110025806,0.35421833088718996,0.5092362973834702,0.44400020243939436,0.44911179715572613,0.36439091047117744
106.47686146904483,11.14854183356532,0.41085075155625184,0.37248848625942454,0.32931828533832624,0.4882838200313772,0.40325927425476915,0.39374462270357774,0.37729642188369716
106.47775978432897,10.573620051728827,0.3816488688698824,0.3978946302950552,0.4500227744319035,0.4238068728174502,0.39708487271623083,0.4531605850498505,0.340250012652462
106.47775978432897,10.771249414235124,0.47755453211194904,0.5978541424161133,0.6204767447745331,0.582721797661824,0.6014980515208255,0.5039222632724324,0.5035679943316963
106.47775978432897,10.789215719917513,0.6706817146616727,0.537375373247634,0.5491168581405932,0.5874791234374197,0.6063059871450973,0.5466875854041193,0.4709752517839968
106.47775978432897,10.807182025599904,0.5904651045093366,0.40913001670125004,0.4318032289083451,0.5328204868667443,0.5386406194645467,0.5239131534996712,0.4663191457057548
106.47775978432897,10.825148331282294,0.5642998127435594,0.4468343539652807,0.437370312262766,0.49997469507566206,0.4801862442431299,0.436965433473353,0.41540563793714314
106.47775978432897,10.950912471059029,0.5273546232096765,0.39607267574269867,0.41915076673920754,0.48221063819019083,0.44081178197277043,0.41960625537729584,0.39445316058505014
106.47775978432897,11.04074399947098,0.5212814413684903,0.46621792600840106,0.35467381952527827,0.46743256237663744,0.39657877422946475,0.4354977478617334,0.40624525532668615
106.47775978432897,11.05871030515337,0.5971456045346419,0.3762336150614898,0.34698112252644336,0.4292727364745181,0.46976061541576025,0.4140897818715527,0.3756262968773715
106.4948277747272,10.861080942647074,0.5861632673718292,0.5143985019484784,0.5910218128447788,0.5524571081532463,0.5276076724530595,0.5236094944076112,0.5359582974846913
106.49572609001132,10.358024383540142,0.46308011539045413,0.3806872817450272,0.40457513032035963,0.46510450933751674,0.4195556455286189,0.4105470924641936,0.3575079710511653
106.49572609001132,10.375990689222531,0.5066551951009662,0.5183460701452492,0.44632825547851607,0.4178349106736163,0.40528366820183176,0.40751050154360047,0.3834202135735605
106.49572609001132,10.393956994904924,0.5635406650134112,0.5432461156941141,0.4893972367022613,0.545270509641175,0.4782630699934195,0.48717040336049433,0.4009312212156483
106.49572609001132,10.411923300587317,0.6074194038159825,0.49162407004403,0.5337820739915978,0.637380434232501,0.46394048281795625,0.5017460397793406,0.49056126322182264
106.49572609001132,10.429889606269704,0.6101523356445164,0.49708993370109794,0.49319297535300266,0.49536919884609526,0.45412217217470574,0.45979047522647887,0.506047876916848
106.49572609001132,10.447855911952097,0.47558074801356337,0.43615567589452864,0.4492130168530792,0.511969229212005,0.4250215091856878,0.46267523660104193,0.47198744875752724
106.49572609001132,10.465822217634486,0.4850953995647548,0.36135431955058356,0.44010324409129997,0.4013361000050604,0.40913001670125004,0.45397034262867486,0.3267371830558223
106.49572609001132,10.483788523316877,0.4162153955159667,0.4049800091097735,0.4681411002581098,0.45801913052279924,0.4218836985677415,0.40325927425476915,0.4311959107242268
106.49572609001132,10.501754828999266,0.483071005617693,0.331798167923478,0.4569057138519141,0.45528619869426534,0.42704590313274937,0.41444405081228797,0.348701857381446
106.49572609001132,10.519721134681657,0.4195556455286189,0.48200819879548473,0.5194594868161339,0.45822156991750473,0.4483020395769009,0.46105572144339174,0.39637633483475865
106.49572609001132,10.537687440364047,0.5434991649374962,0.49708993370109794,0.5278101118477645,0.3953641378612282,0.41996052431803277,0.5426387975099949,0.4680398805607576
106.49572609001132,10.555653746046438,0.5907181537527197,0.49658383521433186,0.5712839718609238,0.5022521382661058,0.4941545624778587,0.6288779796548402,0.5103497140543546
106.49572609001132,10.573620051728827,0.7268586466926463,0.5177387519611312,0.5096411761728822,0.46439597145604455,0.4410648312161543,0.49213016853079444,0.36074700136646526
106.49572609001132,10.591586357411218,0.5803937446227031,0.5587327293891377,0.6690621995040239,0.5462827066147071,0.5831266764512362,0.600232805303912,0.49557163824080136
106.49572609001132,10.60955266309361,0.6363682372589706,0.4808947821246004,0.285692595779137,0.4560959562730897,0.4477959410901357,0.4983045700693345,0.36671896351029837
106.49572609001132,10.627518968776,0.6513487524672299,0.6075206235133349,0.6073181841186303,0.5424363581152897,0.5502302748114787,0.540715623260287,0.46394048281795625
106.49572609001132,10.64548527445839,0.6277645629839574,0.5450680702464705,0.5002277443190449,0.5052887291866989,0.5584290702970794,0.4850447897160787,0.4301331039020186
106.49572609001132,10.66345158014078,0.5853535097930049,0.4412166607621843,0.41844222885773624,0.4514398501948479,0.37729642188369805,0.41651905460802585,0.4016903689457965
106.49572609001132,10.681417885823173,0.46429475175869067,0.43701604332203076,0.37091958095045274,0.33301280429171454,0.40619464547801004,0.42785566071157377,0.32076522091198845
106.49572609001132,10.699384191505562,0.5053899488840528,0.43564957740776256,0.5193582671187816,0.47380940330988375,0.4004251227288822,0.36555493699073704,0.3877220507110685
106.49572609001132,10.717350497187953,0.5257351080520268,0.45660205475985577,0.475125259375474,0.5011387215952231,0.38483728933650463,0.39323852421681255,0.41803735006832404
106.49572609001132,10.735316802870342,0.3640872513791192,0.3372134217318681,0.3623159066754381,0.4070044030568344,0.40417025153094743,0.4249708993370098,0.43848372893365123
106.49572609001132,10.753283108552733,0.4354471380130581,0.4089275773065431,0.43241054709246335,0.5048838503972867,0.5005314034111031,0.3627713953135287,0.37203299762133707
106.49572609001132,10.771249414235124,0.5094387367781763,0.5192570474214278,0.4773520927172412,0.5035679943316963,0.5318588997418899,0.5244698618351126,0.4040690318335952
106.49572609001132,10.789215719917513,0.583278505997267,0.6197682068930609,0.5746242218735761,0.6695682979907883,0.634192013765878,0.6716433017865271,0.5498760058707415
106.49572609001132,10.807182025599904,0.5674882332101834,0.4756313578622388,0.5289741383673269,0.5094387367781763,0.5336302444455687,0.5604534642441403,0.4710764714813507
106.49572609001132,10.825148331282294,0.5758388582418135,0.33245609595627235,0.2993066450731307,0.46227035781162973,0.5451692899438227,0.5386406194645474,0.4599929146211849
106.49572609001132,10.843114636964684,0.5530644263373654,0.44303861531453914,0.44303861531453914,0.4416721494002726,0.4878789412419656,0.49911432764815883,0.41925198643655975
106.49572609001132,10.879047248329464,0.5788754491624065,0.5117667898172972,0.560554683941494,0.5505339339035368,0.5104509337517068,0.45417278202338096,0.5331747558074804
106.49572609001132,10.897013554011856,0.5786730097677004,0.3408067209879033,0.4689508578369342,0.44597398653778003,0.45761425173338793,0.3472341717698264,0.3769927627916389
106.49572609001132,10.914979859694249,0.5873779037400675,0.5918315704236049,0.5270509641176165,0.6083303810921608,0.5931980363378706,0.615112100814819,0.6047876916848016
106.49572609001132,10.932946165376636,0.46682524419251936,0.3934915734601947,0.3385798876461346,0.4437471531960113,0.4367629940786469,0.3606457816691122,0.3983501189331435
106.49572609001132,10.950912471059029,0.5241155928943773,0.4967862746090396,0.508882028442735,0.520066805000252,0.5269497444202627,0.4723923275469411,0.5115643504225929
106.49572609001132,10.968878776741418,0.8163368591527915,0.7276684042714706,0.7308062148894177,0.777063616579786,0.7962953590768749,0.7735209271724285,0.8017612227339436
106.49572609001132,10.986845082423809,0.6027632977377387,0.5042765322131684,0.571587630952984,0.6118730704995191,0.5379826914317523,0.5218381497039316,0.5277088921504126
106.49572609001132,11.004811388106198,0.49759603218786397,0.4317020092109912,0.4348904296776151,0.5293790171567391,0.42704590313274937,0.3953641378612273,0.42836175919833985
106.49572609001132,11.022777693788589,0.40047573257755914,0.32521888759552575,0.30467128903284474,0.5083759299559697,0.45255326686573055,0.397186092413583,0.3812945999291455
106.49572609001132,11.04074399947098,0.536261956576749,0.45488131990485314,0.5425375778126419,0.5264436459334982,0.4070044030568344,0.394098891644313,0.3784604484032585
106.49572609001132,11.05871030515337,0.588643149956981,0.4405081228807121,0.35290247482160036,0.4978490814312462,0.48585454729490385,0.4291715167771642,0.3782580090085524
106.49572609001132,11.07667661083576,0.583025456753884,0.42684346373804327,0.3455640467634999,0.548307100561768,0.47431550179664816,0.4297282251126072,0.35027076269041946
106.49572609001132,11.09464291651815,0.463181335087808,0.37512019839060545,0.3818006984159115,0.5241155928943773,0.5388936687079305,0.44976972518852054,0.4121666076218423
106.49572609001132,11.11260922220054,0.47411306240194395,0.4001214636368239,0.42168125917303373,0.5274558429070286,0.4568551040032388,0.44243129713042084,0.388734247684599
106.49572609001132,11.130575527882932,0.4881826003340248,0.42330077433068414,0.30259628523710685,0.4996710359836027,0.44222885773571474,0.4190495470418528,0.3187408269649275
106.49572609001132,11.14854183356532,0.5800900855306431,0.4893972367022613,0.4194544258312667,0.5709803127688639,0.4886380889721139,0.45660205475985577,0.3832177741788559
106.5127940804096,10.358024383540142,0.5309985323143879,0.4945594412672709,0.4862088162356391,0.46905207753428724,0.45493192975352925,0.483071005617693,0.39566779695328647
106.5127940804096,10.375990689222531,0.5156131383167164,0.4765929449870938,0.4627764562983958,0.4710764714813507,0.3989068272685857,0.4332709145199655,0.35548357710410433
106.5127940804096,10.393956994904924,0.5432461156941141,0.4365605546839408,0.5417278202338166,0.503061895844931,0.4238068728174502,0.4565008350625027,0.348853686927476
106.5127940804096,10.411923300587317,0.6291816387468993,0.49891188825345295,0.5267473050255582,0.45159167974087705,0.4342325016448199,0.5001265246216909,0.44243129713042084
106.5127940804096,10.429889606269704,0.5782681309782883,0.5221418087959916,0.5249253504732017,0.5027076269041958,0.4800344146970999,0.480085024545776,0.4700642745078185
106.5127940804096,10.447855911952097,0.5301381648868865,0.47492281998076813,0.4927374867149144,0.4663191457057548,0.4800344146970999,0.48656308517637437,0.41201477807581316
106.5127940804096,10.465822217634486,0.44728984260337046,0.41140745989169486,0.4273495622248077,0.44243129713042084,0.36428969077382356,0.44319044486056913,0.4014373197024143
106.5127940804096,10.483788523316877,0.3406042815931972,0.28402247077281145,0.30968166405182346,0.3357457361202493,0.2807328306088361,0.34515916797408686,0.2998127435598951
106.5127940804096,10.501754828999266,0.5946151121008133,0.39121413026974905,0.4858039374462269,0.39161900905916125,0.49096614201123484,0.4918265094387361,0.3732476339895745
106.5127940804096,10.519721134681657,0.3134774027025655,0.3437927020598203,0.45639961536514967,0.3697555544308914,0.3872159522243025,0.4480996001821948,0.4209727212915632
106.5127940804096,10.537687440364047,0.5079204413178797,0.37795434991649324,0.46247279720633583,0.39667999392681863,0.3876714408623916,0.4389898274204156,0.3726909256541323
106.5127940804096,10.555653746046438,0.4847411306240187,0.46621792600840106,0.4529581456551444,0.46257401690368827,0.40396781213624133,0.45680449415456187,0.382812895389442
106.5127940804096,10.573620051728827,0.7513032036034201,0.8529783895946145,0.7790880105268477,0.7556050407409283,0.7644111544106492,0.688395161698465,0.7319196315603003
106.5127940804096,10.60955266309361,0.6110127030720177,0.4958246874841844,0.5349461005111592,0.3981476795384382,0.40386659243888745,0.463181335087808,0.37689154309428585
106.5127940804096,10.64548527445839,0.7030720178146661,0.5004301837137495,0.4791740472695978,0.47218988815223356,0.49304114580697267,0.515157649678627,0.47664355483577076
106.5127940804096,10.66345158014078,0.4843362518346059,0.5193582671187816,0.4492636267017561,0.49668505491168574,0.5194088769674577,0.5225972974340791,0.44040690318335823
106.5127940804096,10.681417885823173,0.4876258919985826,0.4458727668404278,0.4949643200566831,0.46292828584442497,0.42714712283010325,0.4218836985677415,0.37441166050913494
106.5127940804096,10.699384191505562,0.5217875398552555,0.4429373956171869,0.4806923427298943,0.4640417025153093,0.4094842856419853,0.3289640163975893,0.4106483121615458
106.5127940804096,10.717350497187953,0.49557163824080136,0.45994230477250714,0.3758793461207545,0.4759350169542986,0.3940482817956377,0.3710714104964819,0.4216306493243576
106.5127940804096,10.735316802870342,0.5212814413684893,0.42967761526392945,0.4481502100308709,0.4781618502960673,0.46520572903486895,0.45224960777367224,0.4354977478617334
106.5127940804096,10.771249414235124,0.30608836479578905,0.30568348600637696,0.3201579027278701,0.35290247482159953,0.31651399362315874,0.3049749481249047,0.2746596487676492
106.5127940804096,10.789215719917513,0.5583278505997256,0.5588339490864915,0.5590363884811976,0.5618199301584086,0.5618705400070847,0.5781669112809361,0.4978996912799223
106.5127940804096,10.807182025599904,0.46844475935016977,0.35558479680145655,0.3893921757173942,0.4311959107242268,0.4244141910015685,0.4523002176223492,0.31843716787286735
106.5127940804096,10.825148331282294,0.35791284984057914,0.46601548661369496,0.42092211144288627,0.4636874335745741,0.3872665620729777,0.42107394098891715,0.4507313123133757
106.5127940804096,10.843114636964684,0.38286350523811813,0.36980616427956836,0.3958196264993156,0.40275317576800396,0.3196518042411057,0.33746647097525195,0.3647451794119127
106.5127940804096,10.861080942647074,0.5610607824282603,0.45265448656308443,0.44010324409129997,0.2535553418695285,0.4839819828938704,0.4636368237258963,0.41014221367478054
106.5127940804096,10.879047248329464,0.5146515511918611,0.504175312515816,0.43807885014423736,0.5266460853282043,0.4365605546839408,0.34505794827673464,0.47684599423047686
106.5127940804096,10.897013554011856,0.48889113821549696,0.3899994939015125,0.37400678171972274,0.44470874032086566,0.485854547294903,0.49607773672756744,0.3587226074194035
106.5127940804096,10.914979859694249,0.3753732476339893,0.37400678171972274,0.38787388025709685,0.41884710764714844,0.34232501644819985,0.3239030315299353,0.4043220810769766
106.5127940804096,10.932946165376636,0.3875702211650377,0.2076015992712168,0.3918214484538682,0.44040690318335907,0.3922263272432812,0.36418847107647134,0.40589098638595006
106.5127940804096,10.950912471059029,0.5895035173844824,0.3832177741788559,0.5515967407257449,0.5696644567032735,0.5733083658079865,0.5503314945088307,0.5317070701958599
106.5127940804096,10.968878776741418,0.57735715370211,0.4727972063363533,0.48970089579432113,0.5488131990485341,0.5691077483678321,0.5045801913052284,0.49668505491168574
106.5127940804096,10.986845082423809,0.4803886836378343,0.37370312262766275,0.3897970545068064,0.4122678273191962,0.5157143580140685,0.4888405283668192,0.43504225922364426
106.5127940804096,11.004811388106198,0.5266460853282043,0.39490864922313906,0.32592742547699627,0.5209777822764312,0.4439495925907174,0.41307758489802054,0.42765322131686767
106.5127940804096,11.022777693788589,0.38645680449415337,0.3102889822359426,0.36160736879396743,0.4362568955918825,0.3636823725897053,0.32552254668758407,0.35568601649881043
106.5127940804096,11.04074399947098,0.40801660003036655,0.35032137253909645,0.34738600131585556,0.371577508983248,0.3826104559947359,0.3641378612277944,0.3517890581507152
106.5127940804096,11.05871030515337,0.7396629384078138,0.38888607723062985,0.42112455083759237,0.5526595475479515,0.6105066045852516,0.41252087656257924,0.37663849385090364
106.5127940804096,11.07667661083576,0.5846449719115328,0.4416215395515965,0.3922263272432812,0.5054405587327297,0.4922313882281483,0.5100460549622948,0.4243129713042146
106.5127940804096,11.09464291651815,0.5396528164380779,0.4638898729692793,0.3691482362467732,0.4821600283415147,0.4325117667898164,0.4617136494761876,0.45255326686573055
106.5127940804096,11.11260922220054,0.4194544258312667,0.38372387266562025,0.38205374765929456,0.40356293334682913,0.3824080166000298,0.37390556202236885,0.3641378612277944
106.5127940804096,11.130575527882932,0.3222835163722866,0.31560301634698046,0.2729895237613235,0.3540665013411617,0.2875651601801706,0.3000151829546031,0.2679285388936678
106.51369239569372,10.591586357411218,0.49977225568095573,0.4515410698922018,0.49344602459638487,0.4589301077989775,0.4295763955665764,0.4560959562730897,0.4275013917708385
106.51369239569372,10.627518968776,0.6222986993268879,0.6050913507768618,0.7013512829596634,0.5738144642947526,0.6779695328710971,0.5353509793005713,0.5390454982539596
106.51369239569372,10.753283108552733,0.43301786527658165,0.3467280732830603,0.29546029657371337,0.3220304671289019,0.3505238119338025,0.3482969785920338,0.31367984209727173
106.51369239569372,11.14854183356532,0.4017409787944726,0.32294144440508094,0.2734956222480896,0.40427147122829965,0.34738600131585556,0.3422237967508477,0.25826205779644723
106.53165870137612,10.358024383540142,0.4923326079255022,0.5685004301837139,0.4707728123892905,0.41884710764714844,0.42588187661318894,0.45508375929955924,0.38250923629738287
106.53165870137612,10.375990689222531,0.46399109266663235,0.4531605850498497,0.3608482210638183,0.3803836226529672,0.3634799331949992,0.39799584999240906,0.2910066298901759
106.53165870137612,10.393956994904924,0.5407662331089633,0.4908143124652057,0.4701654942051726,0.35568601649881043,0.3923781567893104,0.46308011539045413,0.3928336454273995
106.53165870137612,10.411923300587317,0.5432967255427901,0.4121666076218423,0.4840832025912243,0.46682524419251936,0.46070145250265626,0.5099954451136176,0.41854344855508846
106.53165870137612,10.429889606269704,0.48221063819019083,0.3999190242421161,0.3731970241408984,0.4240093122121563,0.37835922870590627,0.4330684751252594,0.40882635760919095
106.53165870137612,10.447855911952097,0.5567589452907529,0.3920238878485743,0.540715623260287,0.508882028442735,0.45336302444455595,0.48484235032137174,0.4520471683789662
106.53165870137612,10.465822217634486,0.5666784756313573,0.500632623108457,0.5172832633230421,0.5052381193380228,0.5482058808644158,0.5400070853788131,0.4131788045953744
106.53165870137612,10.483788523316877,0.6211346728073283,0.47198744875752896,0.47998380484842235,0.46029657371324406,0.45467888051014704,0.5620729794017925,0.4537172933852927
106.53165870137612,10.501754828999266,0.4209727212915632,0.49385090338579873,0.4531605850498505,0.3986031681765257,0.4853484488081378,0.45720937294397385,0.3800799635609089
106.53165870137612,10.519721134681657,0.5183966799939264,0.199807682575028,0.4510349714054357,0.34860063768409294,0.34364087251379033,0.38595070600738896,0.37724581203502194
106.53165870137612,10.537687440364047,0.5636924945594411,0.4458727668404278,0.4379776304468834,0.38843058859253904,0.3815982590212054,0.4407105622754182,0.35593906574219175
106.53165870137612,10.555653746046438,0.6547902221772351,0.5136393542183307,0.5456247785819118,0.4194544258312667,0.41535502808846536,0.3908598613290147,0.4277544410142199
106.53165870137612,10.573620051728827,0.7819221620527347,0.42492028948833455,0.4827167366769569,0.4347386001315843,0.45022521382661046,0.4630295055417772,0.34212257705349375
106.53165870137612,10.591586357411218,0.5481552710157389,0.44131788045953735,0.4558935168783853,0.43230932739511135,0.44875752821499004,0.4722911078495872,0.4320056683030512
106.53165870137612,10.60955266309361,0.45761425173338793,0.4512374108001401,0.4587276684042706,0.41403917202287577,0.3983501189331443,0.48109722151930734,0.34121159977731574
106.53165870137612,10.627518968776,0.5948175514955202,0.49040943367579265,0.5275570626043826,0.48074295257857125,0.5337314641429209,0.4420264183410087,0.41581051672655533
106.53165870137612,10.64548527445839,0.49213016853079444,0.46687585404119547,0.4976972518852162,0.4510855812541118,0.4412166607621843,0.4598410850751549,0.36671896351029837
106.53165870137612,10.66345158014078,0.55225466875854,0.5196619262108398,0.5474973429829436,0.48337466470975216,0.534541221721747,0.4878789412419648,0.4726959866389994
106.53165870137612,10.681417885823173,0.6408219039425072,0.4187458879497945,0.35983602409028786,0.374917758995901,0.45806974037147535,0.42815931980363375,0.387772660559744
106.53165870137612,10.699384191505562,0.5911736423908088,0.475125259375474,0.39161900905916125,0.426236145553925,0.46429475175869234,0.43271420618452333,0.42841236904701596
106.53165870137612,10.717350497187953,0.2803785616681001,0.3479933194999738,0.326281694417734,0.40902879700389533,0.36388481198441136,0.4382812895389434,0.37724581203502194
106.53165870137612,10.735316802870342,0.3838757022116494,0.4266410243433372,0.36985677412824364,0.3406042815931972,0.3575079710511661,0.36196163773470263,0.38119338023179156
106.53165870137612,10.753283108552733,0.45467888051014704,0.4020446378865326,0.4230477250873011,0.462776456298395,0.3957184068019634,0.4445569107748374,0.35659699377498866
106.53165870137612,10.771249414235124,0.47553013816488643,0.4126727061086084,0.4612581608380976,0.43079103193481294,0.4144946606609649,0.37724581203502194,0.28731211093678843
106.53165870137612,10.789215719917513,0.4781112404473912,0.47254415709297026,0.47451794119135615,0.4570575433979449,0.4581709600688284,0.46419353206133845,0.39435194088769604
106.53165870137612,10.807182025599904,0.4960777367275658,0.463181335087808,0.45467888051014704,0.46839414950149283,0.4618654790222176,0.5159167974087764,0.3996153651500578
106.53165870137612,10.825148331282294,0.38306594463282506,0.3691482362467732,0.3591274862088157,0.4173288121868502,0.3628726150108809,0.3537628422491,0.3391872058302548
106.53165870137612,10.843114636964684,0.4389898274204156,0.43686421377600076,0.36742750139177055,0.45467888051014704,0.39637633483475865,0.3980970696897613,0.37937142567943677
106.53165870137612,10.861080942647074,0.408219039425071,0.4108507515562527,0.42066906219950323,0.4184422288577354,0.37916898628473067,0.3847360696391516,0.39556657725593425
106.53165870137612,10.879047248329464,0.6472999645731055,0.6197682068930609,0.6225011387215956,0.6594463282554787,0.5721949491371021,0.5462827066147071,0.5717900703476883
106.53165870137612,10.897013554011856,0.5125765473961232,0.49911432764815966,0.4477959410901348,0.4702161040538485,0.4828685662229861,0.462067918416923,0.47380940330988375
106.53165870137612,10.914979859694249,0.416923933397438,0.3525988157295404,0.46085328204868625,0.3940482817956377,0.3808897211397333,0.37512019839060545,0.38326838402753116
106.53165870137612,10.932946165376636,0.5831772862999139,0.5714864112556299,0.6339389645224958,0.5261399868414399,0.5091350776861165,0.5377296421883692,0.5781669112809352
106.53165870137612,10.950912471059029,0.5682473809403306,0.5240143731970234,0.5668303051773882,0.5742193430841648,0.591426691634191,0.566425426387976,0.5421326990232297
106.53165870137612,10.968878776741418,0.5577711422642853,0.4974948124905101,0.519560706513486,0.5698668960979812,0.5365656156688088,0.5068576344956723,0.5026064072068412
106.53165870137612,10.986845082423809,0.38463484994179853,0.3508274710258608,0.4145958803583171,0.3929348651247517,0.4140897818715527,0.33604939521230764,0.3564957740776348
106.53165870137612,11.004811388106198,0.5289235285186491,0.46535755858089894,0.43311908497393553,0.5175363125664251,0.4584240093122123,0.4251227288830398,0.46550938812692894
106.53165870137612,11.022777693788589,0.7438635558479681,0.5152588693759794,0.5272534035123243,0.5803937446227031,0.475125259375474,0.46267523660104276,0.4787691684801856
106.53165870137612,11.04074399947098,0.371729338529278,0.2504681411002576,0.24429373956171843,0.3505238119338025,0.3394402550736368,0.2864011336606093,0.31545118680095036
106.53165870137612,11.05871030515337,0.4105470924641936,0.3587226074194035,0.30386153145402023,0.43706665317070686,0.37355129308163365,0.3747153196011935,0.3786628877979646
106.53165870137612,11.07667661083576,0.4711270813300268,0.39440255073637215,0.3972873121109352,0.459132547193683,0.3873677817703316,0.3359481755149546,0.38468545979047547
106.53165870137612,11.09464291651815,0.37648666430487365,0.3273951110886175,0.2624120653879229,0.3999190242421178,0.34698112252644336,0.3222835163722866,0.33225365656156713
106.53165870137612,11.11260922220054,0.5612632218229664,0.40872513791183707,0.4553368085429423,0.5264436459334982,0.425122728883039,0.4222885773571537,0.37592995596943146
106.53165870137612,11.130575527882932,0.5421326990232297,0.41591173642390755,0.43686421377599993,0.5253302292626139,0.44992155473454964,0.4797307556050399,0.3963257249860817
106.53165870137612,11.14854183356532,0.4338782327040838,0.34566526646085294,0.33655549369907284,0.408370868971101,0.3587226074194035,0.47907282757224556,0.31206032693962144
106.5487266917744,10.573620051728827,0.5916291310288988,0.45973986537780276,0.4137861227794927,0.4291715167771642,0.36469456956323576,0.45224960777367224,0.36216407712940873
106.5487266917744,10.591586357411218,0.5544815021003081,0.5034667746343424,0.5316058504985061,0.4850447897160795,0.4314995698162868,0.5236094944076112,0.36884457715471486
106.5487266917744,10.60955266309361,0.47947770636165754,0.4498203350371975,0.457259982792651,0.48595576699225607,0.49840578976668815,0.42593248646186505,0.39617389544005255
106.5487266917744,10.66345158014078,0.5099954451136176,0.4676350017713446,0.46394048281795625,0.465711827521635,0.5023027481147827,0.40568854699124396,0.40882635760919095
106.5487266917744,10.771249414235124,0.5154106989220103,0.5747254415709291,0.5043271420618445,0.560554683941494,0.47421428209929595,0.5461308770686762,0.477149653322536
106.5487266917744,10.789215719917513,0.4532618047472044,0.4652563388835457,0.46601548661369413,0.4947112708133001,0.48302039576901523,0.5257351080520261,0.43615567589452864
106.5487266917744,10.807182025599904,0.593552305278606,0.5531150361860424,0.4837289336504891,0.6006882939420011,0.6306999342071958,0.5423351384179358,0.5042765322131684
106.5487266917744,10.825148331282294,0.6333316463383776,0.5021509185687519,0.44936484639911,0.5874791234374197,0.6195151576496777,0.4811984412166604,0.4304367629940794
106.5487266917744,11.07667661083576,0.5022015284174297,0.4075611113922766,0.346171364947619,0.41383673262816967,0.37694215294296196,0.4176324712789102,0.4076117212409527
106.5487266917744,11.130575527882932,0.5923376689103693,0.4974948124905101,0.4204666228047972,0.619666987195707,0.5053899488840528,0.49587529733286134,0.41621539551596753
106.5487266917744,11.14854183356532,0.48129966091401255,0.45245204716837834,0.3539652816438078,0.43372640315805466,0.43079103193481294,0.521787539855255,0.39657877422946475
106.54962500705852,10.358024383540142,0.38979705450680724,0.41651905460802585,0.41540563793714314,0.39683182347284696,0.3863049749481242,0.44379776304468826,0.33473353914671716
106.54962500705852,10.375990689222531,0.7041854344855504,0.4551849789969123,0.38681107343488946,0.4306898122374616,0.3308871906472997,0.4581203502201523,0.30537982691431675
106.54962500705852,10.393956994904924,0.5905157143580128,0.23331140239890574,0.42815931980363375,0.3066450731312304,0.334328660357305,0.36459334986588354,0.3237005921352292
106.54962500705852,10.411923300587317,0.5528619869426585,0.4244141910015685,0.4969887140037442,0.47568196771091553,0.4500227744319044,0.46216913811427757,0.39900804696593867
106.54962500705852,10.429889606269704,0.5037704337264024,0.4094336757933092,0.4586264487069167,0.451945948681614,0.37916898628473067,0.44157092970291956,0.38412875145503245
106.54962500705852,10.447855911952097,0.5754845893010774,0.4578166911280923,0.5077686117718506,0.5370717141555751,0.4373703122627652,0.47107647148134985,0.39531352801255126
106.54962500705852,10.465822217634486,0.2695986638999952,0.311453008755503,0.2979907890075403,0.3049243382762277,0.2781517283263315,0.36054456197176,0.2933852927779737
106.54962500705852,10.483788523316877,0.6062047674477444,0.500025304924337,0.380282402955615,0.40978794473404445,0.4823118578875447,0.4831216154663691,0.3602409028797
106.54962500705852,10.501754828999266,0.6696695176881405,0.5438028240295562,0.6067108659345103,0.5826711878131471,0.5738144642947526,0.5649071309276775,0.4663191457057548
106.54962500705852,10.519721134681657,0.363075054405587,0.37061592185839276,0.3861025355534181,0.3308871906472997,0.3613543195505844,0.37279214535148536,0.3297737739764154
106.54962500705852,10.537687440364047,0.4074092818462466,0.45078192216205265,0.4702667139025246,0.448200819879547,0.45265448656308443,0.5136899640670076,0.3874690014676855
106.54962500705852,10.555653746046438,0.6172377144592339,0.47957892605901015,0.48717040336049433,0.42132699023229847,0.43291664557922943,0.45751303203603405,0.3912647401184269
106.54962500705852,10.627518968776,0.605901108355686,0.45098436155675875,0.5140948428564198,0.5015436003846353,0.4959259071815383,0.459537425983095,0.42107394098891715
106.54962500705852,10.64548527445839,0.5788754491624065,0.434434941039526,0.4470367933599874,0.4702161040538485,0.5710815324662177,0.46702768358722546,0.4332203046712894
106.54962500705852,10.681417885823173,0.49071309276785346,0.4439495925907174,0.5162204565008346,0.5140948428564198,0.5150058201325981,0.5429424566020541,0.5472949035882375
106.54962500705852,10.699384191505562,0.42755200161951545,0.4387873880257095,0.394959259071816,0.3958196264993156,0.41626600536464364,0.45695632370059125,0.40528366820183176
106.54962500705852,10.717350497187953,0.48094539197327735,0.4622197479629528,0.46723012298193156,0.4438483728933635,0.44197580849233176,0.4756313578622388,0.38422997115238466
106.54962500705852,10.735316802870342,0.6279670023786627,0.568652259729743,0.5872260741940375,0.5707778733741578,0.5780150817349052,0.5449668505491164,0.48970089579432113
106.54962500705852,10.753283108552733,0.3381750088567233,0.35168783845336216,0.3162609443797756,0.3077078799534379,0.3401487929551081,0.34384331190849643,0.2880206488182596
106.54962500705852,10.843114636964684,0.3896958348094542,0.4419251986436565,0.3745634900551649,0.4853484488081378,0.37284275520016147,0.4176830811275871,0.3189432663596318
106.54962500705852,10.861080942647074,0.41550685763449535,0.4516928994382301,0.3854952173692998,0.32278961485905094,0.3655043271420601,0.33407561111392303,0.3728933650488384
106.54962500705852,10.879047248329464,0.40437269092565353,0.4199605243180311,0.3635811528923531,0.3275469406346467,0.3553823574067521,0.4016397590971196,0.38023179310693805
106.54962500705852,10.897013554011856,0.46419353206133845,0.42603370615921726,0.3885824181385682,0.4151525886937601,0.368136039273241,0.37198238777266013,0.3760817855154606
106.54962500705852,10.914979859694249,0.42077028189685545,0.3643909104711766,0.3866592438888603,0.3617591983399966,0.29136089883091193,0.3272432815425867,0.4190495470418528
106.54962500705852,10.932946165376636,0.5695126271572443,0.5132850852775954,0.5566071157447231,0.5504327142061846,0.4990637177994827,0.5013411609899278,0.5138417936130368
106.54962500705852,10.950912471059029,0.49860822916139447,0.4908143124652057,0.5151070398299511,0.5439040437269093,0.5506351536008907,0.47714965332253684,0.49926615719418965
106.54962500705852,10.968878776741418,0.4711776911787029,0.42856419859304595,0.4288678576851059,0.4850447897160795,0.40305683486006305,0.41560807733184757,0.4363581152892347
106.54962500705852,10.986845082423809,0.5157143580140685,0.4531605850498505,0.5113619110278851,0.48302039576901606,0.45427400172073484,0.4244141910015685,0.4558935168783853
106.54962500705852,11.004811388106198,0.4470874032086635,0.41662027430537973,0.4005769522749122,0.4472392327546935,0.39607267574269867,0.3706159218583936,0.388481198441216
106.54962500705852,11.022777693788589,0.5399058656814609,0.46530694873222284,0.4945594412672709,0.5280631610911486,0.4381800698415895,0.4126727061086084,0.46530694873222284
106.54962500705852,11.04074399947098,0.5068576344956723,0.3303810921605345,0.40123488030770826,0.44486056986689565,0.4320056683030512,0.4007287818209422,0.4275013917708377
106.54962500705852,11.05871030515337,0.39905865681461566,0.29616883445518544,0.33604939521230764,0.4993673768915427,0.331342679285388,0.34217318690217075,0.32329571334581536
106.54962500705852,11.09464291651815,0.6779695328710963,0.6401133660610344,0.5711827521635716,0.6928488283820025,0.637684093324561,0.6841945442583124,0.6283212713193987
106.54962500705852,11.11260922220054,0.6498810668556094,0.5156637481653918,0.5812541120502044,0.5954754795283153,0.5709803127688639,0.6279163925299858,0.6183511311301165
106.56669299745678,10.375990689222531,0.4938002935371218,0.36013968318234785,0.3857482666126831,0.385900096158712,0.3689457968520671,0.45083253201072876,0.31378106179462395
106.56669299745678,10.393956994904924,0.3745128802064888,0.4292221266258403,0.4369148236246777,0.37744825142972804,0.4085733083658079,0.4340300622501138,0.3098841034465304
106.56669299745678,10.411923300587317,0.42299711523862416,0.3901007135988666,0.420466622804798,0.4073080621488927,0.37481653929854714,0.38412875145503245,0.35720431195910696
106.56669299745678,10.447855911952097,0.6302444455691075,0.4661673161597241,0.4612581608380976,0.46844475935016894,0.4706209828432607,0.5074143428311138,0.4291715167771642
106.56669299745678,10.519721134681657,0.47016549420517073,0.4296776152639303,0.3214737587934604,0.4024495166759448,0.33331646338377285,0.39136595981577904,0.36034212257705306
106.56669299745678,10.537687440364047,0.5064527557062601,0.3621134672807326,0.44931423655043223,0.4414191001568904,0.3162103345311002,0.4192519864365606,0.3896958348094542
106.56669299745678,10.627518968776,0.5904144946606605,0.48463991092666564,0.517232653474366,0.5165747254415707,0.49850700946404225,0.4572093729439749,0.4176324712789102
106.56669299745678,10.64548527445839,0.5687534794270954,0.45700693354926797,0.48914418745887916,0.42036540310744497,0.49850700946404075,0.4992155473455127,0.44718862290601824
106.56669299745678,10.681417885823173,0.5780656915835822,0.4757325775595925,0.40806720987904266,0.43291664557922943,0.4644465813047215,0.482817956374311,0.4592337668910367
106.56669299745678,10.699384191505562,0.28665418290399236,0.4615112100814815,0.47735209271724294,0.4139379523255219,0.4281593198036329,0.4684953691988459,0.44774533124145877
106.56669299745678,10.735316802870342,0.5442583126676445,0.4882332101827009,0.44668252441925216,0.4596386456804489,0.4492130168530792,0.4148995394503771,0.45528619869426534
106.56669299745678,10.753283108552733,0.4757325775595925,0.46495267979148674,0.4308416417834907,0.48671491472240436,0.4829697859203391,0.42633736525127724,0.42800749025760376
106.56669299745678,10.843114636964684,0.5937547446733137,0.5391467179513127,0.5031631155422841,0.546181486917354,0.5227997368287869,0.4703679335998785,0.47623867604635856
106.56669299745678,10.861080942647074,0.6106584341312816,0.5653120097170907,0.546080267220001,0.530492433827622,0.4985070094640414,0.49557163824080136,0.5100460549622948
106.56669299745678,10.914979859694249,0.4213776000809754,0.2733944025507357,0.37679032339693197,0.33969330431701983,0.2794675843919218,0.3204615618199301,0.38625436509944894
106.56669299745678,10.932946165376636,0.371273849891188,0.3135786223999187,0.31560301634698046,0.3289640163975893,0.2770889215041239,0.31833594817551525,0.3387823270408424
106.56669299745678,11.022777693788589,0.5157143580140685,0.29131028898223604,0.4060428159319792,0.4908143124652057,0.4533630244445566,0.45057948276734655,0.44496178956424953
106.56669299745678,11.04074399947098,0.39252998633533953,0.3490055164735043,0.3896958348094542,0.4038159825902122,0.3775494711270819,0.39384584240092996,0.36752872108912443
106.56669299745678,11.05871030515337,0.39880560757123346,0.374209221114428,0.3691482362467732,0.4223897970545076,0.3406042815931972,0.3614555392479383,0.3978946302950552
106.56669299745678,11.09464291651815,0.37041348246368666,0.3147932587681561,0.2187357659800603,0.4173288121868502,0.3265853535097923,0.3306847512525936,0.3368591527911322
106.56669299745678,11.11260922220054,0.45548863808897144,0.38797509995445156,0.280479781365454,0.4090287970038972,0.3448048990333516,0.47527708892150444,0.40189280834050345
106.56669299745678,11.130575527882932,0.4902069942810874,0.4380282402955604,0.36459334986588354,0.5292777974593852,0.5152588693759803,0.41105319095095966,0.43433372134217296
106.5675913127409,10.358024383540142,0.4069031833594805,0.463181335087808,0.32602864517435015,0.311453008755503,0.3503719823877717,0.4419251986436565,0.3193481451490457
106.5675913127409,10.429889606269704,0.4273495622248077,0.46120755098942234,0.38311655448150117,0.3912647401184277,0.35922870590616957,0.4221873576597998,0.37886532719267235
106.5675913127409,10.465822217634486,0.44101422136747737,0.36611164532618007,0.3834708234222372,0.4002226833341761,0.35730553165646,0.4273495622248077,0.3024950655397538
106.5675913127409,10.483788523316877,0.45432461156941095,0.43504225922364426,0.3804848423503211,0.34419758084923247,0.33397439141656976,0.40801660003036655,0.36165797864264265
106.5675913127409,10.501754828999266,0.5497747861733885,0.4295763955665764,0.4566526646085319,0.46824231995546284,0.3817500885672346,0.45771547143074015,0.33402500126524587
106.5675913127409,10.555653746046438,0.5612632218229664,0.5424363581152897,0.5162204565008346,0.5349967103598361,0.514145452705095,0.5442583126676445,0.45275570626043854
106.5675913127409,10.573620051728827,0.6243737031226274,0.45822156991750473,0.3885824181385682,0.38210435750796984,0.4902069942810874,0.4607014525026573,0.3558378460448396
106.5675913127409,10.591586357411218,0.5544815021003081,0.46510450933751674,0.4042208613796244,0.46682524419251936,0.48236246773622166,0.5152082595273033,0.4041196416822705
106.5675913127409,10.60955266309361,0.6418341009160368,0.5400070853788131,0.5461308770686771,0.5077180019231737,0.5237107141049652,0.5346930512677761,0.46297889569310025
106.5675913127409,10.66345158014078,0.6860671086593451,0.726554987600588,0.6713396426944679,0.6298901766283722,0.6306999342071966,0.7495318588997422,0.6536768055063505
106.5675913127409,10.717350497187953,0.4783642896907734,0.4722911078495872,0.46996305481046463,0.4133812439900797,0.4100409939774275,0.43458677058555595,0.39698365301887695
106.5675913127409,10.771249414235124,0.5957791386203746,0.5111088617845029,0.5176881421124542,0.5361607368793957,0.5449668505491164,0.5320107292879199,0.4320056683030512
106.5675913127409,10.789215719917513,0.5269497444202634,0.5137405739156831,0.4676350017713454,0.43944531605850473,0.4894984563996152,0.5130826458828877,0.4479477706361648
106.5675913127409,10.807182025599904,0.6688597601093161,0.6731109873981475,0.6273596841945436,0.5428412369047019,0.6101523356445155,0.6115694114074599,0.5623260286451738
106.5675913127409,10.825148331282294,0.5439546535755845,0.4827167366769569,0.5055923882787589,0.582772407510501,0.5363631762741018,0.5154106989220103,0.41069892201022273
106.5675913127409,10.879047248329464,0.5948681613441963,0.5757376385444596,0.5320107292879199,0.6069133053292173,0.5537729642188376,0.5570119945341351,0.5567083354420768
106.5675913127409,10.897013554011856,0.45022521382661135,0.42461663039627456,0.3881269295004799,0.4139885621741988,0.36479578926058964,0.38509033857988684,0.3908092514803369
106.5675913127409,10.950912471059029,0.4211751606862693,0.35528113770939823,0.3357457361202493,0.46206791841692363,0.35497747861733825,0.37795434991649407,0.37760008097575715
106.5675913127409,10.968878776741418,0.4599929146211849,0.37441166050913494,0.4049800091097735,0.41444405081228797,0.3553823574067513,0.3392884255276068,0.3727921453514845
106.5675913127409,10.986845082423809,0.5845437522141805,0.5399058656814609,0.5177387519611312,0.5849486310035927,0.5456753884305872,0.49820335037198227,0.46399109266663235
106.5675913127409,11.004811388106198,0.3304317020092106,0.35922870590616873,0.3854446075206229,0.4400020243939461,0.34941039526291817,0.3526494255782173,0.37117263019383495
106.5675913127409,11.07667661083576,0.6026620780403851,0.5074143428311138,0.4439495925907174,0.5709803127688639,0.5038716534237563,0.48519661926210783,0.5235082747102573
106.5675913127409,11.14854183356532,0.48625942608431605,0.4117617288324301,0.3459689255529112,0.49445822156991703,0.3816488688698824,0.42684346373804327,0.3986031681765257
106.58465930313918,10.358024383540142,0.42390809251480244,0.4484032592742548,0.36555493699073877,0.426236145553925,0.44577154714307393,0.4778581912040073,0.37512019839060545
106.58465930313918,10.375990689222531,0.47127891087605595,0.31752619059669085,0.33189938762083127,0.3220810769775788,0.34571587630952905,0.42208613796244593,0.27835416772103916
106.58465930313918,10.393956994904924,0.3727921453514845,0.4039172022875644,0.42714712283010325,0.3486006376840921,0.36337871349764617,0.40589098638595006,0.34303355432967203
106.58465930313918,10.411923300587317,0.40609342578065616,0.4334227440659947,0.4590313274963306,0.44303861531453914,0.44253251682777306,0.503264335239638,0.428462978895692
106.58465930313918,10.429889606269704,0.3011792094741642,0.19383572043119573,0.2581102282504164,0.2849840578976667,0.25274558429070243,0.28564198593046186,0.20932233412621942
106.58465930313918,10.447855911952097,0.28695784199605257,0.22916139480743,0.18254972417632392,0.24824130775848977,0.1897363226883944,0.26448706918366255,0.25750291006629816
106.58465930313918,10.465822217634486,0.30887190647299906,0.2729895237613235,0.26716939116351957,0.26448706918366255,0.22470772812389248,0.24727972063363457,0.2530998532314378
106.58465930313918,10.483788523316877,0.5562022369553105,0.47380940330988375,0.47031732375120155,0.4504782630699937,0.4071056227541883,0.3826104559947359,0.3597348043929339
106.58465930313918,10.501754828999266,0.4529581456551444,0.4533630244445566,0.46945695632370027,0.48595576699225607,0.3335189027784806,0.4119641682271362,0.32481400880611355
106.58465930313918,10.519721134681657,0.48423503213725344,0.4663191457057548,0.5300369451895326,0.47365757376385376,0.3135786223999195,0.44734045245204573,0.3620628574320566
106.58465930313918,10.537687440364047,0.5417784300824946,0.46753378207399154,0.4059922060833023,0.3977934105977013,0.356596993774987,0.4783642896907734,0.35178905815071604
106.58465930313918,10.555653746046438,0.4956728579381536,0.5320613391365963,0.5002277443190449,0.5022015284174297,0.4433422744065991,0.49557163824080136,0.4350928690723212
106.58465930313918,10.573620051728827,0.5856571688850649,0.5257857179007029,0.46161242977883454,0.49162407004403086,0.4089275773065431,0.4874740624525526,0.41252087656257924
106.58465930313918,10.591586357411218,0.5274052330583517,0.4609545017460393,0.411862948529784,0.4620173085682467,0.5009362822005153,0.5100460549622953,0.40295561516270917
106.58465930313918,10.60955266309361,0.49461005111594786,0.46490206994281064,0.465458778278252,0.44597398653778003,0.4910167518599118,0.48722101320916955,0.3936434030062255
106.58465930313918,10.627518968776,0.5104509337517085,0.4632825547851602,0.504175312515816,0.5023027481147827,0.4844880813806365,0.3985019484791735,0.4604484032592732
106.58465930313918,10.64548527445839,0.6043322030467124,0.5355534186952774,0.5925401083050754,0.6256389493395409,0.599625487119792,0.6281694417733696,0.6208816235639453
106.58465930313918,10.66345158014078,0.5448656308517628,0.46925451692899417,0.5183460701452492,0.5037198238777263,0.5192570474214278,0.44749228199807634,0.500379573865074
106.58465930313918,10.681417885823173,0.56839921048636,0.4993673768915436,0.5218887595526086,0.5938559643706659,0.5301887747355635,0.5305936535249757,0.5193076572701046
106.58465930313918,10.699384191505562,0.6009413431853842,0.48423503213725344,0.4967862746090396,0.475125259375474,0.4122678273191962,0.47315147527708856,0.4733033048231194
106.58465930313918,10.717350497187953,0.4931423655043266,0.4458727668404278,0.4479983804848418,0.4888911382154961,0.4290702970798103,0.41682271370008583,0.3606457816691122
106.58465930313918,10.735316802870342,0.7700794574624216,0.6468444759350173,0.6795890480287459,0.6298395667796953,0.6747305025557963,0.6966951768814199,0.6409231236398603
106.58465930313918,10.753283108552733,0.6692646388987283,0.6463889872969281,0.5836327749380031,0.5995242674224398,0.5652613998684138,0.5876815628321267,0.5565565058960468
106.58465930313918,10.771249414235124,0.6792853889366859,0.699832987499367,0.66896097980667,0.6598005971962139,0.6462371577508981,0.6045852522900955,0.6203755250771809
106.58465930313918,10.789215719917513,0.6667847563135784,0.5505339339035368,0.6406194645478,0.6319651804241101,0.5953742598309624,0.6172377144592339,0.5709297029201877
106.58465930313918,10.807182025599904,0.531454020952477,0.4064983045700692,0.5868718052533031,0.5596943165139939,0.5584290702970794,0.5910218128447788,0.6020547598562686
106.58465930313918,10.825148331282294,0.5777620324915222,0.6047876916848016,0.5954248696796394,0.5108558125411198,0.6251328508527766,0.6441621539551594,0.5206741231843722
106.58465930313918,10.843114636964684,0.5431448959967601,0.4728478161850294,0.4487069183663131,0.4611063312920693,0.36428969077382356,0.38660863404018336,0.3414646490206994
106.58465930313918,10.861080942647074,0.5560504074092816,0.548610759653828,0.5215851004605503,0.5420314793258775,0.5064021458575833,0.482817956374311,0.4820588086441625
106.58465930313918,10.879047248329464,0.6387975099954437,0.5182448504478975,0.5702717748873926,0.5178399716584842,0.5521534490611871,0.585707778733741,0.5386912293132244
106.58465930313918,10.897013554011856,0.5877827825294797,0.605597449263626,0.560554683941494,0.6035730553165634,0.5391973277999896,0.5796852067412309,0.5394503770433727
106.58465930313918,10.914979859694249,0.5135887443696537,0.49364846399109263,0.4542740017207332,0.5105521534490607,0.43615567589452864,0.4756313578622388,0.48772711169593563
106.58465930313918,10.932946165376636,0.3494103952629165,0.42734956222480935,0.28680601245002235,0.3342780505086289,0.2639809706968981,0.323194493648464,0.3511311301179208
106.58465930313918,10.950912471059029,0.3732982438382498,0.34197074750746465,0.32572498608229183,0.331494508831418,0.3222835163722851,0.2899944329166454,0.3671238422997114
106.58465930313918,10.968878776741418,0.5903132749633084,0.5308973126170341,0.5213826610658425,0.5276582823017365,0.49111797155726566,0.4987094488587467,0.4668758540411963
106.58465930313918,10.986845082423809,0.5704742142820978,0.4092312363986031,0.5154106989220103,0.465458778278252,0.4850447897160795,0.4850447897160795,0.4868161344197574
106.58465930313918,11.004811388106198,0.3697555544308914,0.35001771344703647,0.31484386861683294,0.39060681208563247,0.3305835315552406,0.38929095602004204,0.3720836074700132
106.58465930313918,11.022777693788589,0.4853484488081378,0.43797763044688515,0.531504630801154,0.4217318690217115,0.3853433878232707,0.4344855508882031,0.3925299863353412
106.58465930313918,11.04074399947098,0.31297130421579955,0.3096310542031482,0.2994584746191607,0.32471278910875967,0.300217622349309,0.27926514499721566,0.3364542740017207
106.58465930313918,11.05871030515337,0.440356293334683,0.3336201224758345,0.45741181233868017,0.42476845994230455,0.40103244091300216,0.36611164532618007,0.3854446075206229
106.58465930313918,11.07667661083576,0.7102586163267366,0.5268485247229112,0.3788147173439954,0.5322637785313021,0.4205172326534741,0.4910167518599118,0.4280581001062807
106.58465930313918,11.09464291651815,0.5535705248241298,0.3929348651247517,0.4536666835366166,0.49896249810212967,0.47633989574371244,0.4750240396781218,0.4620173085682476
106.58465930313918,11.11260922220054,0.3804848423503211,0.3638342021357344,0.2607419403815973,0.3763854446075206,0.35067564147983166,0.3501695429930656,0.3223847360696388
106.58465930313918,11.130575527882932,0.42466724024495156,0.3795738650741428,0.38321777417885505,0.4389898274204156,0.41166050913507624,0.4119641682271362,0.3654537172933849
106.58465930313918,11.14854183356532,0.6113163621640769,0.5389948884052844,0.46287767599574803,0.571992509742396,0.5613644415203203,0.5674376233615047,0.48615820638696217
106.60262560882155,10.358024383540142,0.42168125917303373,0.34343843311908506,0.23159066754390312,0.3335189027784806,0.3635305430436753,0.431297130421579,0.2878182094235528
106.60262560882155,10.375990689222531,0.31626094437977653,0.31418594058403615,0.2574016903689451,0.3446530694873216,0.3681360392732427,0.4850953995647548,0.3131231337618287
106.60262560882155,10.411923300587317,0.37795434991649407,0.31327496330785953,0.3754744673313424,0.31499569816286216,0.34364087251379033,0.41682271370008583,0.3497140543549765
106.60262560882155,10.465822217634486,0.4385849486310034,0.4493142365504314,0.43554835771041034,0.41570929702920145,0.4011842704590313,0.47492281998076813,0.43134774027025596
106.60262560882155,10.483788523316877,0.3597854142416109,0.3893921757173942,0.3782580090085532,0.37264031580545537,0.345766486158206,0.4740118427045907,0.3750695885419302
106.60262560882155,10.501754828999266,0.6259426084316009,0.5756364188471074,0.4937496836884465,0.508578369350675,0.4343337213421721,0.46895085783693585,0.5127789867908293
106.60262560882155,10.519721134681657,0.5162204565008346,0.45650083506250355,0.5009868920491923,0.3893921757173942,0.3223847360696388,0.4774533124145951,0.37987752416620113
106.60262560882155,10.573620051728827,0.5120704489093572,0.4735563540665007,0.3234475428918462,0.4184928387064125,0.4148995394503771,0.4363581152892347,0.28523710714104983
106.60262560882155,10.879047248329464,0.6364694569563245,0.6134925856571687,0.5775595930968161,0.6012450022774425,0.517182043625689,0.6034718356192111,0.5595424869679635
106.60262560882155,10.897013554011856,0.5367680550635149,0.5006326231084562,0.5207753428817242,0.46257401690368827,0.4289690773824581,0.4911685814059418,0.4940027329318287
106.60262560882155,10.932946165376636,0.4184928387064125,0.4208208917455324,0.4033098841034461,0.4607520623513332,0.3580140695379313,0.38114277038311634,0.42426236145553853
106.60262560882155,10.950912471059029,0.6024090287970038,0.5236094944076112,0.5306442633736526,0.5836327749380023,0.5368692747608679,0.5304418239789448,0.5032137253909602
106.60262560882155,11.004811388106198,0.4292727364745181,0.35993724378764,0.44561971759704394,0.4139885621741982,0.4096361151880153,0.41606356596993754,0.3999190242421161
106.60262560882155,11.05871030515337,0.41403917202287494,0.3818006984159115,0.34217318690217075,0.4438989827420413,0.3931373045194595,0.402550736373297,0.3711726301938341
106.60262560882155,11.07667661083576,0.34333721342173035,0.331494508831418,0.32466217926008273,0.39015132344754166,0.319955463333164,0.34156586871805245,0.3824080166000298
106.60262560882155,11.130575527882932,0.7012500632623112,0.5940077939166959,0.6130877068677565,0.6790323396933047,0.6266511463130723,0.5961840174097868,0.5250771800192309
106.60352392410567,10.393956994904924,0.5332253656561565,0.3225871754643449,0.3634799331949992,0.3324054861075963,0.3409079406852572,0.42593248646186505,0.3249658383521427
106.60352392410567,10.429889606269704,0.4020446378865326,0.43018371375069636,0.2790627056025097,0.36459334986588354,0.34591831570423515,0.4492636267017553,0.34232501644820157
106.60352392410567,10.447855911952097,0.4108507515562527,0.4288678576851059,0.36403664153044224,0.37071714155574664,0.33746647097525195,0.4105977023128705,0.36074700136646526
106.60352392410567,10.537687440364047,0.58383521433271,0.5335290247482148,0.3806872817450272,0.457259982792651,0.4395971456045339,0.43767397135482516,0.3882787590465099
106.60352392410567,10.555653746046438,0.5504327142061846,0.4784655093881275,0.43838250923629735,0.468545979047522,0.48696796396578657,0.4734045245204716,0.41206538792448927
106.60352392410567,10.591586357411218,0.6393542183308867,0.4071056227541883,0.37947264537678976,0.42299711523862416,0.40538488789918564,0.4328660357305525,0.37380434232501497
106.60352392410567,10.60955266309361,0.43514347892099814,0.4898021154916752,0.4223391872058289,0.47401184270458985,0.42820992965230986,0.42856419859304595,0.37618300521281367
106.60352392410567,10.627518968776,0.5500278354167707,0.5096917860215594,0.4959765170302144,0.5258869375980568,0.5037704337264024,0.531909509590566,0.4992155473455127
106.60352392410567,10.64548527445839,0.605850498507009,0.5561010172579577,0.5636924945594411,0.523002176223493,0.5530138164886885,0.4875752821499065,0.47583379725694636
106.60352392410567,10.66345158014078,0.5208765625790773,0.4757325775595925,0.4837289336504882,0.46895085783693585,0.4981021306746292,0.47158256996811504,0.4579685206741232
106.60352392410567,10.681417885823173,0.6359633584695584,0.5669315248747403,0.6024596386456806,0.5546839414950142,0.5538741839161898,0.6461865479022203,0.5599473657573759
106.60352392410567,10.699384191505562,0.531909509590566,0.3493091755655643,0.4933954147477096,0.4983045700693345,0.477149653322536,0.4909155321625579,0.4773014828685658
106.60352392410567,10.717350497187953,0.4424819069790978,0.5114125208765629,0.500328964016397,0.5351485399058653,0.497292373095804,0.5037704337264024,0.4536160736879386
106.60352392410567,10.735316802870342,0.714661673161597,0.665317070701957,0.691330532921706,0.7071208057087897,0.6500328964016394,0.7237208360746993,0.7068171466167313
106.60352392410567,10.753283108552733,0.6499316767042872,0.6185535705248243,0.6049395212308305,0.6183005212814404,0.5391467179513135,0.649020699428109,0.4886380889721139
106.60352392410567,10.771249414235124,0.6229566273596832,0.35993724378764,0.6071157447239223,0.5644010324409119,0.5962346272584635,0.6247279720633644,0.5379826914317523
106.60352392410567,10.789215719917513,0.7245305936535239,0.6402145857583881,0.685712839718609,0.6654182903993118,0.6616225517485704,0.745483071005617,0.6639506047876913
106.60352392410567,10.807182025599904,0.6074194038159825,0.568500430183713,0.6100511159471634,0.4515410698922018,0.5837339946353554,0.5335290247482148,0.6209322334126212
106.60352392410567,10.825148331282294,0.6218938205374757,0.511564350422592,0.5815577711422644,0.6175413735512939,0.608735259881573,0.6188572296168826,0.5484083202591219
106.60352392410567,10.843114636964684,0.613998684143933,0.6333316463383776,0.5961840174097868,0.565514449111796,0.5389442785566074,0.563490055164735,0.5351485399058653
106.60352392410567,10.861080942647074,0.6988714003745126,0.5820132597803527,0.6949744420264176,0.5868211954046253,0.574320562781517,0.6065084265398042,0.6284224910167526
106.60352392410567,10.914979859694249,0.47664355483577076,0.43909104711776864,0.43873677817703255,0.45791791082544625,0.3819019181132654,0.40882635760919006,0.440457513032036
106.60352392410567,10.968878776741418,0.5709803127688639,0.5281643807885008,0.40169036894579735,0.5271521838149704,0.5167265549876009,0.5349461005111592,0.4880307707879948
106.60352392410567,10.986845082423809,0.5729034870185743,0.44030568348600607,0.5238119338023173,0.5351485399058653,0.48706918366314045,0.5424363581152897,0.4849435700187256
106.60352392410567,11.022777693788589,0.4233513841793611,0.41510197884508315,0.4178349106736163,0.42633736525127724,0.3907080317829847,0.40619464547801004,0.38392631206032635
106.60352392410567,11.04074399947098,0.28432612986487144,0.24793764866642978,0.2707120805708787,0.3368591527911322,0.30365909205931424,0.2563388835467377,0.2753175768004461
106.60352392410567,11.09464291651815,0.6443645933498655,0.4127739258059623,0.5906675439040427,0.5036692140290504,0.6148084417227591,0.551951009666481,0.5190546080267217
106.60352392410567,11.11260922220054,0.6403158054557411,0.48555088820284387,0.33650488385039673,0.6130877068677556,0.5959815780150809,0.5819120400829997,0.5463839263120593
106.60352392410567,11.14854183356532,0.7138013057340955,0.6037248848625933,0.4845893010779893,0.6264993167670423,0.5928437673971354,0.5781669112809361,0.49349663444506353
106.62059191450396,10.627518968776,0.5024545776608136,0.4074092818462466,0.4204666228047972,0.4889923579128492,0.45326180474720357,0.45741181233868017,0.4022470772812387
106.62059191450396,10.64548527445839,0.5356546383926315,0.5307960929196818,0.44597398653778003,0.5081228807125867,0.4814008806113665,0.5820132597803536,0.4548813199048523
106.62059191450396,10.66345158014078,0.5585808998431094,0.4809960018219543,0.48666430487372825,0.45958803583177193,0.5058960473708181,0.5188521686320156,0.44577154714307393
106.62059191450396,10.681417885823173,0.5331241459588026,0.460043524469861,0.4821094184928378,0.5071612935877315,0.4873728427551987,0.48033807378915905,0.428766637987752
106.62059191450396,10.699384191505562,0.37370312262766275,0.3463231944936481,0.38433119084973855,0.4049800091097735,0.3875702211650394,0.4095855053393392,0.3981982893871135
106.62059191450396,11.04074399947098,0.576952274912697,0.4565008350625019,0.5496229566273593,0.582873627207854,0.5585302899944335,0.5397034262867548,0.5031631155422841
106.62059191450396,11.07667661083576,0.5897059567791892,0.4607520623513332,0.5752821499063713,0.5467888051014732,0.4877777215446126,0.5099954451136185,0.43281542588187727
106.62059191450396,11.09464291651815,0.6394048281795628,0.40659952426742224,0.6796396578774222,0.5712839718609238,0.5511918619363328,0.520117414848929,0.5068070246469971
106.62149022978808,10.358024383540142,0.4962295662735964,0.40103244091300216,0.3695531150361854,0.3709701907991297,0.3187914368136036,0.40194341818917956,0.28736272078546454
106.62149022978808,10.375990689222531,0.34121159977731574,0.3171213118072769,0.29404322081076895,0.3321018270155363,0.26823219798572695,0.4494660660964622,0.23756262968773706
106.62149022978808,10.393956994904924,0.5593906574219337,0.3873677817703325,0.3777519105217863,0.3212713193987544,0.3630244445569101,0.460043524469861,0.31418594058403615
106.62149022978808,10.411923300587317,0.5243180322890834,0.408219039425071,0.3792195961334076,0.3121615466369752,0.3486006376840921,0.40325927425476915,0.29723164127739116
106.62149022978808,10.429889606269704,0.411559289437724,0.26195657674983563,0.37704337264031584,0.37552507718001843,0.3855458272179751,0.4556404676350006,0.351839667999393
106.62149022978808,10.447855911952097,0.2789614859051558,0.1830052128144139,0.24343337213421712,0.23989068272685787,0.22485955766992174,0.25396022065893986,0.24464800850245452
106.62149022978808,10.465822217634486,0.4069031833594805,0.4182397894630293,0.3559896755908687,0.387772660559744,0.33493597854142326,0.3997165848474117,0.37400678171972274
106.62149022978808,10.483788523316877,0.37177994837795403,0.3644921301685313,0.3398957437117251,0.36924945594412706,0.31261703527506435,0.4051824485044787,0.3026468950857838
106.62149022978808,10.501754828999266,0.5464851460094132,0.49967103598360185,0.46920390708031723,0.39354218330887164,0.37982691431752585,0.41302697504934444,0.339996963409079
106.62149022978808,10.519721134681657,0.5060984867655233,0.46895085783693585,0.31337618300521175,0.4256288273698053,0.3880763196518038,0.46753378207399154,0.34941039526291734
106.62149022978808,10.537687440364047,0.6529682676248804,0.5090338579887641,0.3705653120097175,0.502657017055518,0.38696290298091945,0.5026064072068419,0.3903031529935725
106.62149022978808,10.555653746046438,0.5873779037400675,0.5075155625284676,0.4680398805607576,0.45245204716837834,0.4855002783541669,0.4558935168783853,0.4306898122374607
106.62149022978808,10.573620051728827,0.6364188471076467,0.4837289336504891,0.46469963054810454,0.494205172326534,0.4074092818462466,0.4017409787944726,0.337010982337162
106.62149022978808,10.591586357411218,0.5309479224657118,0.43797763044688515,0.46146060023280455,0.49850700946404225,0.4788703881775397,0.42719773267877853,0.4246672402449507
106.62149022978808,10.60955266309361,0.49126980110329393,0.42350321372539024,0.451642289589554,0.39323852421681255,0.44728984260337046,0.516928994382306,0.4081684295763957
106.62149022978808,10.717350497187953,0.5656156688091499,0.5096411761728822,0.5245204716837895,0.5569107748367829,0.5036692140290504,0.5258363277493799,0.5052887291866989
106.62149022978808,10.735316802870342,0.6298901766283722,0.5907181537527205,0.6270054152538084,0.5922870590616925,0.574320562781517,0.5990687787843507,0.4914216306493239
106.62149022978808,10.753283108552733,0.6097474568551035,0.520370464092312,0.6178956424920282,0.6034718356192111,0.5413735512930807,0.614606002328053,0.5074143428311138
106.62149022978808,10.771249414235124,0.6278657826813097,0.6710865934510849,0.6620780403866595,0.6388481198441213,0.6343944531605841,0.6083303810921591,0.5875297332860967
106.62149022978808,10.789215719917513,0.6104559947365753,0.6068626954805403,0.6042309833493594,0.571587630952984,0.5780150817349052,0.599625487119792,0.5537729642188376
106.62149022978808,10.807182025599904,0.6491219191254611,0.6405182448504472,0.6359633584695584,0.6939622450528868,0.6326737183055815,0.7277696239688247,0.6167316159724678
106.62149022978808,10.825148331282294,0.6417328812186845,0.6425932486461869,0.6361151880155875,0.5796852067412309,0.5672351839668005,0.6780201427197732,0.5372741535502817
106.62149022978808,10.843114636964684,0.6253352902474809,0.5966395060478765,0.5901614454172776,0.5851510703982988,0.48671491472240436,0.5422339187205819,0.5139936231590667
106.62149022978808,10.861080942647074,0.5870742446480075,0.579786426438584,0.5744217824788691,0.5920846196669871,0.4951667594513892,0.5735614150513687,0.5148539905865672
106.62149022978808,10.879047248329464,0.5782681309782883,0.6211852826560053,0.4996204261349249,0.6248798016093935,0.5211802216711364,0.6077230629080425,0.5681461612429786
106.62149022978808,10.897013554011856,0.5393997671946966,0.5278607216964408,0.5208259527304012,0.5836327749380023,0.5016448200819875,0.5209777822764303,0.5175869224151021
106.62149022978808,10.914979859694249,0.42309833493597804,0.35011893314438947,0.41140745989169486,0.47436611164532677,0.39344096361151776,0.3807885014423811,0.4145958803583171
106.62149022978808,10.932946165376636,0.39409889164431383,0.3995141454527039,0.4103446530694858,0.4224910167518598,0.39389645224960773,0.3927830355787234,0.4069031833594805
106.62149022978808,10.950912471059029,0.38503972873121073,0.36150614909661355,0.33179816792347716,0.4300824940533425,0.3730958044435445,0.4197074750746497,0.3504225922364486
106.62149022978808,10.968878776741418,0.5124753276987694,0.5350979300571892,0.4266410243433372,0.4909155321625579,0.6380889721139732,0.665772559340047,0.5954248696796394
106.62149022978808,10.986845082423809,0.4904094336757918,0.4024495166759448,0.38660863404018336,0.36054456197175916,0.41302697504934444,0.40882635760919095,0.37248848625942454
106.62149022978808,11.004811388106198,0.35416772103851385,0.30143225871754564,0.3550280884660152,0.3604433422744061,0.27228098587985133,0.31373045194594784,0.2806822207601584
106.62149022978808,11.022777693788589,0.5912242522394866,0.5074143428311138,0.4722911078495872,0.5502302748114787,0.5107545928437668,0.523002176223493,0.4924338276228544
106.62149022978808,11.05871030515337,0.6023584189483268,0.4536666835366166,0.5534693051267776,0.5261399868414385,0.5092362973834702,0.482919176071663,0.4524014373197031
106.62149022978808,11.11260922220054,0.6101523356445155,0.5300875550382096,0.4623209676603056,0.5653120097170902,0.5120704489093572,0.5430942861480841,0.48585454729490385
106.62149022978808,11.130575527882932,0.7043878738802565,0.6222986993268879,0.6178956424920293,0.6403664153044174,0.5875803431347736,0.622703578116301,0.5600991953034068
106.62149022978808,11.14854183356532,0.4851460094134317,0.39961536515005697,0.2798218533326579,0.3930360848221056,0.3827116756920898,0.397186092413583,0.3457158763095301
106.63855822018634,10.393956994904924,0.0,0.2792651449972166,0.3241054709246414,0.39693304317020084,0.31560301634698046,0.4306898122374607,0.2782529480236853
106.63855822018634,10.429889606269704,0.05197631459081827,0.3699073839769214,0.3135280125512426,0.3956171871046095,0.32491522850346577,0.35426894073586607,0.37906776658737695
106.63855822018634,10.501754828999266,0.43949592590718,0.45447644111544094,0.471380130573409,0.3586213877220496,0.35350979300571783,0.3905055923882786,0.30467128903284474
106.63855822018634,10.519721134681657,0.6011437825800905,0.5151070398299503,0.41530441823978925,0.3977934105977021,0.4453160585049842,0.4654081684295752,0.3557872361961643
106.63855822018634,10.66345158014078,0.3315451186800941,0.29373956171870896,0.31018776253858954,0.35740675135381306,0.3133761830052126,0.31580545574168656,0.3206640012146362
106.63855822018634,10.717350497187953,0.5150564299812742,0.471785009362822,0.48352649425578215,0.5327192671693904,0.4871197935118174,0.5503314945088307,0.4698618351131124
106.63855822018634,10.735316802870342,0.6072169644212764,0.4971911533984518,0.597398653778025,0.594311453008755,0.5468394149501484,0.5912242522394866,0.48706918366314045
106.63855822018634,10.825148331282294,0.611518801558783,0.606407206842452,0.6104559947365753,0.6346475024039682,0.5362619565767494,0.5578217521129611,0.5033655549369902
106.63855822018634,10.843114636964684,0.6420365403107445,0.6373298243838241,0.6047876916848016,0.5868718052533023,0.47588440710562185,0.5695632370059213,0.5158155777114225
106.63855822018634,10.914979859694249,0.3267371830558223,0.3386811073434885,0.3404018421984911,0.37947264537678893,0.3216255883394905,0.34718356192114946,0.2826053950098688
106.63855822018634,10.932946165376636,0.40295561516271,0.37623361506149144,0.36499822865529574,0.4598410850751549,0.4069031833594805,0.3803836226529672,0.43342274406599385
106.63855822018634,10.950912471059029,0.41839161900905847,0.41621539551596753,0.4585252290095645,0.5713345817095999,0.5721443392884252,0.5346930512677761,0.4704691532972307
106.63855822018634,10.968878776741418,0.38250923629738287,0.29551090642238875,0.38119338023179156,0.45138924034617095,0.39708487271623083,0.4190495470418528,0.4267422440406911
106.63855822018634,10.986845082423809,0.42370565312009634,0.39151778936180903,0.38731717192165555,0.4413178804595365,0.382559846146059,0.3953641378612265,0.4027531757680048
106.63855822018634,11.04074399947098,0.5610101725795833,0.517080823928336,0.44759350169543044,0.5849486310035935,0.5238119338023173,0.521787539855255,0.48352649425578126
106.63855822018634,11.11260922220054,0.6073181841186303,0.657573763854446,0.5583278505997263,0.5553924793764863,0.5690065286704789,0.5925907181537523,0.502960676147578
106.63855822018634,11.130575527882932,0.6944683435396529,0.4609545017460393,0.37380434232501497,0.5222936383420216,0.5445619717597044,0.5350473202085131,0.4413178804595365
106.63945653547046,10.358024383540142,0.5427906270560247,0.5673870135128295,0.38934156586871727,0.5136899640670076,0.41581051672655533,0.5381851308264584,0.33898476643554765
106.63945653547046,10.375990689222531,0.3577104104458713,0.4300824940533425,0.29495419808694723,0.35750797105116694,0.29384078141606274,0.388481198441216,0.32289083455640316
106.63945653547046,10.411923300587317,0.5268991345715873,0.4688496381395809,0.38746900146768465,0.3876714408623916,0.3955665772559326,0.4378764107495321,0.35973480439293565
106.63945653547046,10.447855911952097,0.43504225922364426,0.4321068880004051,0.43352396376334773,0.3899994939015125,0.38837997874386376,0.5197631459081938,0.3863049749481242
106.63945653547046,10.465822217634486,0.5209777822764312,0.4512374108001401,0.4487575282149909,0.4433422744065991,0.4614606002328056,0.4999240852269849,0.4167214940027336
106.63945653547046,10.483788523316877,0.29110784958752894,0.3292170656409732,0.27450781922162004,0.2762791639252996,0.21387722050711072,0.29616883445518544,0.2703072017814665
106.63945653547046,10.537687440364047,0.31469203907080306,0.4711776911787029,0.3293688951870032,0.41297636520066666,0.3809909408370872,0.4905612632218218,0.2921200465610602
106.63945653547046,10.555653746046438,0.7707879953438936,0.45214838807631835,0.45397034262867486,0.5222430284933455,0.4774027025659184,0.45346424414190883,0.41414039172022904
106.63945653547046,10.573620051728827,0.6628877979654839,0.520370464092312,0.5552912596791324,0.5753327597550474,0.5549876005870733,0.5562022369553105,0.5182448504478964
106.63945653547046,10.591586357411218,0.551849789969128,0.4841338124399012,0.4001214636368239,0.4342325016448199,0.43656055468394167,0.4881826003340248,0.4306898122374607
106.63945653547046,10.60955266309361,0.5498253960220663,0.4270965129814255,0.41778430082494017,0.4119641682271362,0.4447087403208667,0.4904094336757935,0.4240093122121563
106.63945653547046,10.627518968776,0.5413735512930807,0.43787641074953126,0.33336707323245063,0.4553874183916184,0.4246672402449507,0.4854496685054917,0.3756769067260484
106.63945653547046,10.64548527445839,0.5819120400829997,0.49617895642491966,0.4196568652259728,0.4993673768915436,0.502910066298901,0.5355028088466007,0.4765423351384171
106.63945653547046,10.681417885823173,0.5260387671440858,0.42289589554127194,0.4196568652259728,0.4923326079255022,0.44728984260337046,0.47497342982944424,0.4442532516827774
106.63945653547046,10.699384191505562,0.5292271876107091,0.4866136950250513,0.48965028594564436,0.5385900096158706,0.5150058201325981,0.5345412217217461,0.47046915329723155
106.63945653547046,10.753283108552733,0.6406194645478,0.5191052178753985,0.6455792297181037,0.6570170555190037,0.5721443392884252,0.6304974948124905,0.4947618806619762
106.63945653547046,10.771249414235124,0.6697707373854944,0.7163824080165997,0.6551951009666481,0.6823219798572792,0.608431600789513,0.6429475175869228,0.5824181385697658
106.63945653547046,10.789215719917513,0.6121767295915782,0.5687534794270969,0.5811528923528522,0.4997216458322788,0.5818108203856458,0.6113669720127521,0.5247229110784956
106.63945653547046,10.807182025599904,0.5990181689356754,0.5444607520623506,0.57735715370211,0.5903132749633084,0.5014929905359575,0.5409180626549931,0.5259375474467329
106.63945653547046,10.861080942647074,0.6421377600080984,0.5620223695531147,0.5674882332101817,0.5795839870438787,0.5171314337770129,0.5796852067412309,0.5275570626043826
106.63945653547046,10.879047248329464,0.7388531808289894,0.7598056581810818,0.7249354724429359,0.7168378966546888,0.5911230325421327,0.7165848474113066,0.6469456956323695
106.63945653547046,10.897013554011856,0.5752315400576944,0.5679437218482708,0.531504630801154,0.588643149956981,0.5530644263373645,0.5227997368287869,0.5508375929955968
106.63945653547046,11.004811388106198,0.5247229110784956,0.4733033048231177,0.4072068424515405,0.4967356647603627,0.45979047522647887,0.47983197530239297,0.45639961536514967
106.63945653547046,11.022777693788589,0.6330785970949945,0.5674882332101825,0.7018573814464295,0.6196669871957079,0.5589351687838456,0.5593400475732576,0.5844931423655035
106.63945653547046,11.05871030515337,0.5695126271572443,0.4977984715825684,0.5777620324915222,0.5632370059213521,0.5573156536261958,0.5597449263626698,0.47725087301988905
106.63945653547046,11.07667661083576,0.5537729642188367,0.4737587934612068,0.5534693051267776,0.548914418745887,0.5464851460094132,0.506300926160231,0.4569057138519141
106.63945653547046,11.09464291651815,0.7706361657978645,0.6098992864011342,0.711068373905561,0.5699681157953335,0.6295865175363122,0.619970646287767,0.5537729642188376
106.63945653547046,11.14854183356532,0.36828786881927184,0.36256895591882093,0.36985677412824364,0.5053899488840528,0.4288678576851059,0.4017409787944726,0.36707323245103446
106.65652452586872,10.375990689222531,0.266207804038666,0.3409079406852572,0.3569512627157239,0.3854446075206229,0.34657624373703116,0.42142820992965235,0.3008249405334273
106.65652452586872,10.429889606269704,0.3463738043423234,0.21853332658535254,0.2957133458170963,0.3147932587681561,0.2599827926514501,0.3781567893111985,0.29459992914621197
106.65652452586872,10.447855911952097,0.31332557315653553,0.3297737739764154,0.28356698213472314,0.274254769978237,0.26215901614454185,0.2975859102181281,0.2660053646439589
106.65652452586872,10.465822217634486,0.2734956222480887,0.2928285844425324,0.271876107090439,0.2626651146313076,0.25426387975099896,0.3006225011387212,0.20719672048180546
106.65652452586872,10.537687440364047,0.674477453312414,0.4698618351131124,0.35841894832734517,0.4300824940533425,0.4379270205982074,0.40336049395212303,0.36509944835264796
106.65652452586872,10.555653746046438,0.46965939571840637,0.437218482716736,0.37481653929854714,0.42745078192216157,0.3705653120097175,0.40002024393947,0.36884457715471486
106.65652452586872,10.771249414235124,0.6040285439546533,0.6076724530593658,0.5845943620628566,0.6241206538792444,0.5684498203350369,0.6126828280783426,0.5902120552659545
106.65652452586872,10.879047248329464,0.4927374867149144,0.514651551191862,0.4641429222126615,0.5792803279518187,0.5120704489093572,0.571992509742396,0.49820335037198143
106.65652452586872,10.897013554011856,0.37891593704134763,0.2949035882382703,0.3074042208613795,0.4044739106230074,0.3699579938255975,0.36277139531352703,0.3713750695885419
106.65652452586872,11.07667661083576,0.5714864112556299,0.4726959866389994,0.4926362670175607,0.47482160028341425,0.45893010779897836,0.4311959107242268,0.29829444809960026
106.65742284115284,10.358024383540142,0.4432410547092469,0.4585252290095645,0.38225618705400066,0.4325117667898173,0.4178349106736163,0.44804899033351786,0.35568601649881043
106.65742284115284,10.393956994904924,0.37927020598208455,0.31671643301786484,0.4100409939774275,0.386051925704742,0.3393896452249607,0.4495166759451375,0.34288172478364287
106.65742284115284,10.411923300587317,0.3801811832582628,0.29697859203400995,0.3410091603826111,0.3806872817450272,0.302849334480488,0.3856470469153298,0.3048737284275524
106.65742284115284,10.483788523316877,0.3124652057290353,0.2759248949845627,0.25244192519864256,0.25537729642188334,0.22526443645933475,0.3038109216053433,0.2072979401791585
106.65742284115284,10.501754828999266,0.7536818664912179,0.5007338428058103,0.5343387823270392,0.49956981628624986,0.4244141910015685,0.4808441722759243,0.3514347892099808
106.65742284115284,10.519721134681657,0.5605546839414951,0.5097423958702363,0.506300926160231,0.43721848271673686,0.4616630396275115,0.49445822156991703,0.40219646743256177
106.65742284115284,10.573620051728827,0.7383976921909003,0.5070094640417016,0.41581051672655533,0.451642289589554,0.4723923275469411,0.44445569107748345,0.31484386861683217
106.65742284115284,10.591586357411218,0.6276633432866027,0.4180373500683232,0.41348246368743274,0.40336049395212303,0.48317222531504606,0.47684599423047686,0.39060681208563164
106.65742284115284,10.60955266309361,0.49344602459638487,0.4438483728933635,0.4391922668151217,0.4612075509894215,0.45184472898425987,0.4476441115441057,0.40047573257755914
106.65742284115284,10.627518968776,0.5635912748620873,0.43291664557922943,0.4387873880257095,0.45508375929955924,0.5034667746343424,0.5417278202338175,0.47026671390252545
106.65742284115284,10.64548527445839,0.5050862897919928,0.5350473202085131,0.45660205475985577,0.5160180171061285,0.5384887899185175,0.5573156536261951,0.5157143580140694
106.65742284115284,10.66345158014078,0.5495217369300063,0.4247178500936276,0.4300824940533425,0.4923832177741783,0.5008856723518392,0.45194594868161314,0.45159167974087705
106.65742284115284,10.681417885823173,0.34495672857938076,0.38579887646135813,0.3532567437623356,0.3665671339642692,0.3591274862088157,0.4416215395515965,0.38053545219899637
106.65742284115284,10.699384191505562,0.3384786679487824,0.30047067159269203,0.3815476491725285,0.4887899185181431,0.4104458727668405,0.4466825244192513,0.4375727516574713
106.65742284115284,10.717350497187953,0.4582721797661823,0.44030568348600607,0.4700642745078185,0.4920289488334422,0.42532516827774675,0.4787691684801856,0.4121666076218423
106.65742284115284,10.735316802870342,0.5673364036641525,0.5780656915835822,0.590920593147425,0.583430335543297,0.5448656308517628,0.6044840325927416,0.5657168885065021
106.65742284115284,10.753283108552733,0.6451743509286916,0.6277139531352806,0.620679184169239,0.6966951768814199,0.5567589452907529,0.6235133356951261,0.594058403765372
106.65742284115284,10.789215719917513,0.6222986993268879,0.6040791538033294,0.6140999038412869,0.6093425780656913,0.5577205324156089,0.5976010931727311,0.49941798674022053
106.65742284115284,10.807182025599904,0.7355635406650133,0.6774128245356541,0.6586365706766526,0.6815122222784545,0.6148084417227591,0.7072220254061435,0.6412267827319202
106.65742284115284,10.825148331282294,0.6138468545979048,0.5490156384432419,0.5863657067665371,0.49425578217521093,0.4554886380889723,0.5348448808138054,0.4462270357811631
106.65742284115284,10.843114636964684,0.6461865479022203,0.6093931879143681,0.6256389493395409,0.4496178956424914,0.5351991497545422,0.6227035781163001,0.5365656156688079
106.65742284115284,10.861080942647074,0.61744015385394,0.6000303659092059,0.5845437522141805,0.6006376840933242,0.5186497292373095,0.6293334682929292,0.5502302748114787
106.65742284115284,10.914979859694249,0.41064831216154746,0.3697555544308914,0.41085075155625184,0.46768561162002065,0.4073080621488927,0.38898729692798123,0.38443241054709243
106.65742284115284,10.932946165376636,0.417227592489498,0.4325117667898173,0.35391467179513086,0.497545422339187,0.4656612176729587,0.4902069942810874,0.46844475935016977
106.65742284115284,10.950912471059029,0.6185535705248243,0.591730350726251,0.49708993370109794,0.5979047522647896,0.5198137557568698,0.5293790171567391,0.49385090338579873
106.65742284115284,10.968878776741418,0.6039779341059756,0.540411964168227,0.6357609190748509,0.5703729945847464,0.6017511007642083,0.651854850953996,0.5418290399311697
106.65742284115284,10.986845082423809,0.5432461156941141,0.5078192216205267,0.41910015689053143,0.4496685054911681,0.5158155777114216,0.5272534035123243,0.4889923579128492
106.65742284115284,11.004811388106198,0.582772407510501,0.5346424414191,0.48939723670226304,0.45801913052280013,0.4978490814312462,0.5223948580393747,0.49051065337314675
106.65742284115284,11.022777693788589,0.5538741839161898,0.46459841085075065,0.42441419100156763,0.47067159269193826,0.43873677817703255,0.42127638038362175,0.3711726301938341
106.65742284115284,11.04074399947098,0.7167366769573351,0.6337365251277896,0.6008907333367064,0.5223948580393747,0.5989169492383215,0.5959815780150823,0.5715370211043069
106.65742284115284,11.05871030515337,0.5818108203856458,0.5014423806872814,0.6118730704995182,0.6119742901968721,0.5937547446733137,0.5647046915329716,0.5119692292120042
106.65742284115284,11.09464291651815,0.6508932638291408,0.4826661268282808,0.49850700946404225,0.5300875550382096,0.5114125208765629,0.5129814261855352,0.49248443747153137
106.65742284115284,11.11260922220054,0.6649121919125457,0.5068576344956723,0.4535654638392627,0.6068120856318642,0.5147527708892142,0.480085024545776,0.44238068728174457
106.65742284115284,11.130575527882932,0.4614606002328056,0.4697100055670824,0.40563793714256785,0.5290753580646791,0.4893466268535844,0.5434485550888201,0.5008350625031615
106.65742284115284,11.14854183356532,0.40508122880712566,0.41287514550331444,0.39845133863049653,0.4914216306493239,0.41813856976567626,0.4160635659699367,0.351536008907333
106.67449083155113,10.358024383540142,0.5316058504985078,0.5528619869426593,0.5709803127688639,0.5640973733488533,0.5052887291866989,0.6322688395161693,0.43195505845437426
106.67449083155113,10.375990689222531,0.3808897211397333,0.4262361455539242,0.4158105167265545,0.3750695885419302,0.4199605243180311,0.4418239789463026,0.3414140391720233
106.67449083155113,10.393956994904924,0.35001771344703647,0.43787641074953126,0.3229920542537579,0.36930006579280233,0.3685409180626549,0.5184472898426034,0.3499164937496834
106.67449083155113,10.411923300587317,0.33564451642289544,0.4227946758439198,0.38443241054709243,0.34293233463231815,0.35791284984057914,0.4184928387064115,0.288374917758995
106.67449083155113,10.465822217634486,0.4096361151880153,0.45488131990485314,0.38250923629738204,0.4236044334227441,0.43726909256541296,0.5553418695278094,0.3542689407358669
106.67449083155113,10.483788523316877,0.5284680398805608,0.46723012298193156,0.4393947062098278,0.4396983653018878,0.46161242977883454,0.49425578217521093,0.35755858089984305
106.67449083155113,10.501754828999266,0.6457816691128098,0.5608583430335542,0.33974391416569677,0.4927374867149144,0.46323194493648495,0.521787539855255,0.3712232400425119
106.67449083155113,10.519721134681657,0.6023078090996506,0.4599929146211841,0.4891947973075552,0.4388886077230617,0.4345361607368782,0.46120755098942234,0.3734500733842806
106.67449083155113,10.537687440364047,0.6912293132243529,0.459942304772509,0.41540563793714314,0.46712890328457934,0.49187711928741285,0.4537172933852919,0.3713750695885419
106.67449083155113,10.555653746046438,0.5106533731464137,0.45245204716837834,0.4420264183410087,0.46642036540310716,0.4514398501948479,0.45508375929955924,0.3463738043423234
106.67449083155113,10.573620051728827,0.57487727111696,0.5352497596032174,0.40123488030770654,0.4596892555291258,0.4354471380130573,0.42127638038362175,0.4034617136494761
106.67449083155113,10.591586357411218,0.4492130168530792,0.3503719823877725,0.5640467635001775,0.6504377751910516,0.5926919378511054,0.5812035022015292,0.5392985474973427
106.67449083155113,10.60955266309361,0.41069892201022273,0.4098385545827214,0.3834202135735605,0.45245204716837834,0.4077635507869835,0.44243129713042084,0.3738043423250158
106.67449083155113,10.627518968776,0.5044789716078745,0.46267523660104193,0.5226985171314338,0.47294903588238224,0.48939723670226304,0.47218988815223356,0.45898071764765364
106.67449083155113,10.64548527445839,0.36965433473353926,0.39394706209828384,0.34546282706614684,0.41085075155625184,0.39015132344754166,0.4279062705602499,0.3701604332203053
106.67449083155113,10.66345158014078,0.6548914418745874,0.6425932486461859,0.9793005718912906,0.9793005718912906,0.9793005718912906,0.9793005718912906,0.9793005718912906
106.67449083155113,10.681417885823173,0.3745128802064888,0.30416519054608043,0.3853433878232707,0.40852269851713097,0.3894427855660712,0.397186092413583,0.3803836226529672
106.67449083155113,10.699384191505562,0.3237005921352292,0.3299256035224454,0.33544207702818934,0.3478414899539447,0.3243079103193475,0.3753226377853124,0.3437420922111442
106.67449083155113,10.717350497187953,0.42309833493597804,0.3007743306847514,0.39131534996710293,0.3773470317323741,0.38676046358621335,0.44546788805101395,0.3854446075206229
106.67449083155113,10.735316802870342,0.6609140138670982,0.6099498962498094,0.6693658585960822,0.6276127334379275,0.6118730704995182,0.6613695025051873,0.66309023736019
106.67449083155113,10.753283108552733,0.5903132749633084,0.5592388278759046,0.5907181537527205,0.6009919530340601,0.5142972822511259,0.5930968166405176,0.5728022673212204
106.67449083155113,10.771249414235124,0.5835821650893256,0.6222480894782129,0.5554430892251622,0.5582266309023733,0.5330229262614504,0.5987651196922907,0.5517485702717733
106.67449083155113,10.789215719917513,0.6589402297687126,0.6119742901968721,0.6434536160736872,0.6605597449263613,0.585859608279771,0.6318133508780801,0.5258363277493799
106.67449083155113,10.807182025599904,0.6212865023533582,0.5860620476744771,0.5962346272584645,0.588693759805658,0.546029657371324,0.6080773318487769,0.5453211194898527
106.67449083155113,10.825148331282294,0.783440457513032,0.5326686573207143,0.5346424414191009,0.6339895743711728,0.6204261349258561,0.628473100865428,0.5149552102839211
106.67449083155113,10.843114636964684,0.6868768662381693,0.6648109722151926,0.6673414646490213,0.6782225821144786,0.5557973581658985,0.6593451085581248,0.6198694265904148
106.67449083155113,10.861080942647074,0.6285743205627818,0.6197682068930609,0.620274305379827,0.6119742901968721,0.5614656612176725,0.712080570879093,0.5618199301584094
106.67449083155113,10.879047248329464,0.5239131534996695,0.47537830861885727,0.45037704337264045,0.5683486006376847,0.5160180171061285,0.5724986082291604,0.4837289336504891
106.67449083155113,10.897013554011856,0.41510197884508315,0.2588187661318886,0.44506300926160175,0.44708740320866436,0.3727921453514845,0.40862391821448313,0.4014373197024143
106.67449083155113,10.914979859694249,0.3930360848221056,0.38650741434283115,0.4365605546839408,0.4144946606609649,0.3537628422491,0.3419201376587877,0.38665924388886114
106.67449083155113,10.932946165376636,0.43767397135482516,0.4358520168024703,0.43008249405334165,0.5089326382914119,0.44799838048484264,0.4262361455539242,0.4535654638392627
106.67449083155113,10.950912471059029,0.4433422744065991,0.46965939571840637,0.48717040336049433,0.5288729186699722,0.45958803583177193,0.46475024039678003,0.49617895642491966
106.67449083155113,10.968878776741418,0.6566121767295917,0.6329267675489654,0.5867705855559492,0.6953287109671534,0.6296877372336653,0.6657219494913709,0.6138974644465808
106.67449083155113,10.986845082423809,0.5816083809909397,0.35437016043321995,0.520066805000252,0.4463788653271922,0.4900045548863796,0.5193076572701046,0.5104003239030315
106.67449083155113,11.004811388106198,0.5484083202591219,0.49582468748418357,0.4909155321625579,0.5901614454172784,0.5301887747355635,0.5177387519611312,0.560554683941494
106.67449083155113,11.022777693788589,0.5443595323649967,0.4849435700187256,0.33696037248848587,0.4977984715825703,0.44916240700440224,0.4428361759198347,0.38473606963915075
106.67449083155113,11.04074399947098,0.6328761577002884,0.49850700946404225,0.5073637329824384,0.5942608431600798,0.6133913659598165,0.5707778733741595,0.5485601498051519
106.67449083155113,11.05871030515337,0.6507920441317886,0.5367680550635157,0.5921352295156632,0.5397540361354318,0.48428564198592955,0.5295814565514435,0.49167467989270697
106.67449083155113,11.07667661083576,0.7790880105268477,0.6964927374867147,0.7239232754694069,0.6980616427956882,0.6711878131484388,0.6018017106128847,0.6200718659851211
106.67449083155113,11.09464291651815,0.7810111847765573,0.6416316615213323,0.596588896199199,0.6821195404625737,0.6695682979907883,0.6178450326433521,0.6136950250518748
106.67449083155113,11.11260922220054,0.44546788805101395,0.42613492585657115,0.23533579634596835,0.4477453312414596,0.38595070600738896,0.38655802419150725,0.34303355432967203
106.67449083155113,11.130575527882932,0.41960625537729584,0.30315299357254816,0.316817652715217,0.47644111544106466,0.3807885014423794,0.4898021154916752,0.3768409332456081
106.67449083155113,11.14854183356532,0.460347183561921,0.3655043271420618,0.25244192519864256,0.49557163824080136,0.38620375525077116,0.39470620982843213,0.3846854597904738
106.67538914683524,10.429889606269704,0.45968925552912493,0.41125563034566404,0.4150513689964062,0.42659041449466023,0.4062958651753639,0.5055923882787589,0.39116352042107294
106.67538914683524,10.447855911952097,0.7244293739561715,0.5509388126929489,0.57766081279417,0.5468394149501493,0.5157649678627455,0.6274609038918966,0.4951667594513892
106.69245713723352,10.429889606269704,0.37927020598208455,0.3773470317323741,0.31651399362315874,0.3301786527658276,0.3578116301432261,0.482919176071663,0.28564198593046186
106.69245713723352,10.555653746046438,0.4780100207500381,0.4434941039526283,0.3953641378612273,0.4135836833847866,0.4024495166759448,0.4293233463231942,0.3591780960574918
106.69245713723352,10.879047248329464,0.46480085024545675,0.4465813047218983,0.4681411002581098,0.419758084923325,0.4046257401690366,0.5160180171061285,0.40457513032035963
106.69335545251764,10.358024383540142,0.5025051875094888,0.4353965281643812,0.4001214636368239,0.36499822865529574,0.3795738650741428,0.4636368237258963,0.3524469861835112
106.69335545251764,10.375990689222531,0.3728933650488376,0.3987549977225565,0.3534591831570417,0.3081633685915268,0.3519408876967452,0.44784655093881265,0.3464750240396773
106.69335545251764,10.393956994904924,0.4187458879497945,0.41085075155625184,0.3007237208360734,0.36256895591882093,0.2945493192975349,0.4388886077230617,0.3636823725897053
106.69335545251764,10.411923300587317,0.3916190090591629,0.4473910623007227,0.3047725087301986,0.34510855812541075,0.3695531150361854,0.4831216154663691,0.3049749481249047
106.69335545251764,10.447855911952097,0.18128447795940977,0.293992610962092,0.18492838706412093,0.2805810010628061,0.2046662280479776,0.2610455994736573,0.2244040690318343
106.69335545251764,10.465822217634486,0.3552305278607213,0.40659952426742224,0.2410040993977423,0.3195505845437518,0.29869932688901246,0.4145958803583171,0.28928589503517305
106.69335545251764,10.483788523316877,0.666126828280784,0.5893516878384529,0.5625790778885569,0.5822156991750579,0.5306948732223296,0.6450731312313377,0.519560706513486
106.69335545251764,10.501754828999266,0.3096310542031482,0.3180828989321314,0.2781517283263315,0.2781517283263315,0.26246267523659994,0.30644263373652525,0.20618452350827415
106.69335545251764,10.519721134681657,0.6540816842957639,0.48656308517637437,0.5245204716837895,0.4713295207247329,0.462067918416923,0.5350473202085122,0.38372387266562025
106.69335545251764,10.537687440364047,0.4581709600688284,0.4224910167518598,0.3164127739258049,0.40751050154359963,0.386203755250772,0.4266410243433372,0.3261298648717032
106.69335545251764,10.573620051728827,0.3987549977225565,0.505187509489345,0.39151778936180903,0.4068525735108044,0.3880763196518038,0.4306898122374616,0.3991092666632917
106.69335545251764,10.591586357411218,0.33837744825143024,0.3390859861329007,0.3044688496381403,0.3392884255276068,0.31428716028139003,0.30608836479578905,0.3094286148084404
106.69335545251764,10.60955266309361,0.4387873880257095,0.5087808087453811,0.39131534996710293,0.459132547193683,0.4468849638139566,0.40680196366212834,0.4080672098790418
106.69335545251764,10.627518968776,0.4485044789716087,0.5090844678374402,0.4101422136747814,0.49213016853079444,0.44931423655043307,0.41500075914772927,0.43757275165747295
106.69335545251764,10.64548527445839,0.48463991092666564,0.5595424869679635,0.4607520623513332,0.5017966496280175,0.5435497747861732,0.46206791841692363,0.4907130927678516
106.69335545251764,10.66345158014078,0.47436611164532533,0.520370464092312,0.48636064578166993,0.505389948884052,0.4732526949744416,0.5609595627309081,0.500632623108457
106.69335545251764,10.681417885823173,0.34343843311908423,0.4292221266258403,0.35765980059719527,0.408219039425071,0.4194544258312667,0.44207702818968564,0.3636317627410292
106.69335545251764,10.699384191505562,0.391416569664456,0.3730451945948684,0.3439445316058503,0.35447138013057217,0.326028645174351,0.36019029303102307,0.31793106938610305
106.69335545251764,10.717350497187953,0.5764461764259318,0.43757275165747295,0.4555898577863245,0.4592337668910367,0.46161242977883454,0.440609342578066,0.38463484994179853
106.69335545251764,10.735316802870342,0.5223948580393747,0.30143225871754564,0.5093375170808241,0.5207753428817242,0.45584290702970837,0.5631863960726751,0.4741130624019429
106.69335545251764,10.753283108552733,0.6371273849891189,0.562983956677969,0.5277088921504117,0.47714965332253684,0.511159471633179,0.5646034718356187,0.46991244496178936
106.69335545251764,10.771249414235124,0.599625487119792,0.6645073131231327,0.6021559795536207,0.5124753276987694,0.5214838807631964,0.6130877068677565,0.5423351384179358
106.69335545251764,10.789215719917513,0.4720886684548811,0.3991092666632917,0.5314034111038,0.48474113062401974,0.49860822916139447,0.48595576699225607,0.48150210030872037
106.69335545251764,10.807182025599904,0.6145553924793761,0.5961840174097884,0.6076218432106886,0.6197682068930609,0.503264335239638,0.6699731767802022,0.505187509489345
106.69335545251764,10.825148331282294,0.6099498962498094,0.5590363884811976,0.5792803279518187,0.6194139379523257,0.5167265549875999,0.582063869629029,0.5101472746596485
106.69335545251764,10.843114636964684,0.5028088466015488,0.4480996001821948,0.4111544106483118,0.4914216306493239,0.4098385545827214,0.5329217065640982,0.5048838503972867
106.69335545251764,10.861080942647074,0.6234121159977739,0.611366972012753,0.5556961384685448,0.6305481046611677,0.519560706513486,0.6112657523153999,0.5423351384179358
106.69335545251764,10.897013554011856,0.39986841439344084,0.4071562326028644,0.4247178500936276,0.4363581152892347,0.3588744369654335,0.48281795637430996,0.3691482362467732
106.69335545251764,10.914979859694249,0.4977984715825684,0.49946859658889575,0.5059466572194941,0.4937496836884465,0.4609545017460393,0.488587479123437,0.4442532516827774
106.69335545251764,10.932946165376636,0.4198593046206789,0.39576901665064035,0.388734247684599,0.43018371375069636,0.38104155068576245,0.3682372589705949,0.3980970696897613
106.69335545251764,10.950912471059029,0.7163317981679236,0.6440609342578055,0.6283212713193987,0.6077230629080408,0.6832329571334578,0.711372032997621,0.6935573662634746
106.69335545251764,10.968878776741418,0.6557518093020905,0.4978996912799223,0.6147072220254068,0.4688496381395809,0.5924388886077234,0.5906169340553666,0.5762437370312257
106.69335545251764,10.986845082423809,0.7224049800091089,0.5074143428311145,0.6535755858089969,0.6275621235892497,0.6860671086593456,0.6494255782175211,0.6127334379270204
106.69335545251764,11.004811388106198,0.557113214231489,0.39136595981577904,0.3287615770028849,0.4691532972316403,0.43575079710511644,0.42481906979098155,0.41479831975302317
106.69335545251764,11.022777693788589,0.6710865934510849,0.5039728731211084,0.35001771344703647,0.5110582519358268,0.5760412976365196,0.5310491421630648,0.5691583582165074
106.69335545251764,11.04074399947098,0.7276684042714706,0.5915279113315447,0.5385900096158706,0.5981071916594972,0.5966901158965529,0.5617187104610549,0.5653120097170916
106.69335545251764,11.05871030515337,0.6966951768814199,0.42208613796244593,0.456298395667796,0.6131889265651087,0.5636924945594411,0.5312009717090947,0.5307454830710057
106.69335545251764,11.07667661083576,0.6932537071714155,0.6662280479781362,0.5916797408775741,0.6113163621640769,0.6067108659345103,0.6463889872969281,0.6725036692140294
106.69335545251764,11.09464291651815,0.717394604990131,0.594058403765372,0.6165291765777617,0.5713345817095999,0.5160686269548046,0.6177944227946752,0.5943620628574319
106.69335545251764,11.11260922220054,0.5531656460347186,0.542891846753378,0.4414191001568904,0.522597297434081,0.49025760412976266,0.5758388582418135,0.5246723012298187
106.69335545251764,11.130575527882932,0.7212915633382262,0.5918315704236032,0.5198137557568698,0.6987701806771595,0.634040184219848,0.6426438584948628,0.6141505136899639
106.69335545251764,11.14854183356532,0.6661774381294601,0.4473910623007235,0.5221924186446686,0.6121261197429021,0.5859608279771249,0.6682524419251996,0.6329267675489654
106.71042344291592,10.358024383540142,0.3159066754390388,0.3691482362467732,0.4427349562224808,0.3524469861835112,0.34485550888202854,0.4704691532972307,0.3804848423503211
106.71042344291592,10.375990689222531,0.44263373652512694,0.4682929298041398,0.36469456956323576,0.3490055164735043,0.39151778936180903,0.48261551697960303,0.3536616225517478
106.71042344291592,10.393956994904924,0.3833189938762081,0.36707323245103446,0.29920542537577854,0.3275469406346467,0.3607470013664644,0.4167214940027328,0.2508224100409937
106.71042344291592,10.411923300587317,0.42724834252745547,0.42132699023229847,0.4474416721493996,0.4014373197024143,0.38595070600738896,0.5110076420871498,0.39151778936180903
106.71042344291592,10.429889606269704,0.43463738043423206,0.42309833493597804,0.3807378915937033,0.4501746039779344,0.3951110886178443,0.4069031833594805,0.33787134976466415
106.71042344291592,10.447855911952097,0.3932385242168134,0.4537172933852919,0.3072523913153495,0.39865377802520346,0.31276886482109345,0.4770990434738599,0.36459334986588354
106.71042344291592,10.465822217634486,0.4119135583784593,0.4142922212662588,0.3691988460954493,0.4754289184675342,0.4070044030568344,0.46905207753428807,0.36332810364897006
106.71042344291592,10.483788523316877,0.27582367528721047,0.32117009970140115,0.2426742244040679,0.2558833949086477,0.23695531150361784,0.274254769978237,0.23062908041904875
106.71042344291592,10.501754828999266,0.4789716078748925,0.4672807328306085,0.46419353206133845,0.4187458879497945,0.41388734247684494,0.47962953590768687,0.385647046915329
106.71042344291592,10.519721134681657,0.6282200516220446,0.4839313730451937,0.502657017055518,0.48180575940077863,0.4607520623513332,0.5382863505238106,0.3996153651500578
106.71042344291592,10.537687440364047,0.44445569107748345,0.3784604484032585,0.40042512272888303,0.4161647856672899,0.4115086795890479,0.39587023634799257,0.31140239890682775
106.71042344291592,10.555653746046438,0.43134774027025596,0.4053848878991848,0.37795434991649407,0.45670327445720965,0.40548610759653786,0.414393440963611,0.3503719823877717
106.71042344291592,10.573620051728827,0.4509337517080818,0.5056936079761113,0.42613492585657115,0.4410142213674782,0.44465813047218955,0.402550736373297,0.40680196366212834
106.71042344291592,10.591586357411218,0.4974948124905101,0.5190546080267217,0.3876714408623916,0.4830710056176922,0.41889771749582366,0.4111544106483118,0.4101422136747814
106.71042344291592,10.60955266309361,0.4187458879497945,0.4439495925907174,0.362923224859557,0.4117617288324301,0.41611417581861365,0.3800799635609089,0.3980970696897613
106.71042344291592,10.627518968776,0.39344096361151776,0.4905106533731457,0.37673971354825586,0.4343337213421721,0.408472088668454,0.5159167974087748,0.4411154410648304
106.71042344291592,10.64548527445839,0.6132901462624626,0.5075155625284676,0.39784402044637823,0.38053545219899804,0.5082241004099389,0.5139936231590657,0.48352649425578126
106.71042344291592,10.66345158014078,0.3700592135229514,0.3313932891340658,0.30704995192064416,0.33797256946201804,0.33918720583025375,0.3607470013664644,0.28898223594311345
106.71042344291592,10.681417885823173,0.36019029303102307,0.351839667999393,0.3386811073434885,0.42704590313274937,0.3552305278607213,0.4420264183410087,0.3492585657168882
106.71042344291592,10.699384191505562,0.38392631206032635,0.4584240093122123,0.3608482210638183,0.42573004706715895,0.33736525127789807,0.43413128194746686,0.38665924388886114
106.71042344291592,10.717350497187953,0.42714712283010325,0.4837289336504882,0.4024495166759448,0.46287767599574803,0.402854395465357,0.4862088162356391,0.3800799635609089
106.71042344291592,10.735316802870342,0.5286198694265908,0.48646186547902215,0.5000759147730149,0.5640973733488533,0.548610759653828,0.5076673920744976,0.47613745634900445
106.71042344291592,10.753283108552733,0.6357609190748514,0.6455792297181037,0.5865681461612414,0.5973480439293489,0.5491168581405941,0.6049901310795077,0.5125765473961232
106.71042344291592,10.771249414235124,0.5485601498051519,0.5334278050508626,0.5333265853535104,0.5551900399817801,0.4878789412419656,0.5284174300318839,0.4476441115441057
106.71042344291592,10.789215719917513,0.6153145402095237,0.6049901310795077,0.5792803279518187,0.6010425628827364,0.5720937294397482,0.637279214535148,0.5397034262867548
106.71042344291592,10.807182025599904,0.6491725289741381,0.6329267675489645,0.6533225365656156,0.6088364795789252,0.5865681461612423,0.7064122678273191,0.5115643504225929
106.71042344291592,10.825148331282294,0.5604534642441403,0.5424363581152897,0.5083253201072919,0.5574168733235473,0.49506553975403617,0.5055923882787581,0.47421428209929595
106.71042344291592,10.843114636964684,0.589149248443747,0.5557467483172224,0.5468900247988254,0.5309985323143879,0.49941798674022053,0.5260387671440858,0.45346424414190967
106.71042344291592,10.861080942647074,0.5171314337770129,0.5366668353661618,0.5549876005870742,0.5497241763247124,0.4586264487069167,0.5448656308517636,0.4313983501189329
106.71042344291592,10.879047248329464,0.5240649830457004,0.52568449820335,0.4261855357052481,0.4750240396781218,0.41712637279214576,0.4728478161850294,0.4691532972316403
106.71042344291592,10.897013554011856,0.5380333012804284,0.5028594564502258,0.5213826610658425,0.48094539197327735,0.494205172326534,0.5023533579634597,0.48423503213725344
106.71042344291592,10.914979859694249,0.5532668657320715,0.5075155625284676,0.5012399412925753,0.35624272483425257,0.4852472291107839,0.5049850700946406,0.4741130624019429
106.71042344291592,10.932946165376636,0.6674932941950497,0.6121767295915782,0.5938053545219898,0.6950250518750942,0.6329267675489654,0.6392023887848576,0.6400627562123589
106.71042344291592,10.950912471059029,0.6668353661622552,0.5871754643453612,0.5618705400070847,0.593552305278606,0.6511463130725238,0.6553975403613534,0.6563085176375317
106.71042344291592,10.968878776741418,0.5737132445973987,0.49901310795080667,0.5911230325421327,0.5067058049496432,0.577154714307404,0.5735108052026909,0.5678425021509186
106.71042344291592,10.986845082423809,0.7453818513082647,0.6309023736019027,0.557467483172225,0.6495267979148742,0.666430487372843,0.6708841540563797,0.5991193886330276
106.71042344291592,11.004811388106198,0.5984614606002324,0.5621741990991447,0.3864568044941542,0.5491168581405941,0.5557973581658985,0.5398046459841079,0.5500278354167707
106.71042344291592,11.022777693788589,0.5614656612176725,0.4843362518346065,0.43797763044688515,0.5650083506250316,0.5648059112303239,0.5262412065387921,0.560200415000759
106.71042344291592,11.04074399947098,0.686471987448758,0.5474973429829454,0.6696695176881405,0.6638999949390152,0.5804443544713801,0.6475024039678108,0.6920390708031782
106.71042344291592,11.05871030515337,0.5671339642694464,0.43311908497393553,0.4380788501442382,0.5187509489346619,0.5067058049496421,0.5380333012804291,0.4931423655043266
106.71042344291592,11.07667661083576,0.6417328812186845,0.46247279720633583,0.5732071461106326,0.6080267220001008,0.6081279416974538,0.6560048585454736,0.70286957841996
106.71042344291592,11.09464291651815,0.506300926160231,0.47406245255326596,0.21706564097373296,0.5098436155675902,0.5139430133103898,0.48575332759754997,0.47714965332253684
106.71042344291592,11.11260922220054,0.45569107748367754,0.4428361759198347,0.4511361911027879,0.5064021458575833,0.4616630396275115,0.41287514550331444,0.4560959562730897
106.71042344291592,11.130575527882932,0.5391467179513135,0.45639961536514967,0.4798825851510699,0.5428918467533788,0.5073131231337615,0.5270509641176165,0.523305835315553
106.71042344291592,11.14854183356532,0.49445822156991703,0.33478414899539327,0.4601447441672149,0.5071106837390554,0.4336757933093769,0.4405081228807121,0.405941596234627
106.72838974859827,10.537687440364047,0.4308416417834907,0.48914418745888,0.40477756971506573,0.45321119489852746,0.4215800394756815,0.4432410547092469,0.42370565312009634
106.72838974859827,10.555653746046438,0.37673971354825586,0.4787691684801856,0.3885318082898929,0.40882635760919095,0.37177994837795403,0.37916898628473067,0.37370312262766275
106.72838974859827,10.60955266309361,0.3880763196518038,0.4173288121868502,0.37501897869325407,0.38888607723062985,0.3928336454273995,0.37663849385090364,0.365656156688091
106.72838974859827,10.627518968776,0.6419353206133906,0.448808138063667,0.471785009362822,0.5310997520117418,0.49435700187256315,0.4839313730451937,0.46905207753428807
106.72838974859827,10.681417885823173,0.3962751151374056,0.388177539349156,0.3415658687180516,0.4040690318335944,0.3851409484285629,0.42815931980363375,0.3587226074194035
106.72838974859827,10.699384191505562,0.4756313578622388,0.5285692595779139,0.4238068728174502,0.47644111544106466,0.43448555088820207,0.49536919884609526,0.3669720127536814
106.72838974859827,10.753283108552733,0.6963409079406847,0.6422389797054506,0.6533731464142908,0.5348954906624822,0.63768409332456,0.687585404119641,0.5988157295409678
106.72838974859827,10.771249414235124,0.5269497444202627,0.5338326838402748,0.5391467179513127,0.4801862442431299,0.5325168277746843,0.5768510552153456,0.46272584644971826
106.72838974859827,10.789215719917513,0.5974998734753773,0.5533680854294254,0.5570119945341351,0.5670833544207693,0.5528619869426593,0.622906017511007,0.4542740017207332
106.72838974859827,10.807182025599904,0.50351738448302,0.5231033959208452,0.5388430588592535,0.4856521079001969,0.5039728731211084,0.5471936838908854,0.5008350625031615
106.72838974859827,10.825148331282294,0.5067058049496421,0.48595576699225607,0.4772508730198899,0.5280125512424717,0.4883850397287309,0.5327192671693916,0.42927273647451725
106.72838974859827,10.843114636964684,0.5736120249000456,0.49572346778683135,0.5397540361354318,0.5942608431600789,0.5126777670934763,0.6102535553418694,0.4623715775089836
106.72838974859827,10.950912471059029,0.6121261197429021,0.5775595930968161,0.700237866288779,0.6905207753428814,0.6439597145604531,0.6507414342831116,0.6670378055569613
106.72838974859827,10.986845082423809,0.7479123437420926,0.6367731160483828,0.6894579685206742,0.6754390404372684,0.7443696543347342,0.7222025406144045,0.671542082089174
106.72838974859827,11.004811388106198,0.6007389037906781,0.560149805152082,0.47436611164532677,0.5507363732982429,0.5681461612429786,0.5594412672706098,0.5654132294144438
106.72838974859827,11.022777693788589,0.7277696239688228,0.5206741231843722,0.7081330026823217,0.6778683131737432,0.6634951161496022,0.5970949946859658,0.6979604230983353
106.72838974859827,11.04074399947098,0.5191558277240739,0.4481502100308718,0.517839971658485,0.4590819373450067,0.46399109266663235,0.471380130573409,0.5126777670934755
106.72838974859827,11.05871030515337,0.5338326838402748,0.4824130775848986,0.5155119186193633,0.4824130775848986,0.4658130472189891,0.4565008350625019,0.4949137102080062
106.7292880638824,10.358024383540142,0.38645680449415337,0.4387873880257095,0.3526494255782173,0.3689964067007432,0.3273445012399406,0.4673313426792846,0.36778177033250664
106.7292880638824,10.375990689222531,0.43271420618452333,0.42805810010627987,0.41085075155625184,0.37911837643605373,0.402550736373297,0.4925350473202083,0.3979452401437313
106.7292880638824,10.393956994904924,0.46647097525178244,0.4708740320866429,0.4875752821499065,0.40594159623462617,0.4325117667898173,0.43276481603319944,0.4187458879497945
106.7292880638824,10.411923300587317,0.5192570474214278,0.3146920390708021,0.39824889923579043,0.35781163014322526,0.4217824788703876,0.49628017612227354,0.3976921909003491
106.7292880638824,10.429889606269704,0.42755200161951545,0.45447644111544094,0.35685004301837003,0.3899994939015125,0.42274406599524195,0.4852472291107839,0.3523457664861582
106.7292880638824,10.447855911952097,0.43256237663849334,0.474315501796649,0.3991092666632917,0.42998127435598876,0.4075611113922766,0.5261399868414399,0.3566982134723409
106.7292880638824,10.465822217634486,0.4878789412419648,0.4553874183916192,0.40123488030770654,0.28984260337061624,0.3404018421984911,0.453869122931321,0.29788956931018806
106.7292880638824,10.483788523316877,0.22976871299154658,0.2850346677463419,0.19839060681208537,0.2576041297636503,0.23057847057037265,0.33260792550230234,0.24950655397540328
106.7292880638824,10.501754828999266,0.30122981932283943,0.35700187256440086,0.25325168277746685,0.3007743306847514,0.26509438736778085,0.3419201376587877,0.251429728225112
106.7292880638824,10.519721134681657,0.3619110278860266,0.4491117971557253,0.3784604484032585,0.3735006832329567,0.3635811528923531,0.41631661521331975,0.3004200617440151
106.7292880638824,10.573620051728827,0.3909104711776908,0.4020446378865326,0.35437016043321995,0.36216407712940873,0.3987549977225565,0.5740675135381339,0.4901563844324096
106.7292880638824,10.591586357411218,0.3631762741029409,0.43332152436864163,0.3822055772053237,0.43342274406599385,0.37663849385090364,0.37132445973986494,0.3818006984159115
106.7292880638824,10.64548527445839,0.4689002479882581,0.43382762285540605,0.4268940735867202,0.5001265246216909,0.44820081987954785,0.4707728123892905,0.41667088415405584
106.7292880638824,10.66345158014078,0.4382812895389434,0.4332203046712886,0.35882382711675737,0.42765322131686767,0.37673971354825586,0.43595323649982254,0.4020446378865326
106.7292880638824,10.717350497187953,0.5699681157953335,0.5690571385191552,0.49056126322182264,0.3526494255782173,0.4787691684801856,0.5223442481906969,0.45741181233868017
106.7292880638824,10.735316802870342,0.6462877675995742,0.5993218280277337,0.6322688395161701,0.6712890328457927,0.6104559947365753,0.6675439040437258,0.5831772862999132
106.7292880638824,10.861080942647074,0.4270965129814263,0.3972873121109352,0.3836732628169433,0.45483071005617703,0.3851915582772399,0.47846550938812643,0.4048787894124196
106.7292880638824,10.879047248329464,0.6792853889366859,0.6261956576749831,0.6294852978389592,0.6655195100966648,0.5788754491624065,0.6899134571587635,0.6164279568804095
106.7292880638824,10.897013554011856,0.8494357001872562,0.9441773369097624,0.7203805860620479,0.6382914115086793,0.7716989726200719,0.7984209727212913,0.7683081127587428
106.7292880638824,10.914979859694249,0.6368237258970599,0.6158206386962904,0.5992712181790568,0.6426438584948628,0.5428412369047019,0.6497292373095803,0.5360089073333666
106.7292880638824,10.932946165376636,0.8090490409433672,0.7641074953185876,0.7260994989624971,0.7132952072473296,0.7404220861379631,0.7364239080925147,0.7350574421782473
106.7292880638824,10.968878776741418,0.6771091654435941,0.6610658434131274,0.7036793359987845,0.6959360291512725,0.6912293132243538,0.6806012450022763,0.7102586163267366
106.7292880638824,11.07667661083576,0.4893466268535852,0.44759350169543044,0.512880206488183,0.5109064223897968,0.4523002176223492,0.5236094944076112,0.46991244496178936
106.7292880638824,11.09464291651815,0.4001720734855,0.2730907434586774,0.41085075155625184,0.38716534237562555,0.3484994179867399,0.33756769067260417,0.3822055772053237
106.7292880638824,11.11260922220054,0.431297130421579,0.414140391720228,0.16772103851409462,0.46844475935016977,0.425122728883039,0.46925451692899417,0.46287767599574803
106.7292880638824,11.130575527882932,0.4860569866896083,0.37390556202236885,0.29900298598107083,0.4995192064375727,0.40325927425476915,0.4219849182650937,0.44556910774836783
106.7292880638824,11.14854183356532,0.36418847107647134,0.34485550888202854,0.3388835467381946,0.37835922870590627,0.42826053950098597,0.35710309226175474,0.36337871349764533
106.74635605428068,10.393956994904924,0.4835771041044582,0.5072119034364084,0.4013361000050604,0.4855002783541669,0.47937648666430555,0.5244192519864356,0.4320056683030512
106.74635605428068,10.861080942647074,0.7091451996558539,0.6466926463889864,0.6378865327192671,0.6695682979907883,0.5827724075105017,0.7112708133002688,0.5363631762741035
106.74635605428068,10.879047248329464,0.771901412014778,0.7049951920643748,0.6580798623412113,0.7885014423806863,0.6526646085328202,0.7380940330988401,0.6950250518750942
106.74635605428068,10.932946165376636,0.7616782225821145,0.7569208968065188,0.705754339794524,0.6935573662634746,0.6854597904752259,0.6267017561617484,0.674123184371678
106.7472543695648,10.358024383540142,0.35730553165646,0.42826053950098597,0.3797256946201737,0.3772458120350211,0.39060681208563247,0.5076167822258206,0.42132699023229847
106.7472543695648,10.375990689222531,0.4876765018472587,0.48200819879548557,0.4831216154663691,0.465762437370312,0.4765423351384177,0.52522900956526,0.4214788197783293
106.7472543695648,10.411923300587317,0.3479933194999738,0.33655549369907284,0.3243079103193475,0.3637835922870575,0.46130877068677517,0.4109519712536058,0.2927273647451785
106.7472543695648,10.429889606269704,0.5207247330330473,0.42785566071157377,0.45022521382661135,0.41530441823978925,0.4247178500936268,0.4715319601194398,0.4021458575838848
106.7472543695648,10.447855911952097,0.34601953540158903,0.3997165848474117,0.2974340806720981,0.33655549369907367,0.3500683232957125,0.3809403309884094,0.35254820588086344
106.7472543695648,10.465822217634486,0.27562123589250365,0.30841641783491,0.12622096259932034,0.21782478870388206,0.19813755756870233,0.25638949339541484,0.23027481147831266
106.7472543695648,10.483788523316877,0.29576395566577324,0.3209676603066954,0.19889670529884976,0.20648818260033414,0.1974796295359069,0.2581102282504164,0.2451034971405428
106.7472543695648,10.501754828999266,0.3353914671795124,0.3309884103446536,0.21509185687534718,0.2484943570018728,0.19783389847664318,0.2636773116048382,0.2530492433827616
106.7472543695648,10.519721134681657,0.3049243382762277,0.33007743306847537,0.22248089478212388,0.23574067513538052,0.23816994787185533,0.2725846449719113,0.24930411458069718
106.7472543695648,10.537687440364047,0.2594260843160068,0.27987246318133485,0.2382711675692092,0.24323093273950933,0.24312971304215714,0.2594260843160068,0.21529429627005336
106.7472543695648,10.555653746046438,0.30426641024343254,0.3270408421478806,0.2364492130168527,0.24323093273950933,0.24252239485803886,0.274254769978237,0.26205779644718774
106.7472543695648,10.573620051728827,0.2734956222480896,0.29576395566577324,0.231691887241257,0.24262361455539286,0.24242117516068518,0.2592236449213009,0.219849182650943
106.7472543695648,10.591586357411218,0.45548863808897144,0.4597904752264797,0.3978946302950552,0.45245204716837834,0.42755200161951545,0.44303861531454,0.4124702667139023
106.7472543695648,10.60955266309361,0.43205627815172815,0.502100308720076,0.4566526646085319,0.4680398805607559,0.4718356192114981,0.4311959107242268,0.42223796750847675
106.7472543695648,10.627518968776,0.40295561516270917,0.42856419859304506,0.3733994635356045,0.4240093122121563,0.4024495166759448,0.4122678273191962,0.402550736373297
106.7472543695648,10.64548527445839,0.2985981071916586,0.32299205425375704,0.260134622197479,0.31798167923477927,0.26975049344602436,0.2994078647704829,0.2444455691077476
106.7472543695648,10.66345158014078,0.39445316058505014,0.3634799331949992,0.3591780960574926,0.3948580393744621,0.35887443696543264,0.43595323649982254,0.37987752416620196
106.7472543695648,10.681417885823173,0.600232805303912,0.6914317526190582,0.5445619717597044,0.6101523356445155,0.5779644718862283,0.714104964826154,0.5395009868920487
106.7472543695648,10.699384191505562,0.48636064578166993,0.5371729338529279,0.4407105622754182,0.505187509489345,0.46925451692899417,0.49385090338579873,0.37744825142972804
106.7472543695648,10.717350497187953,0.2902980920087038,0.3535604028543956,0.24758337972569286,0.2636773116048382,0.2780505086289775,0.3086188572296161,0.23786628877979704
106.7472543695648,10.735316802870342,0.47461916088870815,0.4464800850245444,0.4588288881016245,0.528872918669973,0.488334429880055,0.45989169492383125,0.42633736525127724
106.7472543695648,10.753283108552733,0.29900298598107083,0.14955210283921141,0.2756212358925044,0.2879700389695828,0.2639809706968981,0.31939875499772263,0.23963763348347597
106.7472543695648,10.771249414235124,0.37724581203502194,0.3268384027531745,0.31742497089933625,0.3145908193734502,0.33341768308112674,0.3777013006731102,0.31276886482109345
106.7472543695648,10.789215719917513,0.6519560706513482,0.40913001670125004,0.48352649425578126,0.5126777670934763,0.5264942557821751,0.4889923579128492,0.31540057695227436
106.7472543695648,10.807182025599904,0.5162710663495116,0.3404018421984911,0.4726959866389994,0.5355534186952774,0.46925451692899417,0.5860114378257999,0.4176324712789102
106.7472543695648,10.825148331282294,0.4442026418341013,0.408219039425071,0.32056278151728396,0.46702768358722546,0.40295561516270917,0.468545979047522,0.3773470317323741
106.7472543695648,10.843114636964684,0.6670378055569605,0.6060023280530381,0.5611113922769364,0.683435396528165,0.57442178247887,0.6576749835517982,0.508831418594058
106.7472543695648,10.897013554011856,0.7479123437420917,0.6030669568297989,0.6781719722658024,0.6729085480034414,0.6502353357963455,0.6935573662634746,0.642745078192215
106.7472543695648,10.914979859694249,0.7115744723923271,0.6591426691634187,0.6573713244597399,0.7346525633888351,0.657725593400476,0.7119287413330623,0.7041854344855504
106.7472543695648,10.950912471059029,0.6837390556202233,0.5922870590616925,0.7108659345108566,0.6636469456956315,0.6762994078647697,0.6416316615213323,0.6292828584442524
106.7472543695648,10.968878776741418,0.7587428513588753,0.6469963054810464,0.7264031580545571,0.7256440103244081,0.7606660256085823,0.7400172073485493,0.7401184270459029
106.7472543695648,10.986845082423809,0.6889012601852311,0.48975150564299824,0.6108102636773125,0.7056025102484947,0.7137000860367418,0.619262108406295,0.6490206994281081
106.7472543695648,11.004811388106198,0.42259223644921196,0.3593805354521987,0.2721797661824992,0.39354218330887164,0.3732982438382506,0.3805860620476733,0.3896958348094542
106.7472543695648,11.022777693788589,0.5856065590363879,0.5096411761728822,0.5354521989979253,0.5352497596032174,0.5652107900197377,0.5525583278505993,0.5881876613188917
106.7472543695648,11.04074399947098,0.7185080216610154,0.6314084720886673,0.6222480894782129,0.6854597904752259,0.629384078141606,0.6578268130978282,0.6854091806265495
106.7472543695648,11.05871030515337,0.7959916999848166,0.7380940330988411,0.7955868211954044,0.7672453059365345,0.6907232147375877,0.68556101017258,0.6533731464142924
106.7472543695648,11.07667661083576,0.639708487271622,0.6525127789867904,0.44233007743306696,0.6334328660357315,0.5942608431600798,0.6288273698061648,0.6266511463130723
106.7472543695648,11.09464291651815,0.563894933954147,0.4110025811022827,0.42350321372539024,0.3841793613037094,0.3991092666632917,0.33599878536363154,0.3931879143681347
106.7472543695648,11.11260922220054,0.6106584341312816,0.5578723619616366,0.47892099802621474,0.5386912293132228,0.5362619565767494,0.521787539855255,0.5326686573207143
106.7472543695648,11.130575527882932,0.4095348954906614,0.33994635356040204,0.2588187661318886,0.42603370615921726,0.4954704185434492,0.4469861835113113,0.45670327445720965
106.7472543695648,11.14854183356532,0.3689457968520671,0.21863454628270643,0.3614555392479366,0.36054456197176,0.34283111493496593,0.42502150918568676,0.3955665772559326
106.76432235996307,10.447855911952097,0.236752872108911,0.277392580596184,0.16245761425173283,0.23796750847714923,0.19596133407561056,0.24950655397540328,0.2084619666987181
106.76432235996307,10.735316802870342,0.27101573966293785,0.3244091300167014,0.14899539450377008,0.27005415253808346,0.2449516675945128,0.28812186851561206,0.24555898577863194
106.76432235996307,10.753283108552733,0.6546890024798829,0.6378865327192671,0.5870742446480075,0.6380889721139732,0.6060023280530397,0.6499822865529633,0.5898577863252185
106.76432235996307,10.986845082423809,0.39430133103901993,0.4209727212915632,0.40568854699124396,0.42492028948833455,0.3824080166000298,0.3890885166253342,0.4244141910015685
106.7652206752472,10.358024383540142,0.4061946454780092,0.40791538033301267,0.4114580697403718,0.42532516827774675,0.3917708386051921,0.47613745634900445,0.36464395971455965
106.7652206752472,10.375990689222531,0.3646439597145607,0.39637633483475865,0.3641378612277944,0.3691988460954501,0.4298800546586364,0.47907282757224556,0.34030062250113724
106.7652206752472,10.393956994904924,0.3830153347841481,0.3807885014423794,0.3247633989574366,0.3386811073434885,0.38696290298091945,0.43149956981628595,0.31276886482109345
106.7652206752472,10.411923300587317,0.4918265094387361,0.44728984260337046,0.4288678576851059,0.43372640315805383,0.41429222126625714,0.48727162305784655,0.4135836833847866
106.7652206752472,10.429889606269704,0.26438584948631033,0.3013310390201934,0.21246014474416638,0.23756262968773706,0.234222379675084,0.24662179260083933,0.22465711827521564
106.7652206752472,10.465822217634486,0.24940533427804937,0.30446884963813864,0.18290399311706,0.2599321828027729,0.24338276228554018,0.2487980160939311,0.231691887241257
106.7652206752472,10.483788523316877,0.691887241257149,0.4867655245710811,0.4215800394756815,0.46419353206133845,0.45639961536514967,0.5125765473961232,0.431448959967609
106.7652206752472,10.501754828999266,0.43301786527658165,0.4614606002328056,0.36985677412824364,0.423401994028038,0.36216407712940873,0.3816488688698824,0.4005263424262361
106.7652206752472,10.519721134681657,0.47704843362518295,0.5317070701958599,0.43058859254010856,0.5262412065387921,0.42087150159420933,0.42350321372539024,0.42077028189685545
106.7652206752472,10.537687440364047,0.4085733083658079,0.4827167366769569,0.4037147628928583,0.4538691229313227,0.4174300318842041,0.43610506604585253,0.4175818614302349
106.7652206752472,10.555653746046438,0.45508375929955924,0.5242168125917311,0.36590920593147397,0.3801811832582628,0.36049395212308305,0.43129713042157986,0.4500227744319044
106.7652206752472,10.573620051728827,0.27238220557720544,0.2784047775697143,0.2266309023736013,0.24075105015435927,0.2441419100156876,0.28250417531251504,0.20588086441621428
106.7652206752472,10.591586357411218,0.42213674781112287,0.44486056986689565,0.34708234222379725,0.3528518649729234,0.3566982134723409,0.342932334632319,0.3391872058302548
106.7652206752472,10.60955266309361,0.6699731767802022,0.6726048889113813,0.6281694417733696,0.548307100561768,0.5899590060225715,0.5846449719115344,0.5523558884558932
106.7652206752472,10.627518968776,0.6327243281542576,0.6068120856318642,0.5566071157447231,0.5911230325421317,0.5864669264638892,0.5668303051773882,0.5366668353661618
106.7652206752472,10.64548527445839,0.2633736525127782,0.25750291006629816,0.2360443342274405,0.24636874335745715,0.2508224100409937,0.24434434941039537,0.23118578875449092
106.7652206752472,10.66345158014078,0.26519560706513473,0.30345665266460814,0.2565919327901199,0.2732931828533818,0.2510248494356998,0.2893365048838502,0.2266309023736013
106.7652206752472,10.681417885823173,0.2785566071157437,0.2905005314034098,0.25406144035629286,0.25041753125158067,0.24727972063363457,0.31499569816286216,0.2665114631307254
106.7652206752472,10.699384191505562,0.4636368237258973,0.49557163824080136,0.3786122779492885,0.44759350169543044,0.3872665620729777,0.4026519560706509,0.3925299863353412
106.7652206752472,10.717350497187953,0.5374765929449862,0.5655144491117977,0.41125563034566404,0.4178349106736163,0.4839313730451943,0.5077180019231737,0.4089275773065431
106.7652206752472,10.771249414235124,0.7616782225821145,0.5933498658838998,0.5700693354926865,0.6004858545472942,0.588997418897718,0.574168733235487,0.5652107900197377
106.7652206752472,10.789215719917513,0.48302039576901606,0.4791740472695986,0.43686421377600076,0.47623867604635856,0.48443747153195954,0.4730502555797347,0.3875702211650394
106.7652206752472,10.807182025599904,0.3470823422237956,0.31631155422845264,0.35138417936130384,0.5376790323396939,0.6034718356192111,0.48742345260387565,0.40801660003036655
106.7652206752472,10.843114636964684,0.5776608127941684,0.6649121919125448,0.5317070701958599,0.5475985626802975,0.5495217369300063,0.5857583885824179,0.5302899944329174
106.7652206752472,10.861080942647074,0.6911280935269999,0.6778683131737432,0.6159218583936426,0.7441166050913504,0.6196163773470318,0.7022622602358417,0.5655650589604738
106.7652206752472,10.879047248329464,0.7252897413836729,0.6714914722404971,0.7252391315349975,0.5299863353408574,0.6237157750898322,0.7134470367933596,0.6042309833493594
106.7652206752472,10.897013554011856,0.6854091806265492,0.6496280176122272,0.6334328660357315,0.665924388886077,0.583025456753884,0.657725593400476,0.6077736727567178
106.7652206752472,10.914979859694249,0.5921352295156632,0.5553924793764863,0.5644010324409119,0.6252340705501288,0.5450680702464705,0.6447694721392777,0.5563034566526646
106.7652206752472,10.932946165376636,0.6817146616731615,0.6685561010172579,0.714408623918214,0.70286957841996,0.6472999645731055,0.5781669112809361,0.5943620628574319
106.7652206752472,10.950912471059029,0.40346171364947525,0.41565868718052534,0.4852978389594608,0.5417278202338175,0.5574168733235473,0.5385900096158706,0.5423351384179358
106.7652206752472,10.968878776741418,0.4135330735361097,0.47760514196062426,0.3956677969532873,0.4841338124399012,0.4011336606103543,0.4367629940786469,0.4415203198542443
106.7652206752472,11.004811388106198,0.5077180019231737,0.4698112252644372,0.2923224859557663,0.46925451692899417,0.4173288121868502,0.4234019940280372,0.4251733387317159
106.7652206752472,11.022777693788589,0.5533680854294254,0.5453717293385288,0.44718862290601824,0.6100511159471634,0.6272584644971914,0.5942102333114028,0.6385950706007385
106.7652206752472,11.04074399947098,0.605597449263626,0.5349461005111592,0.48636064578166804,0.511412520876562,0.5101978845083256,0.5247229110784956,0.5475985626802975
106.7652206752472,11.05871030515337,0.7035781163014322,0.5738144642947509,0.687585404119641,0.651804241105319,0.6271572447998375,0.6554987600587064,0.5816589908396164
106.7652206752472,11.07667661083576,0.6941140745989177,0.6383926312060315,0.57766081279417,0.6819171010678667,0.5980059719621433,0.6379371425679432,0.6531707070195849
106.7652206752472,11.09464291651815,0.5205729034870181,0.49096614201123484,0.4680398805607576,0.4845386912293134,0.4485044789716087,0.48636064578166993,0.4530087555038197
106.7652206752472,11.11260922220054,0.4871704033604935,0.44749228199807634,0.4561971759704434,0.45255326686573055,0.46388987296927847,0.5340351232349809,0.6046864719874485
106.7652206752472,11.130575527882932,0.5951718204362563,0.36621286502353395,0.37653727415354976,0.3291664557922971,0.36479578926058964,0.39561718710461036,0.30527860721696465
106.7652206752472,11.14854183356532,0.37694215294296196,0.3314438989827419,0.457259982792651,0.44718862290601824,0.39344096361151776,0.41975808492332584,0.32845791791082496
106.78228866564548,10.358024383540142,0.4412166607621843,0.43332152436864163,0.4089275773065431,0.38094033098841024,0.4067007439647761,0.4648008502454576,0.39455438028240214
106.78228866564548,10.375990689222531,0.319702414089782,0.35998785363631697,0.28640113366061015,0.3068981223746134,0.251632167619818,0.30112859962548555,0.27713953135280095
106.78228866564548,10.393956994904924,0.36428969077382356,0.3839769219090033,0.30629080419049515,0.3690470165494193,0.30649324358520125,0.32056278151728396,0.30558226630902297
106.78228866564548,10.411923300587317,0.2467736221468687,0.2975859102181281,0.2410040993977423,0.2579077888557112,0.22713700086036653,0.2519358267118781,0.2356900652867037
106.78228866564548,10.429889606269704,0.23078090996507875,0.27835416772103916,0.20309732273900413,0.22865529632066392,0.22086137962447513,0.2357406751353815,0.2293638342021344
106.78228866564548,10.447855911952097,0.39096108102636773,0.4418239789463026,0.2915127283769419,0.35740675135381306,0.34389392175717337,0.38595070600738896,0.3607470013664644
106.78228866564548,10.465822217634486,0.5621235892504677,0.5089326382914119,0.34657624373703033,0.4722911078495872,0.5152082595273025,0.5004807935624263,0.4300824940533425
106.78228866564548,10.483788523316877,0.3478920998026208,0.4026519560706509,0.3081633685915268,0.33027987246317975,0.3526494255782173,0.33139328913406496,0.3389847664355485
106.78228866564548,10.501754828999266,0.3159066754390388,0.3815982590212054,0.32547193683890796,0.32764816033200056,0.29571334581709524,0.3043170200921095,0.3107950807227078
106.78228866564548,10.519721134681657,0.28822308821296594,0.3113517890581508,0.30011640265195677,0.28908345564046717,0.25790778885571203,0.28807125866693667,0.32860974745685406
106.78228866564548,10.537687440364047,0.29196821701503034,0.345057948276733,0.3008249405334273,0.3184371678728683,0.3130219140644765,0.31833594817551525,0.3177286299913953
106.78228866564548,10.555653746046438,0.3896958348094542,0.44708740320866436,0.3386811073434885,0.4139885621741988,0.36459334986588354,0.38412875145503245,0.36039273242573
106.78228866564548,10.573620051728827,0.2775444101422131,0.3211194898527255,0.25730047067159195,0.3098334935978543,0.27506452755706307,0.3464750240396773,0.31843716787286735
106.78228866564548,10.591586357411218,0.2790627056025097,0.2820992965231027,0.2522900956526141,0.30092616023078117,0.2471785009362807,0.279872463181334,0.24186446682524343
106.78228866564548,10.60955266309361,0.32466217926008356,0.3895946151121003,0.2915127283769419,0.32704084214788226,0.30907434586770516,0.3122627663343291,0.2911584594362059
106.78228866564548,10.627518968776,0.3927324257300473,0.4317020092109912,0.33119084973935803,0.41064831216154746,0.3756262968773715,0.3795738650741428,0.33675793309377977
106.78228866564548,10.64548527445839,0.5079204413178797,0.5435497747861725,0.45751303203603405,0.49213016853079444,0.471785009362821,0.4610557214433932,0.43433372134217296
106.78228866564548,10.66345158014078,0.38878485753327596,0.47198744875752896,0.3602409028797,0.3901007135988666,0.3726909256541323,0.4189483273445006,0.38595070600738896
106.78228866564548,10.681417885823173,0.625841388734247,0.580343134774027,0.4855002783541669,0.5134875246723015,0.5604534642441403,0.525431448959968,0.4744167214940029
106.78228866564548,10.699384191505562,0.49926615719418965,0.3899994939015125,0.33756769067260417,0.40356293334682913,0.4011336606103543,0.4371172630193838,0.342780505086289
106.78228866564548,10.717350497187953,0.47421428209929595,0.4173288121868502,0.37410800141707495,0.4247178500936285,0.45584290702970837,0.5154613087706864,0.411559289437724
106.78228866564548,10.753283108552733,0.308669467078293,0.27926514499721566,0.22976871299154744,0.23609494407611747,0.2613492585657173,0.3186396072675735,0.24920289488334318
106.78228866564548,10.771249414235124,0.6461865479022203,0.531909509590566,0.4618654790222176,0.5585302899944335,0.5591882180272276,0.5150058201325981,0.5292777974593852
106.78228866564548,10.789215719917513,0.5945138924034619,0.5908699832987497,0.5375778126423401,0.5767498355179917,0.614302343235993,0.6019535401589147,0.5445113619110276
106.78228866564548,10.807182025599904,0.5867705855559492,0.5238119338023173,0.45548863808897144,0.5412217217470523,0.5360089073333666,0.5840376537274145,0.5271521838149704
106.78228866564548,10.825148331282294,0.934662685358571,0.934662685358571,0.9564417902390473,0.9782208951195234,1.0,0.9945847461916095,0.8662887797965482
106.78228866564548,10.843114636964684,0.8696796396578781,0.8301027379928142,0.7963965787742288,0.7473050255579734,0.7472544157092974,0.8582924237056524,0.6956829799078895
106.78228866564548,10.879047248329464,0.5774583733994623,0.49597651703021356,0.5264436459334982,0.4665721949491374,0.4962295662735964,0.5256338883546738,0.47583379725694636
106.78228866564548,10.897013554011856,0.7106634951161488,0.6138974644465808,0.6641024343337205,0.7030720178146661,0.6134419758084926,0.7191153398451336,0.6206285743205622
106.78228866564548,10.914979859694249,0.7009464041702512,0.6895085783693513,0.6847512525937555,0.7537830861885718,0.6335340857330828,0.7007439647755451,0.6642542638797513
106.78228866564548,10.932946165376636,0.5450680702464705,0.543347335391468,0.5438534338782323,0.5279619413937947,0.5278607216964417,0.4899539450377033,0.5218887595526086
106.78228866564548,10.950912471059029,0.5523052786072163,0.5587327293891377,0.46571182752163587,0.5743711726301929,0.5504833240548614,0.525431448959968,0.5426387975099958
106.78228866564548,10.968878776741418,0.28356698213472314,0.3078597094994678,0.2662584138873421,0.32552254668758407,0.28144136849030743,0.2625638949339531,0.27870843666177453
106.78228866564548,10.986845082423809,0.25557973581658944,0.3047725087301986,0.27288830406396963,0.302849334480488,0.2613492585657173,0.2314894478465492,0.2851864972923728
106.78228866564548,11.004811388106198,0.48281795637430913,0.5377802520370462,0.4842856419859304,0.3991092666632917,0.44916240700440224,0.44845386912293006,0.4420264183410087
106.78228866564548,11.022777693788589,0.6282200516220446,0.5662229869932682,0.39627511513740643,0.4967862746090396,0.5483071005617689,0.4437471531960113,0.48216002834151556
106.78228866564548,11.04074399947098,0.40320866440609304,0.40548610759653786,0.3942001113416669,0.4034111038007983,0.3849385090338585,0.37132445973986494,0.3995647553013819
106.78228866564548,11.05871030515337,0.45305936535249663,0.4264385849486294,0.4430892251632161,0.42927273647451725,0.39151778936180903,0.43018371375069636,0.45386912293132187
106.78228866564548,11.07667661083576,0.7815172832633217,0.5971962143833189,0.6497292373095797,0.5232046156181991,0.6227035781163001,0.5585302899944335,0.5492180778379463
106.78228866564548,11.09464291651815,0.8309124955716386,0.6783744116605085,0.7508477149653326,0.6854597904752259,0.7229616883445519,0.7680044536666837,0.7147122830102742
106.78228866564548,11.11260922220054,0.7283769421529428,0.4467837441166044,0.5285692595779139,0.47740270256591905,0.5166253352902468,0.47067159269193765,0.4145958803583171
106.78228866564548,11.130575527882932,0.3491067361708582,0.2682828078344046,0.36125309985323134,0.3735006832329567,0.36439091047117744,0.3738549521736919,0.3680348195758888
106.78228866564548,11.14854183356532,0.3998178045447639,0.36013968318234785,0.36520066805000184,0.41343185383875747,0.4366617743812949,0.4501746039779344,0.3499671035983595
106.7831869809296,10.735316802870342,0.5377802520370462,0.4505288729186696,0.39733792195961215,0.4486056986689609,0.49263626701756136,0.5442583126676445,0.48939723670226304
106.80025497132786,10.358024383540142,0.2062857432056272,0.2748620881623553,0.20233817500885587,0.21357356141505074,0.19813755756870233,0.2324004251227275,0.22035528113770897
106.80025497132786,10.375990689222531,0.20750037957386458,0.28675540260134635,0.2215699175059455,0.22248089478212388,0.21428209929652195,0.2490004554886372,0.21706564097373296
106.80025497132786,10.627518968776,0.5464345361607371,0.6136950250518756,0.512880206488183,0.5404625740169031,0.5665772559340037,0.5281137709398256,0.5137405739156831
106.80025497132786,10.64548527445839,0.411862948529784,0.4317020092109912,0.34779088010526776,0.397186092413583,0.3989068272685857,0.3952123083151984,0.4123690470165501
106.80025497132786,10.66345158014078,0.30659446328255513,0.36504883850397185,0.37714459233766806,0.3960726757426995,0.38686168328356557,0.4272989523761324,0.33038109216053363
106.80025497132786,10.735316802870342,0.4807935624272482,0.5115643504225929,0.30345665266460814,0.35199149754542125,0.3985019484791735,0.5011387215952231,0.4562983956677975
106.80025497132786,10.753283108552733,0.3893921757173942,0.3695531150361854,0.31519813755756826,0.37876410749531847,0.3539652816438078,0.39576901665064035,0.3341262209625989
106.80025497132786,10.771249414235124,0.6449719115339836,0.5983096310542015,0.5218887595526086,0.6408219039425064,0.660357305531657,0.6736170858849119,0.6673920744976966
106.80025497132786,10.789215719917513,0.6197682068930609,0.5611620021256142,0.5121716686067094,0.582165089326382,0.5438534338782323,0.6003340250012659,0.4779594109013612
106.80025497132786,10.807182025599904,0.6122273394402551,0.574320562781517,0.4825142972822508,0.6180980818867352,0.542740017207348,0.6167316159724678,0.451338630497494
106.80025497132786,10.825148331282294,0.6043828128953894,0.6498304570069333,0.6043828128953894,0.6612682828078352,0.6215901614454175,0.7212409534895495,0.642745078192215
106.80025497132786,10.843114636964684,0.6892555291259672,0.6710865934510849,0.6472999645731066,0.7175464345361593,0.628776759957487,0.6727061086087345,0.551293081633685
106.80025497132786,10.986845082423809,0.562680297585909,0.5442583126676445,0.4791234374209225,0.5454729490358827,0.49132041095197004,0.5377802520370462,0.5219899792499625
106.80025497132786,11.004811388106198,0.5336302444455687,0.5216357103092255,0.4011336606103543,0.5268485247229104,0.5100966648109715,0.4856521079001961,0.48615820638696217
106.80025497132786,11.022777693788589,0.5141960625537728,0.5410192823523453,0.4262867554026003,0.5294802368540913,0.4949643200566814,0.5077180019231737,0.49536919884609526
106.80025497132786,11.05871030515337,0.29465053899488736,0.29895237613239467,0.30436762994078664,0.29181638746900107,0.25112606913305224,0.24738094033098856,0.2838706412267823
106.80025497132786,11.07667661083576,0.5696138468545974,0.46895085783693585,0.44303861531453914,0.47699782377650685,0.4409130016701243,0.49132041095197004,0.4676350017713446
106.80115328661198,10.393956994904924,0.23057847057037265,0.26661268282807904,0.20942355382357322,0.21428209929652292,0.21929247431550167,0.2381193380231785,0.2146363682372591
106.80115328661198,10.411923300587317,0.25669315248747376,0.2857432056278158,0.21306746292828477,0.22480894782124647,0.22298699326888996,0.23194493648463835,0.21003087200769327
106.80115328661198,10.429889606269704,0.3216761981881666,0.34976466420365343,0.27825294802368444,0.35032137253909473,0.33675793309377977,0.33119084973935886,0.3117566678475622
106.80115328661198,10.447855911952097,0.41287514550331444,0.4583733994635347,0.2975859102181281,0.37658788400222587,0.38473606963915075,0.4022976871299148,0.3262310845690579
106.80115328661198,10.465822217634486,0.33245609595627235,0.37937142567943677,0.32582620577964405,0.3288627967002371,0.3147932587681561,0.32582620577964405,0.34758844071056166
106.80115328661198,10.483788523316877,0.2694468343539644,0.3322030467128902,0.24707728123892847,0.2924743155017956,0.26468950857836865,0.2817956374310436,0.30755605040740935
106.80115328661198,10.501754828999266,0.2672200010121957,0.32299205425375704,0.2609443797763051,0.274254769978237,0.2578065691583583,0.27238220557720544,0.2485955766992249
106.80115328661198,10.519721134681657,0.2848322283516367,0.36398603168176524,0.2905005314034115,0.29627005415253765,0.2712687889063208,0.2919682170150313,0.28382003137810535
106.80115328661198,10.537687440364047,0.2590212055265947,0.3271420618452345,0.260286451743509,0.2630699934207199,0.2482919176071667,0.2682321979857278,0.30416519054608043
106.80115328661198,10.555653746046438,0.3800799635609089,0.4778581912040073,0.38164886886988153,0.39698365301887695,0.37760008097575715,0.4005263424262361,0.4252239485803937
106.80115328661198,10.573620051728827,0.4137355129308158,0.4290702970798103,0.3394908649223129,0.3637835922870575,0.38645680449415337,0.4096361151880147,0.34809453919732775
106.80115328661198,10.591586357411218,0.4983045700693345,0.47421428209929595,0.3927324257300473,0.4585252290095645,0.451945948681614,0.49840578976668815,0.41312819474669665
106.80115328661198,10.60955266309361,0.4014373197024143,0.41064831216154746,0.323295713345817,0.3704640923123636,0.38595070600738896,0.40801660003036655,0.39121413026974905
106.80115328661198,10.681417885823173,0.5043777519105215,0.4950149299053592,0.46247279720633583,0.385900096158712,0.4614099903841276,0.45791791082544625,0.3975909712029969
106.80115328661198,10.699384191505562,0.5014423806872814,0.46692646388987324,0.35386406194645387,0.38665924388886114,0.37481653929854714,0.3987043878738796,0.37147628928589405
106.80115328661198,10.717350497187953,0.6532719267169386,0.6498304570069333,0.5660205475985621,0.5284680398805608,0.5766486158206379,0.6096462371577495,0.540108305076167
106.80115328661198,10.879047248329464,0.6231590667543909,0.48555088820284387,0.457411812338681,0.39268181588137036,0.4791740472695978,0.4949137102080062,0.4735563540665007
106.80115328661198,10.897013554011856,0.6839414950149294,0.571435801406953,0.6008401234880303,0.6716939116352049,0.5854547294903588,0.6656207297940187,0.5632876157700292
106.80115328661198,10.914979859694249,0.5043777519105206,0.5078192216205267,0.6302950554177846,0.7017561617490773,0.5893010779897763,0.6443645933498655,0.5779644718862291
106.80115328661198,10.932946165376636,0.6955311503618603,0.7091451996558539,0.728781820942355,0.4623715775089828,0.6531200971709095,0.7081330026823217,0.6297889569310183
106.80115328661198,10.950912471059029,0.27779745938559613,0.31519813755756826,0.2504681411002576,0.3275975504833236,0.2608431600789512,0.2626651146313076,0.24930411458069718
106.80115328661198,10.968878776741418,0.5691583582165082,0.5293790171567391,0.49071309276785346,0.5949693810415502,0.5268485247229104,0.5046814110025806,0.48145149046004343
106.80115328661198,11.04074399947098,0.4191507667392067,0.4894984563996152,0.5168277746849538,0.45184472898425987,0.4626246267523658,0.4583227896148584,0.4426843463738039
106.80115328661198,11.09464291651815,0.37238726656207316,0.299863353408573,0.39845133863049736,0.5191052178753975,0.5697656764006274,0.49860822916139447,0.48322283516372316
106.80115328661198,11.11260922220054,0.5786730097677004,0.3372134217318689,0.3054810466116698,0.3877220507110677,0.3326585353509793,0.3237005921352284,0.40568854699124396
106.80115328661198,11.130575527882932,0.3570018725644,0.3561921149855765,0.365858596082797,0.3536616225517478,0.331798167923478,0.3951616984665204,0.35882382711675737
106.80115328661198,11.14854183356532,0.4074598916949235,0.39252998633533953,0.37441166050913494,0.38615314540209505,0.3035578723619612,0.37248848625942454,0.3193481451490457
106.81822127701024,10.60955266309361,0.4610557214433932,0.4997216458322788,0.4293233463231942,0.4508325320107279,0.42173186902171234,0.4318538387570212,0.4505288729186696
106.81911959229436,10.358024383540142,0.2191406447694725,0.2784553874183914,0.20274305379826887,0.21777417885520428,0.20942355382357322,0.2439900804696595,0.21777417885520428
106.81911959229436,10.375990689222531,0.23224859557669833,0.2729389139126475,0.2268333417683074,0.21580039475681861,0.20982843261298634,0.23938458424009346,0.22733944025507347
106.81911959229436,10.393956994904924,0.22981932284022363,0.28240295561516104,0.21387722050711072,0.231691887241257,0.21868515613138254,0.23968824333215188,0.23417176982640778
106.81911959229436,10.411923300587317,0.26848524722911,0.3388835467381946,0.25335290247482073,0.2906017511007635,0.2517839971658481,0.30851763753226213,0.2900956526139993
106.81911959229436,10.429889606269704,0.37026165291765667,0.37339946353560277,0.2931828533832676,0.2831114934966334,0.3219798572802266,0.29794017915886417,0.26499316767042697
106.81911959229436,10.447855911952097,0.3790171567387015,0.3627207854648509,0.2196467432562369,0.3148944784655098,0.32526949744420103,0.35204210739409736,0.35659699377498866
106.81911959229436,10.465822217634486,0.2848828382003136,0.33787134976466415,0.2237967508477141,0.2805810010628061,0.2605395009868912,0.28088466015486535,0.22870590616934086
106.81911959229436,10.483788523316877,0.27526696695176917,0.34844880813806295,0.27789867908294846,0.28275722455589786,0.26448706918366255,0.25724986082291595,0.2553266865732064
106.81911959229436,10.501754828999266,0.27390050103750174,0.3736019029303106,0.2719267169391161,0.28645174350928615,0.262715724479983,0.28564198593046186,0.24576142517333802
106.81911959229436,10.519721134681657,0.27815172832633245,0.3337213421731867,0.2562882736980597,0.28584442532516785,0.2535553418695285,0.2680297585910219,0.2529480236854084
106.81911959229436,10.537687440364047,0.26428462978895645,0.30092616023078117,0.23234981527405243,0.265802925249253,0.28154258818766054,0.2662584138873421,0.2501138721595215
106.81911959229436,10.555653746046438,0.2719267169391161,0.3678323801811827,0.24793764866643062,0.28154258818766054,0.2558327850599725,0.2951566374816532,0.2781517283263315
106.81911959229436,10.573620051728827,0.28412369047016534,0.36256895591882093,0.2661065843413129,0.2805810010628061,0.2701553722354365,0.35791284984057914,0.25972974340806687
106.81911959229436,10.591586357411218,0.3790677665873776,0.38716534237562555,0.3074042208613795,0.35295308467027564,0.351232349815273,0.3936940128549008,0.4235538235740672
106.81911959229436,10.627518968776,0.37248848625942454,0.417075762943468,0.3069487322232896,0.3718811680753071,0.37633483475884366,0.3723872665620723,0.339035376284224
106.81911959229436,10.64548527445839,0.7004403056834869,0.5390454982539596,0.5983096310542024,0.6518548509539951,0.6411761728832435,0.66309023736019,0.6008907333367072
106.81911959229436,10.66345158014078,0.47623867604635856,0.4669264638898718,0.4571081532466221,0.4432916645579222,0.4587276684042706,0.43291664557922943,0.48069234272989597
106.81911959229436,10.681417885823173,0.47674477453312464,0.42836175919833985,0.3861025355534181,0.4135330735361097,0.4490105774583731,0.43241054709246335,0.3356951262715724
106.81911959229436,10.699384191505562,0.5422845285692597,0.5785717900703483,0.5012399412925753,0.5330229262614504,0.597398653778025,0.5151070398299503,0.46662280479781326
106.81911959229436,10.717350497187953,0.6225011387215956,0.5278607216964425,0.5269497444202634,0.548914418745888,0.5446631914570583,0.5141960625537737,0.5313528012551231
106.81911959229436,10.735316802870342,0.5496229566273585,0.5674376233615047,0.48383015334784124,0.5507363732982443,0.5056429981274358,0.5072119034364093,0.4507313123133757
106.81911959229436,10.753283108552733,0.2756212358925044,0.2831114934966349,0.22794675843919177,0.2994078647704846,0.2588693759805647,0.2706614707222009,0.28938711473252543
106.81911959229436,10.771249414235124,0.3606457816691122,0.34708234222379725,0.3526494255782173,0.40589098638595006,0.38483728933650463,0.44931423655043307,0.43706665317070686
106.81911959229436,10.789215719917513,0.397337921959613,0.43564957740776256,0.3336707323245098,0.423401994028038,0.6290804190495479,0.6193633281036487,0.5293790171567374
106.81911959229436,10.807182025599904,0.6068626954805412,0.5490156384432411,0.49304114580697356,0.5855559491877127,0.551951009666481,0.5851004605496221,0.5182448504478956
106.81911959229436,10.825148331282294,0.5424363581152897,0.5187509489346619,0.4681411002581098,0.5724986082291621,0.5284680398805608,0.5395009868920487,0.5104509337517068
106.81911959229436,10.843114636964684,0.6675439040437258,0.6956829799078895,0.5380839111291061,0.5994230477250876,0.5842400931221214,0.6411255630345664,0.5824687484184418
106.81911959229436,10.861080942647074,0.7340452452047168,0.5283162103345308,0.6112657523153999,0.7624879801609397,0.6776658737790371,0.687990282909053,0.7124854496685052
106.81911959229436,10.879047248329464,0.6779189230224202,0.6920390708031782,0.6208816235639453,0.6589908396173896,0.5210790019737844,0.611822460650843,0.4732020851257655
106.81911959229436,10.897013554011856,0.7017055519004004,0.6012450022774425,0.5591376081785515,0.6793866086340398,0.5582266309023733,0.6889012601852311,0.508831418594058
106.81911959229436,10.914979859694249,0.40862391821448313,0.4182397894630285,0.37967508477149675,0.4441520319854252,0.37370312262766364,0.4445569107748359,0.3980970696897613
106.81911959229436,10.932946165376636,0.6845488131990476,0.6907232147375877,0.7309580444354468,0.7166354572599827,0.6182499114327643,0.6981122526443643,0.5405131838655801
106.81911959229436,10.950912471059029,0.6901665064021446,0.709448858747912,0.639708487271622,0.7313123133761837,0.6393036084822098,0.6612682828078335,0.5622754187964969
106.81911959229436,10.968878776741418,0.5925401083050754,0.5985120704489093,0.5240143731970234,0.7003390859861329,0.5902120552659545,0.5896553469305115,0.6212358925046821
106.81911959229436,10.986845082423809,0.3888860772306282,0.32005668303051704,0.35740675135381306,0.5417278202338166,0.645629839566779,0.28655296320664014,0.365807986234121
106.81911959229436,11.004811388106198,0.49881066855610057,0.4390910471177678,0.46965939571840637,0.4681411002581098,0.43418189179614297,0.42659041449466023,0.4010830507616783
106.81911959229436,11.022777693788589,0.34343843311908423,0.43311908497393553,0.27703831165544873,0.4022976871299148,0.41338124399008075,0.35720431195910696,0.4000708537881461
106.81911959229436,11.04074399947098,0.46267523660104193,0.47011488435649545,0.34698112252644336,0.3992104863606456,0.41125563034566404,0.3931373045194595,0.43332152436864163
106.81911959229436,11.05871030515337,0.4469861835113105,0.4451642289589548,0.32876157700288405,0.408472088668454,0.4120653879244901,0.44774533124145877,0.3826104559947359
106.81911959229436,11.07667661083576,0.5646034718356194,0.3832177741788559,0.19636621286502276,0.48939723670226304,0.4881826003340248,0.4389898274204156,0.4136849030821397
106.81911959229436,11.09464291651815,0.3735006832329567,0.3279518194240589,0.234323599372438,0.34009818310643114,0.30163469811225163,0.3478920998026218,0.3078090996507917
106.81911959229436,11.11260922220054,0.3461207550989421,0.3166152133205111,0.19596133407561056,0.40361354319550524,0.3293688951870032,0.3557366263474874,0.33949086492231373
106.81911959229436,11.130575527882932,0.4306392023887838,0.40933245609595703,0.3021914064476949,0.40002024393947,0.3830153347841481,0.31170605799888584,0.39840072878182126
106.81911959229436,11.14854183356532,0.5002783541677202,0.49111797155726566,0.3833189938762081,0.4734551343691477,0.46323194493648345,0.5101472746596485,0.463029505541778
106.83618758269265,10.358024383540142,0.22921200465610525,0.27875904651045136,0.21377600080975673,0.22126625841388742,0.2069942810871002,0.23984007287818102,0.21175160686269423
106.83618758269265,10.375990689222531,0.22845285692595615,0.2716230578470561,0.2143833189938768,0.22526443645933392,0.21008148185636938,0.2353864061946453,0.19833999696340832
106.83618758269265,10.393956994904924,0.2491016751859913,0.2994078647704829,0.2789614859051558,0.29571334581709524,0.23862543650994372,0.3126676451237412,0.27643099347132877
106.83618758269265,10.411923300587317,0.3853433878232707,0.34303355432967203,0.3269396224505284,0.3528518649729234,0.35290247482159953,0.37324763398957367,0.3116554481502091
106.83618758269265,10.429889606269704,0.3482969785920338,0.3919732779998982,0.33933903537628374,0.33027987246317975,0.31211093678829827,0.3350371982387763,0.28974138367326235
106.83618758269265,10.447855911952097,0.34176830811275855,0.3685409180626549,0.3378207399159872,0.32005668303051704,0.2897919935219395,0.33341768308112674,0.29459992914621114
106.83618758269265,10.465822217634486,0.3923781567893112,0.41945442583126585,0.36793359987853663,0.328356698213471,0.33529024748215935,0.3648970089579435,0.34121159977731574
106.83618758269265,10.483788523316877,0.30482311857887556,0.34121159977731635,0.2679285388936678,0.280125512424718,0.2664608532820482,0.2704590313274964,0.25770534946100426
106.83618758269265,10.501754828999266,0.30558226630902297,0.39121413026974905,0.29606761475783155,0.3161597246824235,0.2930310238372385,0.3140847208866838,0.2662078040386652
106.83618758269265,10.519721134681657,0.28969077382458636,0.33281036489700844,0.27111695936029007,0.2803785616681001,0.2592236449213009,0.293334682929297,0.2585151070398286
106.83618758269265,10.537687440364047,0.3978946302950552,0.3957690166506395,0.4005769522749122,0.4026519560706509,0.4119641682271362,0.40052634242623525,0.3189432663596318
106.83618758269265,10.555653746046438,0.288071258666935,0.3366567133964276,0.24181385697656668,0.2776962396882431,0.24824130775848893,0.2927273647451785,0.21969735310491384
106.83618758269265,10.573620051728827,0.25669315248747376,0.3103395920846186,0.22359431145300823,0.25315046308011546,0.24343337213421712,0.2625132850852769,0.23958702363479967
106.83618758269265,10.591586357411218,0.42173186902171067,0.4324611569411403,0.3444000202439394,0.38665924388886114,0.3980970696897613,0.4438483728933635,0.45402095247735164
106.83618758269265,10.627518968776,0.2732931828533818,0.2633736525127782,0.2467736221468687,0.25203704640923025,0.2394351940887698,0.23862543650994447,0.26215901614454185
106.83618758269265,10.64548527445839,0.5707778733741578,0.580191305227997,0.43458677058555595,0.4757325775595925,0.4481502100308718,0.494205172326534,0.5556961384685448
106.83618758269265,10.66345158014078,0.48352649425578126,0.4774027025659199,0.38382509236297246,0.4351434789209973,0.4108507515562527,0.3981982893871135,0.3853433878232698
106.83618758269265,10.681417885823173,0.3622652968267626,0.4117111189837532,0.3620122475833796,0.3469305126777664,0.34758844071056166,0.36165797864264265,0.328660357305531
106.83618758269265,10.699384191505562,0.7565160180171066,0.4808441722759243,0.37592995596943146,0.49071309276785346,0.5470418543448554,0.526342426236146,0.4698618351131124
106.83618758269265,10.717350497187953,0.3875196113163616,0.365605546839414,0.34399514145452725,0.32704084214788226,0.454982539602207,0.4152538083911123,0.29262614504782547
106.83618758269265,10.735316802870342,0.6327749380029345,0.4766941646844479,0.4315501796649629,0.521787539855255,0.5085277595019996,0.4609545017460393,0.4628270661470713
106.83618758269265,10.753283108552733,0.38028240295561416,0.39511108861784516,0.30649324358520125,0.3212713193987544,0.35153600890733216,0.34333721342173035,0.29955969431651375
106.83618758269265,10.771249414235124,0.27430537982691394,0.26969988359734826,0.21089123943519364,0.2582114479477703,0.2606913305329212,0.2625638949339538,0.24778581912040062
106.83618758269265,10.789215719917513,0.3905562022369547,0.36995799382559835,0.3310896300420058,0.3833189938762081,0.379978743863555,0.4073080621488927,0.3926312060326934
106.83618758269265,10.807182025599904,0.4988612784047775,0.5020496988713997,0.40680196366212834,0.5123741080014174,0.4783642896907734,0.4610051115947154,0.4390404372690917
106.83618758269265,10.825148331282294,0.3736019029303106,0.3552811377093974,0.31499569816286144,0.3804848423503211,0.3519408876967452,0.379978743863555,0.3686421377600071
106.83618758269265,10.843114636964684,0.3672756718457414,0.3931373045194586,0.38595070600738896,0.574016903689457,0.562680297585909,0.4701654942051726,0.4139885621741988
106.83618758269265,10.861080942647074,0.6326231084569054,0.5639455438028226,0.5329217065640982,0.5022015284174306,0.5380839111291053,0.6123791689862843,0.5129814261855352
106.83618758269265,10.879047248329464,0.5159167974087764,0.5099448352649424,0.5017966496280167,0.5248241307758487,0.4793764866643038,0.517182043625689,0.49187711928741285
106.83618758269265,10.897013554011856,0.7149147224049801,0.7540867452806301,0.6876360139683176,0.7297434080672103,0.680297585910218,0.7856672908548008,0.7221013209170506
106.83618758269265,10.914979859694249,0.30912495571638204,0.2951060276329772,0.24960777367275716,0.28721089123943455,0.2597803532567429,0.3106432511766779,0.29368895187003285
106.83618758269265,10.986845082423809,0.6310035932992566,0.5302899944329174,0.5149046004352442,0.5957791386203746,0.5234576648615821,0.5133356951262708,0.539197327799989
106.83618758269265,11.004811388106198,0.5838858241813853,0.5189533883293678,0.5033149450883132,0.6557518093020905,0.5564046763500184,0.6020547598562686,0.5521534490611871
106.83618758269265,11.022777693788589,0.6655701199453418,0.6606609646237153,0.40902879700389533,0.6344450630092602,0.5538741839161898,0.6448706918366298,0.5530644263373637
106.83618758269265,11.04074399947098,0.4883850397287309,0.3857482666126831,0.34601953540158814,0.4828685662229869,0.42142820992965235,0.3987043878738796,0.4284123690470151
106.83618758269265,11.05871030515337,0.4067513538134514,0.3918720583025451,0.3419201376587877,0.45138924034617095,0.37653727415354976,0.40589098638595006,0.4178349106736171
106.83618758269265,11.07667661083576,0.6303962751151364,0.49617895642491966,0.4628776759957491,0.48403259274254734,0.5068576344956723,0.48772711169593563,0.42947517586922335
106.83618758269265,11.09464291651815,0.7082342223796757,0.45862644870691754,0.5179411913558373,0.5563034566526646,0.5702717748873934,0.5645022521382655,0.5529632066400115
106.83618758269265,11.11260922220054,0.6097474568551035,0.4960777367275658,0.47927526696695166,0.5943620628574319,0.5507363732982443,0.582924237056531,0.488587479123437
106.83618758269265,11.130575527882932,0.7304013361000055,0.3895946151121003,0.4015385393997665,0.4444050812288065,0.4317020092109912,0.4198593046206789,0.34333721342173035
106.83618758269265,11.14854183356532,0.5126777670934755,0.46550938812692894,0.39804645984108433,0.47583379725694636,0.41581051672655533,0.431600789513639,0.44359532364998217
106.83708589797676,10.60955266309361,0.3637835922870575,0.3608482210638183,0.3017359178096055,0.387772660559744,0.34875246723012293,0.3581152892352835,0.35067564147983166
106.83708589797676,10.932946165376636,0.4582721797661823,0.4244141910015685,0.2665114631307254,0.45179411913558315,0.3924287666379873,0.4387367781770334,0.38655802419150725
106.83708589797676,10.950912471059029,0.6207297940179153,0.5884407105622749,0.4059922060833023,0.5636924945594411,0.5544815021003081,0.6208816235639453,0.520117414848929
106.83708589797676,10.968878776741418,0.6214889417480646,0.6495774077635503,0.5556961384685448,0.6191608887089419,0.6019535401589147,0.7078293435902635,0.6063565969937751
106.85415388837502,10.60955266309361,0.4100409939774283,0.4468849638139585,0.3507262513285086,0.37729642188369805,0.380586062047675,0.4204666228047972,0.43539652816438035
106.85415388837502,10.807182025599904,0.37653727415354976,0.3701098233716275,0.32056278151728396,0.34009818310643286,0.35138417936130384,0.3565969937749878,0.33554329672554156
106.85505220365914,10.358024383540142,0.2237967508477141,0.2782529480236853,0.22035528113770897,0.2178247887038804,0.20618452350827415,0.22359431145300823,0.20805708790930677
106.85505220365914,10.375990689222531,0.2181790576446173,0.265802925249253,0.20881623563945503,0.21671137203299604,0.19859304620679147,0.219849182650943,0.22162052735462234
106.85505220365914,10.393956994904924,0.22835163722860383,0.28382003137810535,0.23725897059567708,0.3007237208360734,0.22091198947315124,0.28564198593046186,0.2756212358925044
106.85505220365914,10.411923300587317,0.3135786223999195,0.28432612986487144,0.3116554481502091,0.3217774178855205,0.29753530036945114,0.3184877777215435,0.2908548003441459
106.85505220365914,10.429889606269704,0.23872665620729752,0.31119995951212,0.24358520168024628,0.2312870084518448,0.24535654638392584,0.21499063717799338,0.22116503871653342
106.85505220365914,10.447855911952097,0.29920542537577854,0.33119084973935803,0.2978389594615103,0.27663343286603487,0.2706614707222009,0.2733944025507357,0.22865529632066392
106.85505220365914,10.465822217634486,0.28579381547649185,0.2950554177843003,0.2450528872918667,0.28255478516119187,0.2610962093223333,0.27354623209676493,0.24738094033098856
106.85505220365914,10.483788523316877,0.36732628169441667,0.41186294852978234,0.35102991042056775,0.33842805810010546,0.34389392175717337,0.3566982134723409,0.3216761981881666
106.85505220365914,10.501754828999266,0.29384078141606274,0.3549774786173391,0.2788602662078036,0.2805810010628061,0.28295966395060407,0.27324257300470656,0.2594260843160068
106.85505220365914,10.519721134681657,0.3224353459183149,0.3395920846196668,0.282251126069132,0.3155017966496266,0.29465053899488736,0.3017359178096055,0.28685662229869857
106.85505220365914,10.537687440364047,0.24434434941039537,0.28549015638443187,0.23958702363479967,0.22627663343286522,0.22794675843919177,0.2556809555139433,0.22278455387418217
106.85505220365914,10.555653746046438,0.3479933194999738,0.3753226377853115,0.3003188420466612,0.33852927779745934,0.3208664406093422,0.33787134976466415,0.28513588744369667
106.85505220365914,10.573620051728827,0.3298749936737676,0.3776506908244341,0.2523407055012901,0.2863505238119324,0.2832127131939871,0.3272432815425867,0.2561870540007077
106.85505220365914,10.591586357411218,0.4393947062098278,0.4707728123892901,0.36671896351029837,0.4218836985677415,0.428766637987752,0.44597398653778003,0.4531605850498505
106.85505220365914,10.627518968776,0.38645680449415337,0.4113568500430179,0.3157042360443335,0.3634293233463223,0.3678323801811827,0.38134520977782244,0.3634799331949992
106.85505220365914,10.64548527445839,0.4969381041550688,0.43038615314540074,0.3709701907991297,0.3962751151374056,0.3807885014423794,0.40234829697859115,0.4787691684801856
106.85505220365914,10.66345158014078,0.46247279720633583,0.36049395212308305,0.35841894832734517,0.33230426641024324,0.4046763500177118,0.3627713953135287,0.33620122475833764
106.85505220365914,10.681417885823173,0.5865681461612414,0.4798825851510699,0.5375272027936631,0.525431448959968,0.5273546232096765,0.4932941950503564,0.4851460094134317
106.85505220365914,10.699384191505562,0.5665266460853282,0.5012399412925753,0.42669163419201417,0.4864618654790213,0.5518497899691271,0.4940533427805046,0.47806063059871506
106.85505220365914,10.717350497187953,0.5713345817095999,0.4241105319095102,0.4508325320107298,0.46783744116605,0.47335391467179466,0.5282149906371778,0.4756313578622403
106.85505220365914,10.735316802870342,0.5510400323903029,0.5737132445973987,0.4918265094387361,0.5005820132597795,0.510855812541119,0.5107545928437668,0.5227997368287869
106.85505220365914,10.753283108552733,0.4286148084417229,0.38468545979047464,0.39025254314489555,0.3732982438382506,0.35781163014322526,0.3902019332962186,0.33792195961334026
106.85505220365914,10.771249414235124,0.27288830406397047,0.30052128144136886,0.22485955766992174,0.2631206032693952,0.26732122070954933,0.26914317526190606,0.25689559188217986
106.85505220365914,10.789215719917513,0.3745634900551641,0.374512880206488,0.3104914216306494,0.3486006376840938,0.3564957740776348,0.3832177741788559,0.3657067665367679
106.85505220365914,10.825148331282294,0.460650842653981,0.4840832025912243,0.38524216812591683,0.5010375018978692,0.4341312819474677,0.5355534186952774,0.4720886684548811
106.85505220365914,10.843114636964684,0.27410294043220784,0.2818968571283966,0.2221772356900656,0.2923224859557663,0.2554785161192357,0.26742244040690344,0.2639809706968973
106.85505220365914,10.861080942647074,0.40290500531403395,0.43590262665114643,0.4362568955918825,0.42132699023229847,0.3922769370919584,0.5842907029707975,0.5553924793764863
106.85505220365914,10.879047248329464,0.40715623260286354,0.4002732931828522,0.37243787641074844,0.4014373197024135,0.35568601649881043,0.394959259071816,0.422997115238625
106.85505220365914,10.897013554011856,0.682828078344045,0.6788805101472739,0.534541221721747,0.6604079153803322,0.6300926160230783,0.6302950554177846,0.5793309378004957
106.85505220365914,10.914979859694249,0.667948782833138,0.5723467786831313,0.6063059871450981,0.6548914418745874,0.5570119945341351,0.6433017865276575,0.5708790930715109
106.85505220365914,10.932946165376636,0.6881927223037607,0.62022369553115,0.5375778126423401,0.6708841540563788,0.6126828280783426,0.6745280631610904,0.6621286502353354
106.85505220365914,10.950912471059029,0.7252391315349959,0.7862746090389191,0.6767548965028588,0.5434485550888201,0.6644060934257805,0.7170909458980719,0.6825750291006621
106.85505220365914,10.968878776741418,0.7035781163014322,0.7188622906017498,0.5856065590363879,0.5590363884811976,0.6283718811680741,0.6628877979654839,0.7294903588238263
106.85505220365914,10.986845082423809,0.6775140442330071,0.5732071461106334,0.5265448656308512,0.5665266460853282,0.5891998582924226,0.5604028543954642,0.5498253960220663
106.85505220365914,11.004811388106198,0.7564147983197527,0.6542841236904691,0.6948732223290649,0.6333316463383776,0.6934561465661224,0.6570170555190037,0.6591426691634187
106.85505220365914,11.022777693788589,0.5822156991750579,0.465711827521635,0.3612530998532305,0.5040740928184624,0.5191052178753985,0.5704742142820995,0.5430436762994062
106.85505220365914,11.04074399947098,0.5129814261855352,0.4446075206235126,0.29394200111341673,0.5244192519864365,0.4405587327293882,0.5018978693253706,0.4424819069790978
106.85505220365914,11.05871030515337,0.543347335391468,0.4485044789716068,0.29363834202135675,0.4636874335745741,0.46196669871957124,0.5070094640417016,0.43645933498658773
106.85505220365914,11.07667661083576,0.4973935927931562,0.4400020243939461,0.3368085429424567,0.4344855508882031,0.40002024393947,0.5028088466015488,0.4135330735361097
106.85505220365914,11.09464291651815,0.634849941798674,0.4073080621488927,0.4377751910521774,0.45584290702970753,0.5675388430588586,0.4498203350371975,0.4357001872564395
106.85505220365914,11.11260922220054,0.4936484639910918,0.397337921959613,0.35659699377498866,0.4760362366516508,0.5218887595526086,0.5090338579887641,0.5196113163621646
106.85505220365914,11.130575527882932,0.48914418745887916,0.4092312363986031,0.3309884103446536,0.44506300926160175,0.3882787590465099,0.43018371375069553,0.42345260387671496
106.85505220365914,11.14854183356532,0.8029758591021809,0.5147021610405381,0.475125259375474,0.5103497140543546,0.44010324409129997,0.33382256187053894,0.3392378156789315
106.87212019405742,10.358024383540142,0.23007237208360742,0.2820992965231027,0.22916139480743,0.21620527354623165,0.20491927729136064,0.21402905005313988,0.19429120906928404
106.87212019405742,10.375990689222531,0.2153449061187303,0.26975049344602436,0.21316868262563857,0.22308821296624384,0.20567842502150976,0.21620527354623165,0.2103345310997516
106.87212019405742,10.393956994904924,0.1755149552102834,0.2733944025507357,0.1948479174047261,0.24778581912040062,0.20112353864061847,0.22754187964977957,0.2345260387671423
106.87212019405742,10.411923300587317,0.2945493192975349,0.3313932891340658,0.24616630396275022,0.2660053646439589,0.2685358570777861,0.2662078040386652,0.27430537982691394
106.87212019405742,10.429889606269704,0.2757224555898583,0.3313932891340658,0.2753681866491214,0.2692443949592583,0.26752366010425555,0.27713953135280095,0.3044688496381403
106.87212019405742,10.447855911952097,0.3273445012399406,0.4702667139025246,0.3731970241408984,0.35781163014322526,0.36155675894528966,0.3110481299660908,0.3077078799534386
106.87212019405742,10.465822217634486,0.25021509185687374,0.31747558074801224,0.2512272888304059,0.28351637228604615,0.25269497444202654,0.28918467533782116,0.2721797661824992
106.87212019405742,10.483788523316877,0.2995090844678367,0.31206032693962216,0.27172427754440914,0.2766840427147118,0.2690419555645522,0.2863505238119324,0.25952730401336077
106.87212019405742,10.501754828999266,0.3312920694367119,0.32471278910875967,0.28695784199605257,0.31990485348448705,0.29616883445518544,0.3092261754137359,0.30376031175666646
106.87212019405742,10.519721134681657,0.2425730047067158,0.2523407055012901,0.291715167771648,0.2564907130927667,0.2225315046308001,0.22511260691330456,0.22971810314287133
106.87212019405742,10.537687440364047,0.2665114631307254,0.2556809555139416,0.2229869932688891,0.280176122273394,0.2744065995242678,0.29687737233665595,0.24242117516068581
106.87212019405742,10.555653746046438,0.3394908649223129,0.35416772103851385,0.30183713750695845,0.32248595576699096,0.32805303912141276,0.33787134976466415,0.3004706715926912
106.87212019405742,10.573620051728827,0.29819322840224627,0.34657624373703116,0.2657523154005769,0.2881218685156128,0.28422491016751755,0.32076522091198845,0.30122981932283943
106.87212019405742,10.591586357411218,0.339996963409079,0.38149703932385154,0.2707626904195548,0.29606761475783155,0.28918467533782116,0.31276886482109345,0.30031884204666287
106.87212019405742,10.60955266309361,0.3239030315299353,0.36793359987853663,0.2582114479477703,0.297231641277392,0.2899944329166454,0.3121615466369752,0.29475175869224113
106.87212019405742,10.627518968776,0.31666582316918873,0.35487625891998603,0.2610455994736573,0.28888101624576107,0.285793815476491,0.32557315653626184,0.2541626600536459
106.87212019405742,10.64548527445839,0.28786881927223057,0.3315957285287719,0.25669315248747376,0.2682321979857278,0.2530492433827624,0.2915633382256172,0.20669062199503854
106.87212019405742,10.66345158014078,0.3929348651247517,0.471886229060175,0.3951616984665204,0.40872513791183707,0.36388481198441136,0.39743914165696603,0.39414950149298994
106.87212019405742,10.681417885823173,0.48575332759754997,0.39161900905916125,0.4529581456551444,0.5289741383673269,0.5256338883546738,0.41869527810111756,0.33777013006731027
106.87212019405742,10.699384191505562,0.4873728427551987,0.37167872868060015,0.34030062250113724,0.5024545776608136,0.49218077837947305,0.4227946758439198,0.36297383470823313
106.87212019405742,10.717350497187953,0.471380130573409,0.41697454324611577,0.42815931980363375,0.4035629333468283,0.44546788805101395,0.46945695632370027,0.4537679032339688
106.87212019405742,10.735316802870342,0.44379776304468826,0.3794220355281137,0.5041753125158154,0.5682979907890061,0.5245204716837895,0.4984563996153653,0.46743256237663744
106.87212019405742,10.753283108552733,0.3699579938255975,0.3736019029303106,0.4354471380130581,0.3864061946454781,0.37618300521281367,0.4289690773824581,0.3567488233210178
106.87212019405742,10.771249414235124,0.260438281289539,0.2874133306341406,0.2134723417176975,0.2467736221468687,0.24505288729186586,0.2699529328407304,0.25507363732982336
106.87212019405742,10.789215719917513,0.37871349764664153,0.368743357457361,0.36165797864264265,0.34779088010526776,0.346171364947619,0.374917758995901,0.3897970545068064
106.87212019405742,10.807182025599904,0.3920238878485751,0.3995141454527039,0.32648413381243924,0.4127739258059623,0.38701351282959556,0.4070044030568344,0.38757022116503853
106.87212019405742,10.825148331282294,0.2725846449719113,0.2831114934966349,0.22121564856521037,0.26428462978895645,0.2508224100409937,0.26059011083556816,0.288374917758995
106.87212019405742,10.843114636964684,0.3567488233210178,0.37461409990384104,0.3490561263221821,0.32592742547699627,0.36160736879396743,0.508831418594058,0.5439546535755845
106.87212019405742,10.861080942647074,0.37461409990384104,0.3711726301938341,0.3174755807480131,0.35295308467027564,0.32248595576699185,0.42785566071157377,0.42405992206083243
106.87212019405742,10.879047248329464,0.5764461764259318,0.46353560402854327,0.5983096310542015,0.6571182752163562,0.6443139835011885,0.6505896047370816,0.5859608279771249
106.87212019405742,10.897013554011856,0.608431600789514,0.5812035022015292,0.5493192975353002,0.6239182144845392,0.5672857938154756,0.6455286198694251,0.5882888810162458
106.87212019405742,10.914979859694249,0.817197226580292,0.7636013968318232,0.7273647451794124,0.8322283516372291,0.7306037754947099,0.7707879953438936,0.8181588137051461
106.87212019405742,10.932946165376636,0.7114732526949732,0.7440659952426742,0.7711928741333058,0.6897110177640555,0.6280682220760158,0.6918872412571473,0.7229616883445511
106.87212019405742,10.950912471059029,0.7276684042714706,0.6789817298446276,0.5443595323649967,0.6592438888607709,0.6368743357457367,0.668758540411964,0.686168328356698
106.87212019405742,10.968878776741418,0.6962902980920095,0.7023634799331939,0.5529125967913354,0.6290804190495479,0.5941596234627259,0.6268029758591023,0.6215901614454166
106.87212019405742,10.986845082423809,0.6764512374108006,0.6455792297181037,0.5659193279012099,0.7474062452553274,0.8017106128852675,0.6753378207399146,0.6959866389999495
106.87212019405742,11.004811388106198,0.6247785819120396,0.4224910167518598,0.4618654790222176,0.563034566526646,0.5853535097930049,0.5446631914570583,0.548914418745888
106.87212019405742,11.022777693788589,0.5070094640417016,0.47497342982944424,0.4351434789209973,0.5667290854800343,0.4412166607621843,0.4401538539399761,0.5084265398046458
106.87212019405742,11.04074399947098,0.5693101877625382,0.5769522749126978,0.546383926312061,0.5923882787590462,0.5175363125664251,0.6132395364137856,0.5580241915076672
106.87212019405742,11.05871030515337,0.5490156384432419,0.4515410698922018,0.27663343286603487,0.4423300774330687,0.513892403461712,0.40644769472139225,0.34434941039526246
106.87212019405742,11.07667661083576,0.49354724429373875,0.4057391568399209,0.36428969077382356,0.39566779695328647,0.38999949390151334,0.3577104104458722,0.27248342527455743
106.87212019405742,11.09464291651815,0.46748317222531544,0.3444506300926164,0.3155017966496266,0.4309934713295207,0.42593248646186505,0.44040690318335823,0.385647046915329
106.87212019405742,11.11260922220054,0.4596386456804489,0.3611518801558766,0.43241054709246335,0.4887899185181431,0.5024545776608127,0.4816539298547493,0.4307910319348146
106.87212019405742,11.130575527882932,0.4198593046206789,0.4918265094387361,0.39667999392681697,0.5245710815324665,0.5655650589604729,0.5376790323396939,0.41019282352345665
106.87212019405742,11.14854183356532,0.6712384229971149,0.33716281188319197,0.45680449415456187,0.4053342780505087,0.3650994483526496,0.38625436509944894,0.41206538792448844
106.89098481502393,10.358024383540142,0.21276380383622637,0.29996457310592595,0.2120552659547542,0.22582114479477713,0.20679184169239243,0.21023331140239937,0.19950402348296972
106.89098481502393,10.375990689222531,0.3425780656915829,0.38979705450680724,0.33463231944936495,0.3691482362467732,0.29849688749430636,0.2952578571790072,0.32471278910875967
106.89098481502393,10.393956994904924,0.3185383875702196,0.3406042815931972,0.3094286148084404,0.29201882686370717,0.28569259577913786,0.31874082696492656,0.297079811731362
106.89098481502393,10.411923300587317,0.3103902019332954,0.37886532719267235,0.3322030467128902,0.3188420466622796,0.3048737284275524,0.3642896907738244,0.2909560200415005
106.89098481502393,10.429889606269704,0.411862948529784,0.45037704337264045,0.37198238777266013,0.3905055923882786,0.4072068424515405,0.38686168328356557,0.40801660003036655
106.89098481502393,10.447855911952097,0.3611518801558766,0.4009312212156483,0.5152082595273033,0.5684498203350369,0.5697150665519504,0.4776557518093029,0.4170251530947919
106.89098481502393,10.465822217634486,0.31610911483374654,0.3745634900551649,0.334328660357305,0.3453616073687946,0.2974846905207743,0.31560301634698046,0.323599372437877
106.89098481502393,10.483788523316877,0.3201579027278701,0.3662128650235331,0.29890176628371856,0.27805050862897834,0.28159319803633664,0.28700845184472845,0.2854395465357541
106.89098481502393,10.501754828999266,0.23908092514803275,0.30988410344652967,0.2546181486917343,0.2489498456399611,0.22288577357153608,0.23822055772053144,0.18715522040588964
106.89098481502393,10.519721134681657,0.2526443645933502,0.27172427754440914,0.24070044030568244,0.25299863353408547,0.22916139480743,0.2486967963965789,0.2143833189938751
106.89098481502393,10.537687440364047,0.2848828382003136,0.33417683081127586,0.22986993268890046,0.2756212358925044,0.2597803532567439,0.3086188572296161,0.251733387317172
106.89098481502393,10.555653746046438,0.27476086846500225,0.3446530694873208,0.23179310693861005,0.27713953135280095,0.26792853889366863,0.28867857685105497,0.26428462978895645
106.89098481502393,10.573620051728827,0.2874639404828184,0.3509286907232147,0.2237967508477141,0.2538083911129107,0.25502302748114725,0.28938711473252543,0.23781567893111924
106.89098481502393,10.591586357411218,0.4037147628928583,0.4732020851257655,0.3478920998026218,0.3778531302191402,0.334328660357305,0.3606457816691122,0.2849334480489896
106.89098481502393,10.60955266309361,0.3164633837744818,0.37851105825193543,0.2352345766486153,0.3177286299913953,0.288374917758995,0.3210688800040483,0.27916392529986356
106.89098481502393,10.627518968776,0.32451034971405446,0.397034262867553,0.3015334784148994,0.35963358469558177,0.3212713193987544,0.3385798876461346,0.24434434941039537
106.89098481502393,10.64548527445839,0.4090794068525731,0.4288678576851059,0.37410800141707495,0.4187458879497945,0.39045498253960165,0.39541474770990426,0.39252998633533953
106.89098481502393,10.66345158014078,0.41328002429272664,0.43053798269143073,0.3980970696897613,0.4174300318842041,0.4317020092109912,0.4485044789716087,0.387772660559744
106.89098481502393,10.681417885823173,0.5180424110531912,0.3977934105977013,0.36489700895794186,0.49668505491168574,0.4618654790222176,0.52861986942659,0.40872513791183707
106.89098481502393,10.699384191505562,0.5484083202591219,0.3675287210891236,0.29009565261399844,0.4469861835113105,0.4535654638392627,0.3914671795131338,0.4025507363732987
106.89098481502393,10.717350497187953,0.47628928589503466,0.45447644111544094,0.4173288121868502,0.41166050913507624,0.45224960777367224,0.4430892251632169,0.4420264183410087
106.89098481502393,10.735316802870342,0.4586770585555945,0.42314894478465415,0.3980970696897613,0.4105470924641936,0.451338630497494,0.4318032289083451,0.38372387266562025
106.89098481502393,10.753283108552733,0.38134520977782155,0.4123690470165501,0.3820031378106176,0.32471278910875967,0.34667746343438505,0.39637633483475865,0.37937142567943677
106.89098481502393,10.771249414235124,0.3572549218077839,0.41510197884508315,0.3051267776709349,0.3185889974188967,0.351536008907333,0.33655549369907367,0.30831519813755776
106.89098481502393,10.789215719917513,0.39840072878182126,0.4186446682524406,0.34531099752011685,0.35442077028189606,0.37167872868060015,0.36631408472088617,0.3409079406852572
106.89098481502393,10.807182025599904,0.3627713953135287,0.37264031580545537,0.2820992965231027,0.30386153145402023,0.29459992914621197,0.3437420922111442,0.33827622855407635
106.89098481502393,10.825148331282294,0.38326838402753116,0.3934409636115186,0.37461409990384104,0.37380434232501497,0.3112505693607969,0.3621134672807318,0.34303355432967203
106.89098481502393,10.843114636964684,0.3118072776962383,0.3580140695379313,0.26448706918366255,0.29384078141606274,0.311756667847563,0.3267371830558223,0.31023837238726565
106.89098481502393,10.861080942647074,0.465711827521635,0.4611569411407454,0.36100005060984913,0.4135836833847866,0.4364087251379117,0.4213776000809754,0.4217824788703876
106.89098481502393,10.879047248329464,0.35517991801204435,0.34586770585555904,0.260337061592185,0.31378106179462395,0.3442988005465864,0.3187408269649275,0.37370312262766275
106.89098481502393,10.897013554011856,0.6930512677767102,0.5690571385191552,0.5592388278759037,0.637684093324561,0.6418847107647154,0.6669365858596082,0.6201730856824731
106.89098481502393,10.914979859694249,0.7329318285338324,0.7289842603370611,0.6564097373348858,0.6930512677767086,0.6754390404372684,0.6886988207905268,0.6257401690368931
106.89098481502393,10.932946165376636,0.6438584948631009,0.6408219039425064,0.5683486006376832,0.6314590819373458,0.5680449415456247,0.6221974796295356,0.5691583582165082
106.89098481502393,10.950912471059029,0.6926969988359731,0.6647603623665166,0.5630851763753212,0.6277645629839574,0.5690571385191552,0.6527658282301727,0.6217926008401236
106.89098481502393,10.968878776741418,0.6986183511311306,0.7301988967052977,0.6842451541069894,0.6615213320512175,0.628473100865428,0.6336859152791128,0.662280479781364
106.89098481502393,10.986845082423809,0.5328204868667443,0.5281643807885017,0.43762336150614906,0.5306948732223287,0.5033655549369902,0.4783136798420962,0.5085277595019996
106.89098481502393,11.004811388106198,0.5653120097170907,0.4829697859203391,0.477605141960626,0.5545827217976611,0.5617693203097308,0.5200161951515768,0.4841338124399012
106.89098481502393,11.022777693788589,0.3940482817956369,0.4194544258312667,0.3807885014423794,0.4438483728933635,0.4024495166759448,0.3459689255529112,0.3736019029303106
106.89098481502393,11.04074399947098,0.6732628169441774,0.5365656156688079,0.5816589908396164,0.6425426387975092,0.45538741839161756,0.41606356596993754,0.3386811073434885
106.89098481502393,11.05871030515337,0.3669720127536814,0.3695531150361854,0.3617591983399966,0.41424161141758187,0.3427298952376137,0.3474872210132086,0.3922263272432812
106.89098481502393,11.07667661083576,0.5873779037400675,0.44769472139278266,0.3774988612784041,0.4078647704843357,0.40973733488536834,0.3641884710764705,0.3212207095500783
106.89098481502393,11.09464291651815,0.4306898122374616,0.4016397590971204,0.42304772508730193,0.4901563844324096,0.4361050660458517,0.3882281491978346,0.3977934105977013
106.89098481502393,11.11260922220054,0.3935421833088708,0.3803836226529672,0.345057948276733,0.40325927425476915,0.35183966799939215,0.39085986132901385,0.4341312819474677
106.89098481502393,11.130575527882932,0.42223796750847675,0.3795738650741428,0.2996103041651907,0.4096361151880147,0.42765322131686767,0.416923933397438,0.3994129257553517
106.89098481502393,11.14854183356532,0.365605546839414,0.40158914924844263,0.36864213776000876,0.4404575130320352,0.4559947365757375,0.3890885166253342,0.37441166050913494
106.9080528054222,10.358024383540142,0.2482919176071667,0.2702565919327887,0.22501138721595088,0.2269345614656613,0.21605344400020166,0.1997064628776758,0.23903031529935664
106.9080528054222,10.375990689222531,0.2530998532314378,0.3287615770028849,0.2568449820335029,0.279872463181334,0.20952477352092722,0.21494002732931813,0.2718254972417622
106.9080528054222,10.393956994904924,0.4789716078748917,0.4809960018219543,0.4930917556556496,0.4412166607621843,0.4877777215446115,0.46773622146869764,0.4236044334227441
106.9080528054222,10.411923300587317,0.34146464902069856,0.3812945999291455,0.31448959967609613,0.31529935725492214,0.28716028139075844,0.33594817551495376,0.297889569310187
106.9080528054222,10.429889606269704,0.28670479275266847,0.29864871704033646,0.24312971304215714,0.2859456450225202,0.236752872108911,0.2937901715673874,0.24515410698921902
106.9080528054222,10.447855911952097,0.3336201224758345,0.35922870590616957,0.3561921149855765,0.3291664557922971,0.30446884963813864,0.3372134217318689,0.3211700997014022
106.9080528054222,10.465822217634486,0.2870590616934062,0.3124145958803574,0.274254769978237,0.2895895541272333,0.2594260843160068,0.2766334328660357,0.27703831165544707
106.9080528054222,10.537687440364047,0.2625132850852769,0.27622855407662256,0.22116503871653342,0.25730047067159195,0.23619616377346955,0.27450781922162004,0.24687484184422237
106.9080528054222,10.555653746046438,0.3136798420972711,0.33473353914671716,0.262867554026013,0.3186396072675735,0.29890176628371856,0.3228402247077279,0.24925350473202024
106.9080528054222,10.60955266309361,0.3903031529935725,0.3660104256288262,0.21580039475681861,0.3126676451237412,0.25497241763247114,0.2541626600536451,0.30295055417784206
106.9080528054222,10.627518968776,0.30102737992813333,0.31858899741889735,0.22035528113770897,0.2634748722101322,0.25962852371071454,0.28629991396325627,0.23108456905713703
106.9080528054222,10.64548527445839,0.402854395465357,0.42188369856774066,0.29110784958752806,0.3223847360696388,0.31317374361050737,0.3538134520977769,0.27734197074750705
106.9080528054222,10.66345158014078,0.4190495470418528,0.4592337668910367,0.3606457816691122,0.4471886229060174,0.3875702211650394,0.41884710764714844,0.42127638038362236
106.9080528054222,10.681417885823173,0.495065539754037,0.388734247684599,0.4268940735867194,0.48666430487372825,0.46601548661369413,0.500632623108457,0.42613492585657115
106.9080528054222,10.699384191505562,0.48914418745887916,0.3847866794878277,0.40498000910977267,0.4512880206488179,0.4854496685054917,0.5959815780150823,0.42755200161951545
106.9080528054222,10.717350497187953,0.6668353661622552,0.6461865479022203,0.5546333316463381,0.5996760969684698,0.61435295308467,0.5597449263626698,0.5802925249253509
106.9080528054222,10.735316802870342,0.508831418594058,0.5414241611417575,0.4249202894883337,0.5095399564755302,0.5400576952274909,0.5214838807631964,0.52522900956526
106.9080528054222,10.753283108552733,0.7153702110430684,0.9169998481704539,0.8004959765170301,0.617743812946,0.7070195860114374,0.8951363935421832,0.7227086391011689
106.9080528054222,10.771249414235124,0.43332152436864163,0.3809403309884094,0.4043220810769774,0.3519408876967452,0.35295308467027564,0.3775494711270819,0.3116554481502091
106.9080528054222,10.825148331282294,0.5908193734500727,0.5036692140290504,0.4062958651753639,0.5016954299306645,0.48504478971607784,0.5359582974846905,0.4423300774330687
106.9080528054222,10.843114636964684,0.5191558277240739,0.45245204716837834,0.46925451692899417,0.4804899033351882,0.436965433473353,0.46110633129206846,0.43797763044688515
106.9080528054222,10.861080942647074,0.4392934865124756,0.4241611417581855,0.4416215395515965,0.43686421377599993,0.4503264335239635,0.43615567589452864,0.42618553570524725
106.9080528054222,10.879047248329464,0.5819120400829997,0.5309985323143879,0.5082241004099397,0.5822156991750579,0.5938559643706659,0.5464851460094132,0.5077180019231737
106.9080528054222,10.897013554011856,0.6153145402095237,0.585707778733741,0.5674376233615064,0.588390100713598,0.6071157447239223,0.5789766688597596,0.5476997823776497
106.9080528054222,10.914979859694249,0.6697707373854944,0.626448706918367,0.6634951161496022,0.7464952679791491,0.8066703780555693,0.6633432866035722,0.6876866238169946
106.9080528054222,10.932946165376636,0.6987195708284833,0.4297282251126064,0.3516372286046852,0.40477756971506573,0.35740675135381306,0.4078141606356588,0.4891947973075552
106.9080528054222,10.950912471059029,0.5984108507515552,0.302849334480488,0.28361759198339914,0.4217824788703876,0.70858849132041,0.5260387671440858,0.3267371830558223
106.9080528054222,10.986845082423809,0.4629788956931019,0.47978136545371775,0.5194594868161339,0.531757680044536,0.4590819373450075,0.49071309276785346,0.5427906270560242
106.9080528054222,11.004811388106198,0.5960827977124346,0.47143074042208594,0.5757376385444596,0.6225011387215956,0.6024090287970038,0.6050913507768607,0.5284680398805608
106.9080528054222,11.022777693788589,0.32481400880611355,0.30057189129004425,0.2636773116048382,0.3226883951616979,0.2903993117060577,0.2705602510248487,0.2819474669770726
106.9080528054222,11.04074399947098,0.46308011539045413,0.39344096361151776,0.32911584594362014,0.4581203502201523,0.4805911230325421,0.38999949390151334,0.4117617288324301
106.9080528054222,11.05871030515337,0.411862948529784,0.3208664406093422,0.30406397084872644,0.349106736170859,0.2856925957791388,0.30072372083607424,0.3668201832076514
106.9080528054222,11.07667661083576,0.35457259982792605,0.38524216812591683,0.28695784199605257,0.38433119084973855,0.38706412267827334,0.32248595576699096,0.3350371982387763
106.9080528054222,11.09464291651815,0.4709752517839968,0.4170251530947919,0.3613037097019083,0.4311959107242268,0.37714459233766806,0.3785616681006107,0.4114580697403718
106.9080528054222,11.11260922220054,0.3718811680753071,0.3854446075206229,0.3762842249101678,0.36509944835264796,0.4009312212156483,0.3437420922111442,0.37835922870590627
106.9080528054222,11.130575527882932,0.4444556910774826,0.41191355837846094,0.3726909256541323,0.39738853180829015,0.3926818158813695,0.3529530846702765,0.37177994837795403
106.9080528054222,11.14854183356532,0.4607520623513332,0.4016397590971196,0.3857482666126831,0.40751050154360047,0.4354471380130581,0.4262867554026003,0.4243635811528916
106.90895112070632,10.483788523316877,0.3052279973682869,0.28665418290399236,0.25320107292879157,0.2822005162204566,0.25770534946100426,0.27167366769573303,0.24687484184422237
106.90895112070632,10.501754828999266,0.3612530998532305,0.36332810364896834,0.33311402398906675,0.3368591527911322,0.31843716787286735,0.32542132699023185,0.29120906928488194
106.90895112070632,10.519721134681657,0.25274558429070243,0.2884255276076717,0.2543144895996759,0.2578065691583583,0.2356394554380275,0.2248089478212449,0.2206589402297682
106.90895112070632,10.573620051728827,0.30699934207196733,0.37714459233766806,0.24474922819980777,0.2781517283263315,0.2814919783389845,0.3047725087301986,0.25856571688850555
106.90895112070632,10.591586357411218,0.28979199352193763,0.32456095956273057,0.22116503871653342,0.2818462472797197,0.25831266764512334,0.30224201629637076,0.23614555392479442
106.90895112070632,10.789215719917513,0.34515916797408686,0.39637633483475865,0.3110481299660908,0.33119084973935803,0.3177286299913953,0.35371223240042476,0.3219798572802266
106.90895112070632,10.807182025599904,0.5430436762994062,0.5266460853282043,0.41611417581861365,0.5040740928184624,0.4983045700693345,0.5125765473961232,0.41383673262816967
106.90895112070632,10.968878776741418,0.7507971051166549,0.7186598512070453,0.6412267827319202,0.6643048737284283,0.6469456956323695,0.6686573207146118,0.7158256996811575
106.9260191111046,10.358024383540142,0.23260286451743514,0.2868060124500232,0.2244040690318343,0.23229920542537527,0.22845285692595615,0.19596133407561056,0.26484133812439864
106.9260191111046,10.375990689222531,0.2625638949339538,0.28847613745634887,0.27000354268940746,0.263171213118072,0.23017359178095878,0.20264183410091668,0.2682321979857278
106.9260191111046,10.393956994904924,0.45488131990485314,0.40442330077432964,0.4046763500177118,0.35862138772205127,0.40123488030770654,0.3895946151121003,0.41307758489802054
106.9260191111046,10.411923300587317,0.3612530998532305,0.39561718710461036,0.3716281188319249,0.352092717242776,0.3685409180626549,0.34470367933599855,0.3466774634343834
106.9260191111046,10.429889606269704,0.29535907687635937,0.3522445467888051,0.32769877018067667,0.2850852775950196,0.2850346677463419,0.2794675843919218,0.2811377093982492
106.9260191111046,10.483788523316877,0.35457259982792605,0.3753226377853132,0.31185788754491667,0.36884457715471486,0.3253707171415549,0.3411609899286394,0.32501644820081965
106.9260191111046,10.501754828999266,0.32466217926008356,0.31367984209727173,0.28645174350928615,0.28331393289133927,0.26615719418998907,0.28240295561516104,0.23978946302950407
106.9260191111046,10.519721134681657,0.28392125107545924,0.3062908041904944,0.27400172073485546,0.30360848221063835,0.2562882736980597,0.300217622349309,0.26428462978895645
106.9260191111046,10.537687440364047,0.253960220658939,0.30831519813755776,0.2165089326382916,0.2599827926514501,0.2430284933448041,0.2677260994989617,0.2360443342274405
106.9260191111046,10.555653746046438,0.27729136089883105,0.3393896452249607,0.23811933802317944,0.2863505238119324,0.23761323953641317,0.3019383572043116,0.22005162204565076
106.9260191111046,10.573620051728827,0.3067462928285843,0.3508274710258608,0.2785566071157437,0.3021407965990177,0.28214990637177967,0.3110481299660908,0.24029556151627027
106.9260191111046,10.591586357411218,0.29627005415253765,0.35700187256440086,0.2298193228402251,0.2838200313781063,0.27683587226074097,0.2784047775697143,0.2564401032440907
106.9260191111046,10.60955266309361,0.3019383572043116,0.3498658839010073,0.24252239485803886,0.2698011032947003,0.2843261298648706,0.3126676451237412,0.25112606913305285
106.9260191111046,10.627518968776,0.34070550129054944,0.38261045599473675,0.3193481451490457,0.31833594817551525,0.3120603269396229,0.35128295966394996,0.27693709195809485
106.9260191111046,10.64548527445839,0.3177286299913953,0.319601194392428,0.26327243281542434,0.3037603117566673,0.28716028139075844,0.3046206791841677,0.25456753884305894
106.9260191111046,10.66345158014078,0.5287716989726191,0.5038716534237563,0.4472898426033696,0.478060630598714,0.4781618502960673,0.48302039576901606,0.44875752821499004
106.9260191111046,10.681417885823173,0.6758439192266806,0.5851510703982988,0.48302039576901523,0.5115643504225929,0.525886937598056,0.6118730704995182,0.5241662027430543
106.9260191111046,10.717350497187953,0.6396072675742698,0.6404676350017711,0.6209828432612975,0.6792853889366859,0.629131028898224,0.6417328812186845,0.6211852826560037
106.9260191111046,10.735316802870342,0.7474062452553265,0.774482514297282,0.6352548205880862,0.6586365706766535,0.66324206690622,0.7370818361253096,0.6367225061997067
106.9260191111046,10.753283108552733,0.6650134116098987,0.6731109873981475,0.5650083506250316,0.6369755554430889,0.6338377448251435,0.6780201427197732,0.6277645629839574
106.9260191111046,10.771249414235124,0.35295308467027564,0.4036135431955061,0.33402500126524504,0.4244141910015685,0.4161647856672899,0.4559441267270614,0.4048787894124196
106.9260191111046,10.789215719917513,0.42299711523862416,0.40568854699124396,0.3277999898780297,0.3563945543802809,0.3992104863606456,0.39166961890783986,0.33923781567892985
106.9260191111046,10.807182025599904,0.6524115592894373,0.6341414039172019,0.4720380586062042,0.6680500025304918,0.6341920137658789,0.6381395819626502,0.5539247937648659
106.9260191111046,10.825148331282294,0.709448858747912,0.6848524722911076,0.6155169796042312,0.6533731464142924,0.6692646388987292,0.6568146161242978,0.5873779037400675
106.9260191111046,10.843114636964684,0.6366718963510295,0.5826205779644718,0.5279619413937947,0.5932486461865476,0.5868718052533014,0.5825193582671196,0.5926413280024293
106.9260191111046,10.897013554011856,0.551647350574421,0.41662027430537973,0.4103952629181636,0.4922313882281483,0.5093375170808233,0.48069234272989514,0.47482160028341425
106.9260191111046,10.914979859694249,0.5998279265144998,0.5071612935877315,0.508831418594058,0.5524571081532471,0.5416266005364634,0.5249253504732017,0.4842856419859304
106.9260191111046,10.932946165376636,0.580343134774027,0.5552912596791324,0.4358520168024703,0.5285692595779139,0.5013411609899282,0.5312515815577709,0.4900045548863796
106.9260191111046,10.968878776741418,0.48656308517637437,0.41550685763449535,0.39860316817652736,0.4352446986183514,0.3995141454527039,0.39288425527607646,0.4015385393997665
106.9260191111046,11.04074399947098,0.5548357710410442,0.500632623108457,0.46282706614707275,0.5596437066653159,0.5684498203350369,0.5277595019990886,0.5534693051267767
106.9260191111046,11.05871030515337,0.3613543195505844,0.3553823574067521,0.2810870995495725,0.345918315704236,0.3577104104458722,0.2898932132192915,0.3459689255529112
106.9260191111046,11.07667661083576,0.4198593046206789,0.28462978895693,0.348701857381446,0.3858494863100351,0.41611417581861365,0.3827116756920898,0.4083708689711018
106.9260191111046,11.09464291651815,0.3593299256035218,0.34991649374968253,0.3049749481249047,0.34293233463231815,0.33746647097525195,0.28867857685105497,0.3134267928538887
106.9260191111046,11.11260922220054,0.39546535755858037,0.37663849385090364,0.37592995596943146,0.39252998633533953,0.4013361000050604,0.3429829444809951,0.36752872108912443
106.9260191111046,11.130575527882932,0.3764360544561959,0.3608482210638183,0.41429222126625714,0.42107394098891715,0.4293739561718703,0.34738600131585556,0.3924793764866634
106.92691742638873,10.447855911952097,0.3281036489700897,0.35072625132850693,0.33301280429171454,0.3093273951110883,0.2903993117060577,0.29890176628371856,0.3140847208866838
106.92691742638873,10.465822217634486,0.4242117516068624,0.48463991092666564,0.4395971456045339,0.40589098638595006,0.4067007439647753,0.43600384634849865,0.37431044081178105
106.92691742638873,10.699384191505562,0.6204767447745331,0.5687534794270954,0.5289741383673269,0.5687028695784191,0.5294296270054152,0.5977529227187602,0.5194088769674577
106.92691742638873,10.861080942647074,0.6091401386709852,0.5606559036388473,0.5934510855812537,0.5795839870438787,0.6803481957588942,0.5922364492130154,0.5168277746849529
106.92691742638873,10.879047248329464,0.5815577711422644,0.5454729490358827,0.5290753580646791,0.5891492484437463,0.6520572903487023,0.5758388582418135,0.511918619363328
106.92691742638873,10.950912471059029,0.5052887291866989,0.4928893162609444,0.4351940887696751,0.5171314337770129,0.4456197175970431,0.3924287666379873,0.4774533124145951
106.92691742638873,10.986845082423809,0.48352649425578126,0.46161242977883454,0.4555898577863236,0.4757325775595925,0.45265448656308443,0.45756364188471016,0.39455438028240214
106.92691742638873,11.004811388106198,0.34748722101320945,0.3863049749481242,0.3631762741029409,0.39708487271623083,0.4388886077230634,0.3276481603319997,0.37886532719267235
106.92691742638873,11.022777693788589,0.4737081836125307,0.3762842249101678,0.3364036641530437,0.44278556607115693,0.4704691532972307,0.4704691532972307,0.3994635356040278
106.92691742638873,11.14854183356532,0.3977934105977021,0.39333974391416554,0.42856419859304595,0.4773014828685658,0.44435447138012957,0.502960676147578,0.4180879599169993
106.94398541678696,10.64548527445839,0.4465813047218983,0.4905106533731457,0.36074700136646526,0.4213776000809754,0.4340806720987899,0.45184472898425987,0.4295763955665764
106.94398541678696,10.66345158014078,0.5757376385444596,0.42492028948833455,0.49617895642491966,0.4946100511159462,0.5057442178247888,0.6367731160483828,0.48727162305784655
106.94398541678696,10.681417885823173,0.44496178956424953,0.5219899792499616,0.36849030821397794,0.44860569866896005,0.4267422440406911,0.5081228807125858,0.5077180019231737
106.94398541678696,10.861080942647074,0.6756920896806514,0.42289589554127194,0.5437016043322034,0.6268535857077792,0.5840882635760914,0.5753327597550474,0.5389948884052844
106.94398541678696,10.879047248329464,0.5922364492130154,0.48985272534035046,0.4014373197024143,0.5400576952274901,0.5395515967407248,0.46844475935016977,0.41424161141758103
106.94398541678696,11.004811388106198,0.46743256237663744,0.391821448453869,0.46773622146869764,0.5204716837896651,0.5107545928437668,0.4365605546839408,0.4304873728427546
106.94398541678696,11.022777693788589,0.3973885318082891,0.3917708386051921,0.380282402955615,0.4254263879750998,0.3745128802064888,0.48889113821549696,0.36165797864264354
106.94398541678696,11.09464291651815,0.5456247785819118,0.43342274406599385,0.5160180171061285,0.514499721645832,0.45973986537780276,0.41560807733184757,0.4700642745078185
106.9448837320711,10.358024383540142,0.22243028493344694,0.279872463181334,0.23503213725390837,0.2259729743408061,0.25795839870438725,0.1895844931423661,0.269092565413229
106.9448837320711,10.375990689222531,0.24707728123892847,0.2734450123994119,0.2617541373551295,0.23229920542537527,0.2467736221468687,0.20426134925856543,0.26185535705248164
106.9448837320711,10.393956994904924,0.3336201224758345,0.3080115390454978,0.3020901867503416,0.2992560352244539,0.2242016296371265,0.2111442886785768,0.28771698972619975
106.9448837320711,10.411923300587317,0.47957892605901076,0.47294903588238224,0.5576193127182534,0.4850447897160787,0.5415253808391105,0.48443747153195954,0.48383015334784124
106.9448837320711,10.429889606269704,0.3381243990080455,0.3278505997267058,0.34976466420365343,0.303557872361962,0.29277797459385546,0.2805810010628061,0.33048231185788757
106.9448837320711,10.447855911952097,0.2506199706462876,0.251632167619818,0.2594260843160068,0.21903942507211777,0.23341262209625963,0.2174199099144683,0.2665114631307254
106.9448837320711,10.465822217634486,0.2535553418695285,0.260134622197479,0.28159319803633825,0.2267321220709535,0.2365504327142066,0.21949491371020774,0.25345412217217483
106.9448837320711,10.483788523316877,0.23614555392479442,0.2729895237613235,0.2935371223240037,0.2216711372032995,0.2102333114023978,0.22566931524874695,0.22845285692595615
106.9448837320711,10.501754828999266,0.260134622197479,0.28422491016751755,0.28301027379928023,0.30821397844020376,0.251277898679082,0.23948580393744578,0.2536565615668807
106.9448837320711,10.519721134681657,0.254213269902322,0.2672200010121957,0.25446631914570506,0.2268333417683074,0.2311351789058148,0.2452047168378968,0.21337112202034464
106.9448837320711,10.537687440364047,0.3086188572296161,0.3457664861582068,0.26934561465661216,0.3111493496634447,0.29110784958752806,0.3015840882635755,0.26878890632117
106.9448837320711,10.555653746046438,0.297383470823422,0.3307353611012706,0.21681259173034992,0.31433777013006614,0.27880965635912663,0.2817956374310444,0.2583126676451241
106.9448837320711,10.573620051728827,0.2760767245305935,0.2912596791335589,0.2438888607723054,0.2823017359178088,0.25694620173085597,0.2811377093982475,0.2096259932182794
106.9448837320711,10.591586357411218,0.2709651298142609,0.3404018421984911,0.22744065995242715,0.25785717900703337,0.2696492737486713,0.3087200769269701,0.24085226985171326
106.9448837320711,10.60955266309361,0.2885773571537011,0.32704084214788226,0.23290652360949354,0.251429728225112,0.28047978136545315,0.2835163722860471,0.23644921301685196
106.9448837320711,10.627518968776,0.31276886482109345,0.3461207550989421,0.2586163267371825,0.28958955412723236,0.279872463181334,0.30259628523710685,0.2698011032947003
106.9448837320711,10.699384191505562,0.6752872108912392,0.5950199908902263,0.6431499569816272,0.597094994685965,0.6521585100460543,0.6843969836530195,0.6210840629586514
106.9448837320711,10.717350497187953,0.7009464041702512,0.6298901766283708,0.6245255326686566,0.7043372640315803,0.6419859304620676,0.6632420669062191,0.6113163621640769
106.9448837320711,10.735316802870342,0.6884457715471428,0.620679184169239,0.5250771800192309,0.626145047826307,0.5901108355686008,0.6185535705248235,0.5839870438787383
106.9448837320711,10.753283108552733,0.5524064983045693,0.5640973733488533,0.4632825547851619,0.5012399412925753,0.4954704185434492,0.5408168429576392,0.5096411761728822
106.9448837320711,10.771249414235124,0.34262867554025983,0.3804848423503211,0.29905359582974766,0.3782580090085524,0.3197530239384579,0.4145958803583171,0.33954147477098984
106.9448837320711,10.789215719917513,0.6393542183308867,0.6046358621387724,0.46550938812692894,0.5915279113315447,0.5635406650134112,0.5901108355686008,0.5597449263626698
106.9448837320711,10.807182025599904,0.542436358115288,0.5386912293132228,0.44759350169543044,0.49633078597094965,0.4984563996153645,0.5387924490105767,0.5376790323396939
106.9448837320711,10.825148331282294,0.6648109722151926,0.5833291158459439,0.465964876765018,0.585252290095651,0.5692595779138613,0.5767498355179917,0.49319297535300266
106.9448837320711,10.843114636964684,0.4659142669163411,0.38352143327091415,0.4968368844577149,0.5413735512930814,0.49592590718153745,0.559390657421933,0.5334278050508626
106.9448837320711,10.897013554011856,0.4347892099802612,0.33716281188319197,0.37592995596943063,0.6587377903740065,0.4913204109519709,0.36757933093780054,0.37339946353560277
106.9448837320711,10.914979859694249,0.5574168733235473,0.4894984563996152,0.4827167366769569,0.6017511007642083,0.5553924793764863,0.6094437977630454,0.5382863505238106
106.9448837320711,10.932946165376636,0.4500227744319044,0.4396983653018878,0.3076066602560856,0.44243129713042084,0.3922769370919573,0.42370565312009634,0.4302849334480486
106.9448837320711,10.950912471059029,0.6333822561870537,0.6552457108153251,0.5356546383926315,0.7079305632876157,0.6587377903740065,0.6756414798319762,0.6472999645731066
106.9448837320711,10.968878776741418,0.5218887595526086,0.468242319955462,0.4332203046712886,0.4897515056429966,0.46925451692899417,0.4051824485044787,0.4565008350625027
106.9448837320711,10.986845082423809,0.5856571688850649,0.47218988815223356,0.5359582974846905,0.5573156536261951,0.5802925249253501,0.5707778733741595,0.5417278202338175
106.9448837320711,11.04074399947098,0.4352953084670273,0.3903031529935725,0.3511311301179208,0.4609545017460393,0.49825396022065754,0.5821650893263827,0.42350321372539024
106.9448837320711,11.05871030515337,0.43382762285540605,0.3936434030062255,0.3246115694114066,0.41682271370008583,0.3614049293992605,0.3683384786679488,0.3689964067007432
106.9448837320711,11.07667661083576,0.34455184978996856,0.2980920087048925,0.2501138721595215,0.40568854699124396,0.3753226377853115,0.32299205425375704,0.311453008755503
106.9448837320711,11.11260922220054,0.5514449111797158,0.41884710764714844,0.4463788653271922,0.37937142567943677,0.35001771344703647,0.30143225871754564,0.3478920998026208
106.9448837320711,11.130575527882932,0.6153145402095237,0.5167265549876009,0.4508325320107279,0.4354471380130573,0.40477756971506573,0.37420922111442717,0.4209727212915632
106.9448837320711,11.14854183356532,0.4392934865124756,0.45133863049749484,0.4004251227288822,0.4022470772812387,0.3784604484032585,0.32704084214788226,0.3478920998026208
