longitude,latitude,LST_2016,LST_2017,LST_2018,LST_2019,LST_2020,LST_2021,LST_2022,LST_2023,LST_2024,LST_2025,LST_2026
106.3510973292681,10.483788523316877,35.37582944000002,37.14294577999999,34.505943349999995,36.89001230000002,36.32262098000001,35.102387840000006,35.16049418,35.16391220000003,37.28992063999999,34.14534224000002,36.94982765000003
106.3510973292681,10.771249414235124,35.09896982000004,34.40852978000001,32.25517718000003,37.019897060000005,35.85264323000001,36.80285279,34.887052580000045,38.45204744,35.99107304000003,32.64141344000001,39.26895422000001
106.3510973292681,10.879047248329464,34.808438120000005,33.90437183000006,36.33971108,36.50548505000003,33.47882834000001,31.75614626000004,33.35919764000002,35.53647638000001,32.96270732000005,30.515404999999987,34.02912956
106.35199564455222,10.358024383540142,42.58443362000003,40.40031884000001,40.42937201000001,39.48428948,39.65177246000002,44.40282026,36.36192821000003,38.233294160000014,37.607796500000006,37.87782007999999,39.072418070000026
106.35199564455222,10.375990689222531,34.87679852000002,35.57065658000002,32.94561722000003,34.11116204000001,32.50981967000001,33.897535790000006,31.991989640000043,34.29231709999999,33.09601010000006,33.14386238000003,34.43074691000004
106.35199564455222,10.393956994904924,36.20299028,35.481788059999985,36.32945702000001,34.864835450000044,34.398275720000015,36.34825613000004,32.96270732000005,36.049179380000055,33.957351140000014,32.29961143999998,35.39291953999998
106.35199564455222,10.411923300587317,37.27283054000003,32.75420810000003,34.2239567,34.58968484000002,34.890470600000015,34.488853250000005,30.68972402000003,33.91120787000003,34.635828110000006,32.73711800000001,33.750560930000006
106.35199564455222,10.429889606269704,36.001327100000026,37.99061474000001,31.369910000000004,33.79328618000005,31.99882567999998,35.12631398000002,30.385520240000005,34.98275713999999,34.02571154000003,32.24150510000004,32.670466610000005
106.35199564455222,10.447855911952097,35.55356648000003,36.86608616000001,34.43929196000005,37.68128393000004,35.99790908,37.84022186000004,32.20390687999998,33.70783568000002,35.11776893000001,34.774257920000025,37.223269250000016
106.35199564455222,10.465822217634486,39.239901050000014,38.64687458000003,40.94720204000001,39.86368970000001,39.28433531000002,37.60096046000001,35.87315135000003,40.28581517000004,37.76502542000003,36.50377604000002,36.62682475999998
106.35199564455222,10.501754828999266,35.01351932,33.60529508000002,34.67171732000003,35.76890174000005,34.623865040000055,36.39781742000002,36.025253239999984,33.345525560000056,33.91120787000003,34.84261832000004,38.16835178000002
106.35199564455222,10.519721134681657,34.617029,36.07994156000004,36.92761052000003,36.54821030000005,35.33481320000004,36.527702180000006,36.22349840000001,34.67171732000003,34.899015650000024,33.504463490000006,38.10340940000003
106.35199564455222,10.537687440364047,31.41263525000005,36.72936536000003,32.385061940000014,33.00030554,33.396795860000026,33.8821547,33.24640298000003,32.04667796000001,32.54912690000003,31.376746040000057,34.89730664000001
106.35199564455222,10.555653746046438,32.09453024000004,31.24344326000005,33.724925780000035,33.227603870000024,33.8821547,33.06182990000002,33.487373390000016,31.39041812000005,31.985153600000046,31.48099565000004,37.14978182000005
106.35199564455222,10.573620051728827,35.92613066000001,32.778134239999986,35.03402744000002,34.67000831000004,32.755917109999984,36.22520741000005,33.659983400000044,33.17462456000004,33.50617250000002,32.769589190000005,34.11458006000004
106.35199564455222,10.591586357411218,33.35236160000002,32.624323340000046,33.82917539000002,33.11310020000002,31.58011823000004,35.71250441000001,33.10455515000001,28.75512470000001,31.708293980000008,30.303487760000053,35.741557580000006
106.35199564455222,10.60955266309361,35.478370040000016,37.29504767,35.25107171000002,33.007141580000024,30.846952940000023,36.46959584000001,30.592310450000014,34.38289463000004,31.503212780000013,31.768109330000016,37.40271530000001
106.35199564455222,10.627518968776,33.44806616000005,34.26497294000001,34.91097872,33.99836737999999,31.04348908999998,35.66977916000002,33.05157584,31.492958720000047,31.81425260000003,29.676281090000003,32.220996979999995
106.35199564455222,10.64548527445839,34.26497294000001,37.2318143,37.01306102000001,34.29573512000002,33.31134536000002,35.83726214000001,31.24344326000005,32.32353758000005,33.439521110000015,33.34210754000003,34.63411910000002
106.35199564455222,10.66345158014078,32.17656271999999,34.02058451000002,33.19171466000003,33.99836737999999,32.10307529000002,33.089174060000005,31.063997210000025,31.52542991000001,31.561319120000007,32.5149467,31.31522168000004
106.35199564455222,10.681417885823173,33.13873535000005,34.37434958000006,31.952682410000023,35.828717090000026,32.950744250000014,33.15753446000002,30.27101657000003,33.11651821999999,33.74543390000002,33.71467172000001,31.27078742000004
106.35199564455222,10.699384191505562,33.89924480000002,36.70202119999999,34.203448580000014,35.79111887000002,33.89924480000002,33.41730398000004,31.161410779999983,32.58330710000001,33.24298496000006,30.09840656000003,33.266911100000016
106.35199564455222,10.717350497187953,32.80035136999999,31.40750822000001,32.070604100000025,32.81573246000005,32.13896450000004,31.887740030000003,33.36774269,31.086214340000023,32.35259074999999,29.913833480000022,33.38825080999999
106.35199564455222,10.735316802870342,37.025024090000045,34.63411910000002,36.82506992000003,36.99255290000002,35.57407460000002,36.56359139000003,33.284001200000034,34.519615430000016,35.48520608000001,31.595499320000044,34.88705257999999
106.35199564455222,10.753283108552733,37.08654845000001,37.04211419000004,34.63411910000002,35.32114111999999,35.003265260000035,33.39337784000003,30.799100660000025,33.430976060000035,34.30598917999998,31.27762346000003,35.348485280000006
106.35199564455222,10.789215719917513,31.889449040000045,31.585245260000026,33.56427884000004,34.49568929,31.6775318,31.70145794000001,28.54320746000002,31.889449040000017,31.590372290000005,30.515404999999987,31.940719339999987
106.35199564455222,10.807182025599904,35.82700808000004,35.25619874000006,37.14636380000002,38.14442564000001,33.68390954000006,34.67855336000002,33.61554914000004,36.85070507,35.413427660000025,31.197299990000005,34.808438120000005
106.35199564455222,10.825148331282294,34.72469662999998,33.492500420000056,34.10774402000001,34.186358480000024,33.07037495000003,32.63799541999998,31.31009465,34.21541165000002,35.06137160000003,32.90972801000004,35.374120430000005
106.35199564455222,10.843114636964684,36.69176714000002,36.12095780000004,35.93638472000001,37.02673310000003,35.51425925000001,33.93342500000006,33.38995982000003,36.45592376000002,34.86141743000002,34.87679852000002,37.83338581999999
106.35199564455222,10.861080942647074,34.991302190000056,31.08792335000004,32.217578960000026,36.88659428,34.29231709999999,33.72321677000002,32.24150510000004,34.46492711000002,32.44487729000002,30.86404304000004,34.94857694000004
106.35199564455222,10.897013554011856,35.65268906000006,32.73028196000001,35.07846170000005,38.8041035,32.59014314000001,34.05989174000001,36.94128260000002,42.61177778000001,37.26257648000001,33.77277806000001,34.41194780000001
106.35199564455222,10.914979859694249,37.07116736,34.275227,34.02912956,36.16710107000006,35.196383389999994,35.56211153000004,33.08575604000001,36.411489500000016,34.43929196000002,33.00543257000004,36.40465346000002
106.35199564455222,10.932946165376636,39.46719938000001,35.14340407999998,36.14146592000003,38.73574310000004,37.02331508000003,36.57384545000002,36.46105079,38.57680517,38.255511290000015,33.82063034000004,38.81093954000005
106.35199564455222,10.950912471059029,41.54022851000002,34.89730664000001,37.79578760000004,36.91735646000001,35.32797715999999,35.987655020000034,34.367513540000004,38.26747436000005,34.017166489999994,34.307698190000025,40.46184320000003
106.35199564455222,10.968878776741418,41.69233040000006,35.97398294000004,37.11218359999998,37.864148,38.84511974000003,37.62830462,34.613610980000004,39.024565790000025,37.40613332000004,32.36797184,39.92179604
106.35199564455222,10.986845082423809,34.389730670000034,32.70464681000004,32.68926571999998,34.67513534,32.68242968000004,30.67263392000001,31.23660722,32.84307662000003,32.217578960000026,26.14717544000001,32.77129819999999
106.35199564455222,11.004811388106198,33.03448574000004,31.69803992000004,36.29869484000005,35.625344900000016,30.11549666000002,31.86894092,30.84695294000005,32.45854937000004,31.387000100000023,31.06228820000001,32.005661720000035
106.35199564455222,11.022777693788589,34.049637680000046,33.646311320000024,33.326726450000024,35.068207640000026,32.2073249,32.85333068,31.61771645000005,33.024231680000014,32.27910331999999,29.88990734000004,31.660441700000007
106.35199564455222,11.04074399947098,43.66794596,37.758189379999976,41.60346188,42.23579558000006,40.16618447000002,38.41444922000005,36.20982632000005,40.195237640000016,37.744517299999984,35.08529773999999,40.28410616000002
106.35199564455222,11.05871030515337,37.50525590000001,35.59629173000002,37.20105212000004,38.67080071999999,35.40659162000003,36.787471700000026,33.83772044,38.968168460000015,36.80968883000003,30.49489688,36.96862676000001
106.35199564455222,11.07667661083576,37.313846780000006,34.446128000000044,34.42732889000001,40.00211951000003,36.53453822000006,35.611672820000024,33.70783568000002,38.13588059000003,35.89536848,34.748622770000026,37.45398560000001
106.35199564455222,11.09464291651815,36.15855601999999,34.59481187,34.129961150000014,37.313846780000006,34.152178280000044,35.58432865999998,33.32843546000004,37.124146670000016,35.66977916000002,33.41046793999999,34.61531999000002
106.35199564455222,11.11260922220054,36.50377604000005,34.79818406000004,35.150240120000035,36.81652487000002,34.743495740000014,33.408758930000005,34.53841454000002,34.82381921000001,34.51107037999998,32.40557006000003,34.07185481000005
106.35199564455222,11.130575527882932,48.936823790000005,36.99938894000002,39.22110194000001,42.62032283000002,43.95847766000003,37.983778700000016,37.04382320000002,38.558006060000025,33.97444124000003,32.46025838000003,34.844327330000056
106.35199564455222,11.14854183356532,36.71227526000001,35.53647638000001,34.68538940000002,36.77550863000002,35.16049418,34.562340680000034,33.65485637000003,35.31088706000003,34.13850620000005,33.73517984,35.26132577000004
106.36906363495048,10.358024383540142,40.53362162000002,41.76410882000005,37.77698849000004,39.81241940000001,38.49135467000002,39.44156423000001,36.54479228000002,39.28946234000003,39.19546679000001,38.43837536000004,41.91450170000002
106.36906363495048,10.375990689222531,41.68207633999998,39.44327324000005,34.639246130000004,38.21791307000004,37.460821640000006,37.768443440000055,37.664193830000016,37.45056758000004,39.016020740000044,37.573616300000026,41.57953573999998
106.36906363495048,10.393956994904924,35.849225210000014,34.50423434000001,35.215182500000026,33.30109130000005,34.46492711000002,34.98275713999999,34.169268380000005,35.05111754000001,32.95587128,33.17975159000002,30.85378897999999
106.36906363495048,10.411923300587317,36.53453822000006,34.69735247000003,34.3264973,34.81185614000003,33.27032912000004,33.547188740000024,32.19194381,34.285481059999995,34.027420550000016,33.205386739999994,32.27568530000002
106.36906363495048,10.501754828999266,32.08427618000002,32.08427618000002,35.12289596000005,33.73859786000003,34.28548106000002,34.93661387,34.593102860000045,35.03060942000002,33.198550700000055,34.39143968000002,32.32011956000002
106.36906363495048,10.519721134681657,36.001327100000026,35.96372888000002,37.55481719000002,36.70714823000003,35.68686925999998,36.84557804000002,36.96862676000001,34.842618320000014,35.66294312000002,34.50765236000001,35.25619874000006
106.36906363495048,10.573620051728827,33.00030554,33.43439408000006,34.576012760000026,34.917814760000056,32.84649464000006,36.02696225,32.51836472000002,34.02912956000003,32.35088173999998,31.82450666,35.76890173999999
106.36906363495048,10.591586357411218,34.59139385000003,39.084381140000005,38.42983031,35.24252666000004,35.444189840000035,37.64026769000003,33.03106772000001,33.60529508000002,36.56530040000001,33.74885191999999,39.41251106000004
106.36906363495048,10.60955266309361,31.98686261000003,33.63605726000003,32.303029460000005,34.11799808000001,32.475639470000004,35.66465213000001,32.82940454000004,31.821088640000028,32.18339876000002,30.580347380000035,34.760585839999976
106.36906363495048,10.681417885823173,36.68151308000006,36.977171810000016,35.95518383000001,39.15615956000002,36.10728572000005,33.47541032000004,31.76640032000003,35.88169640000001,36.168810080000014,35.06649863000001,38.41786724000002
106.36906363495048,10.699384191505562,34.049637680000046,35.905622540000024,34.43587394000002,36.94128260000002,33.84797450000002,33.69758162000002,34.887052580000045,32.45684036,33.52497161000002,29.87965328000004,32.679011660000015
106.36906363495048,10.717350497187953,34.00178540000002,38.272601390000034,35.32114111999999,35.01864635000004,34.86312644000003,35.39291953999998,36.100449680000025,33.188296640000004,34.74178673000003,32.70293780000003,36.22691642000001
106.36906363495048,10.771249414235124,36.27647771000002,35.32455914000002,36.10728572000005,36.095322650000014,34.972503080000024,34.8221102,34.282063040000025,34.79818406000004,35.28183389,32.50469264000003,33.95222411
106.36906363495048,10.789215719917513,38.35292486000003,40.54729370000001,39.58341206,41.25482384000003,38.97842251999998,39.29288036000003,37.01306102000001,39.97306634000006,37.68811997,36.27818672000001,40.06364386999999
106.36906363495048,10.807182025599904,37.86243899000005,35.63901698000001,34.14876026000002,37.101929540000015,37.38904322000002,39.44327324000005,35.74497560000003,37.28308460000005,36.343129100000056,34.14534224000005,34.36238650999999
106.36906363495048,10.897013554011856,40.8549155,37.73426324000002,35.78940985999998,39.52188769999998,37.68641095999999,35.98423700000001,37.542854120000015,38.713525970000006,39.01943876000004,34.98275713999999,39.53726879000004
106.36906363495048,10.914979859694249,38.02479493999999,35.49375113000002,34.514488400000005,37.888074140000015,36.459341780000045,35.91587660000005,36.03038027,36.54821030000005,35.33823122000001,32.37480787999999,36.07823255000002
106.36906363495048,10.932946165376636,36.87634022000003,33.23273089999998,35.828717090000026,34.743495740000014,35.62021787000003,35.461279940000054,35.2151825,35.43393578000001,32.94049019000002,34.36238651000002,36.22862543
106.36906363495048,10.986845082423809,36.64733288000002,32.19707084000004,33.45148418000002,34.449546020000014,31.62455249000004,31.89286706000001,30.88455116,33.461738240000045,31.920211220000056,34.497398299999986,34.59139385
106.36906363495048,11.004811388106198,40.70623163000002,37.49500183999999,36.85241408000002,39.93546812000002,36.69860318000002,36.48668594,36.12779383999998,38.92715222000001,38.33241673999999,33.92317093999998,35.43735379999998
106.36906363495048,11.022777693788589,36.75841853000003,34.23591977000001,34.194903530000005,35.33823122000001,32.84649464000006,33.24298496000006,31.28787752000005,34.86312644000003,31.913375180000003,23.081211500000023,33.93342500000003
106.36906363495048,11.04074399947098,39.313388480000015,36.838742000000025,35.78599184000001,40.38664676000002,39.050200940000025,37.16345390000004,34.09748996000002,40.74553886000001,36.57384545000002,31.80399854000001,36.052597400000025
106.36906363495048,11.05871030515337,39.65519047999999,36.12095780000004,35.045990510000024,38.631493490000025,36.985716860000025,35.99961809000001,34.82894624000002,38.43495733999998,35.91587660000005,32.14580054000004,37.45740362000001
106.36906363495048,11.07667661083576,41.45306900000003,37.63172264000002,35.464697960000024,41.153992250000016,37.75477136000001,37.49841986000001,34.62557405000001,38.28969149000005,37.62146858000003,31.50663080000001,38.97158648000004
106.36906363495048,11.09464291651815,38.22987613999999,35.59800074000003,34.59822989000003,40.46184320000003,37.77869750000002,37.89491018000001,33.61384013,39.02969282000004,39.19033976000003,35.71079540000005,35.874860360000014
106.36906363495048,11.11260922220054,35.088715760000014,34.446128000000044,34.87679852000002,36.81823388000001,34.839200300000016,34.99301120000001,32.183398760000046,34.752040789999995,34.463218100000034,32.68926571999998,34.19319452000002
106.36906363495048,11.130575527882932,37.607796500000006,32.554253930000016,37.16003588000001,35.46127994,33.48224635999998,36.04747037000004,32.96270732000005,34.69906148000001,33.249821,31.61429843000002,33.69929063000001
106.36906363495048,11.14854183356532,35.52280430000002,34.00862144000001,33.547188740000024,36.15855601999999,34.23421076,34.7708399,32.57647106000002,37.88465612000002,34.71273356000006,32.044968950000026,35.12631398000002
106.3699619502346,10.429889606269704,36.58922654000003,36.807979820000014,33.30621833000004,34.972503080000024,34.02912956,34.73153267000004,30.98367374000003,33.22931288000001,33.93000698000003,30.90847730000001,34.112871050000024
106.3699619502346,10.447855911952097,34.14192422000002,34.85287238000001,33.45319319000004,36.36876425,33.43781210000003,33.75226994000002,31.574991200000056,34.25471888000004,35.27328884000002,32.29790243000002,33.83772044
106.3699619502346,10.465822217634486,37.25915845999998,38.16835178000002,35.79111886999999,36.22691642000001,35.22885458000002,34.35384146000001,34.700770490000025,31.10159543000003,34.47347216000003,34.93490486000002,34.65120920000004
106.3699619502346,10.483788523316877,29.879653280000014,38.65541963000001,35.688578269999994,37.987196720000014,37.21472419999998,38.29481852000004,37.17712598000003,36.29185880000003,37.45740362000004,37.23865034000005,36.41490752000004
106.3699619502346,10.537687440364047,35.26474379000001,35.53647638000001,33.34210754000003,35.215182500000026,33.82233935000002,34.15901431999998,34.21712065999998,31.41776228000004,34.09748996000002,32.02104281000001,36.93786458
106.3699619502346,10.555653746046438,36.50377604000005,36.35167415000001,37.14294578000002,36.81139784000004,34.91781476000003,34.84945436000004,36.46959584000001,33.62580320000001,34.30086215,32.86358474000002,37.20788816000001
106.3699619502346,10.627518968776,33.24640298000003,34.51107037999998,37.84022185999999,34.24446482000002,31.84501478000004,36.23033444000004,32.81915048000002,33.10113713000001,31.933883300000048,30.399192320000022,34.98446615000003
106.3699619502346,10.64548527445839,33.89069975000004,31.797162500000013,34.65120920000004,33.50275448000002,32.55254492,38.18544187999999,33.79328618,33.83088440000006,31.73905616000002,31.28787752000005,32.88067483999998
106.3699619502346,10.66345158014078,34.68197138000002,36.96862676000001,37.94105345,37.00964300000004,35.08187972000002,36.41832554000001,32.24663213000002,36.70885724000004,35.266452800000025,34.18635848,35.76890174000005
106.3699619502346,10.735316802870342,34.15559630000001,36.77038160000001,34.80502009999998,38.22304010000005,36.82506992000003,31.858686860000034,31.08963236,32.53887284000001,33.82575737000002,32.42949620000002,39.32535154999999
106.3699619502346,10.753283108552733,36.363637220000015,40.10978714000004,39.45352730000002,42.95187077000003,40.246507940000015,41.589789800000005,39.19033976000003,37.82313176000002,40.03459070000002,38.199113960000005,43.02706721000004
106.3699619502346,10.825148331282294,32.610651260000054,33.37799675000002,33.91291688000001,33.30280031000001,30.70339610000002,33.36945170000004,32.34062768000001,33.383123780000005,31.84843280000001,25.849807700000014,36.64220584999998
106.3699619502346,10.843114636964684,36.23033444000001,32.843076620000005,31.55277407,35.93638471999998,34.26839096000003,34.907560699999976,35.87656937,35.56723856000002,34.217120660000006,31.345983860000047,32.05693201999998
106.3699619502346,10.861080942647074,38.35634288000006,35.20151041999998,37.00280696000004,37.41980540000003,37.05578627000003,35.28012488000002,34.66488128000003,36.45592376000002,35.58432865999998,32.214160940000056,38.21791307000001
106.3699619502346,10.879047248329464,38.46401051000001,37.09167548000005,38.21449505000001,41.883739520000006,35.05111754000001,35.50571420000006,36.28502276000006,38.5990223,35.09555180000001,32.16801767000004,38.70498092
106.3699619502346,10.950912471059029,39.810710390000025,36.50719406000002,35.35532132000003,39.15786857000003,36.281604740000034,35.35873934,36.67638605000002,39.983320400000025,36.58580852,28.276601900000003,36.73278338
106.3699619502346,10.968878776741418,35.150240120000035,34.53841454000002,32.77813424000004,35.331395180000015,33.70612667000003,32.91314603000001,32.761044140000024,33.948806090000005,33.34210754000003,32.385061940000014,36.54821030000002
106.38702994063289,10.519721134681657,37.715464130000015,39.672280580000006,37.23865034000005,36.83532398000003,36.17735513000002,36.93786458,37.279666580000026,35.91758561000003,37.20276113,35.97740096000001,36.50035802000002
106.38702994063289,10.537687440364047,35.27670685999999,34.26497294000001,38.61611240000002,36.99597091999999,37.132691720000025,38.95791440000005,38.60585834000005,35.22885458000002,36.095322650000014,36.92590151000002,33.64460231000004
106.38702994063289,10.64548527445839,38.00428682000003,37.99403276000001,39.11001629000003,38.01795890000005,36.52941119000002,37.28992063999999,33.9846953,37.365117080000005,36.79430774000002,35.30405102000003,38.43495733999998
106.38702994063289,10.950912471059029,39.77823920000003,34.48714424000002,35.07846170000005,38.795558450000016,37.80945968000003,35.83555313000002,35.91587660000002,38.28285545000003,37.48816580000005,34.96908506,40.52678558000002
106.38702994063289,10.968878776741418,37.720591160000026,35.119477940000024,35.05111754000001,35.003265260000035,32.385061940000014,32.27568530000002,31.23831623000004,35.86118828000002,33.1472804,31.200718010000003,31.25027929999999
106.387928255917,10.358024383540142,38.68105478000001,37.698374030000025,37.166871920000006,35.72788550000001,35.47153400000002,35.93638471999998,35.50229618000003,36.85241408000002,37.11560162000004,35.36557538,35.44077182000004
106.387928255917,10.375990689222531,37.21130618000001,35.53647638000001,36.319202959999984,34.81869218000003,35.23227259999999,35.46298895000001,34.43245592000005,36.79772576000005,36.06797849000003,33.92317093999998,34.78109396000002
106.387928255917,10.393956994904924,36.39098138000003,34.79134801999999,35.823590060000015,35.26303478,34.01887550000004,35.676615200000015,35.05111754000001,34.34016938000002,34.90585168999999,33.47199230000001,34.00007639000003
106.387928255917,10.411923300587317,34.917814760000056,36.69347615000004,35.58261965000003,36.934446560000026,35.70566837000001,36.52086614000001,34.23079274000003,35.91587660000002,36.71740229,34.49568929,37.03015112000003
106.387928255917,10.429889606269704,37.36682609000002,37.26941252000003,37.132691720000025,33.44464814000003,34.66488128000003,37.124146670000016,33.352361599999995,36.341420090000014,35.18100230000002,35.93638471999998,35.31088706
106.387928255917,10.447855911952097,35.84409818000003,32.95245326000003,36.27135068000001,33.810376280000014,34.83236426000002,34.14192422000002,32.85845771000001,33.73005281000002,34.38631265000004,31.58182724000005,35.184420320000015
106.387928255917,10.465822217634486,37.89491018000001,37.124146670000016,36.25767860000002,37.18738004000002,35.69712332000006,36.108994730000006,32.12700143000001,31.95439141999998,36.58922654000003,32.02958786000005,30.25905350000005
106.387928255917,10.483788523316877,34.251300860000015,35.30746904,33.06182990000002,34.13679719000004,34.899015650000024,34.58968484000002,35.27157983000004,32.32695560000002,34.623865040000055,30.515404999999987,35.38950152000001
106.387928255917,10.501754828999266,32.77129820000005,32.92681811000003,35.23227259999999,32.104784300000006,32.55938096000003,34.75716782000001,32.96270732000005,32.009079740000004,33.383123780000005,33.35919764000005,33.66852845
106.387928255917,10.555653746046438,32.60039720000003,34.27180898000006,31.110140480000013,34.220538680000004,33.19171466,31.872358940000023,32.398734020000006,32.972961380000015,31.694621900000016,31.10159543000003,35.44077182000001
106.387928255917,10.573620051728827,34.21028462000004,33.888990740000054,34.596520880000014,34.152178280000044,36.72936536000003,35.09726081000002,32.71490087000004,33.93342500000006,33.759105980000015,35.42368171999999,36.753291500000046
106.387928255917,10.591586357411218,34.23762878000002,37.09167548000002,38.84682874999999,35.762065699999994,38.41444922000002,36.6336608,34.23079274000003,32.62090532000002,32.83282256000001,31.607462390000023,37.313846780000006
106.387928255917,10.60955266309361,31.82621567000004,33.04986683000001,33.48908240000003,33.037903760000006,31.641642590000004,34.80502009999998,32.00053469000002,31.576700210000013,30.727322240000035,30.51711401000003,32.135546480000016
106.387928255917,10.627518968776,31.54935605000003,33.495918440000025,32.81402344999998,35.10409685000002,31.52030288000003,35.32455914000002,30.44020856000003,33.335271499999976,32.16972668000005,32.50469264000003,34.67855336000002
106.387928255917,10.66345158014078,32.311574510000014,35.67319717999999,36.606316640000045,35.435644790000026,33.162661490000005,34.11116204000001,31.077669290000017,34.740077720000016,33.67536448999999,33.10284614,34.94003189000003
106.387928255917,10.681417885823173,36.095322650000014,37.63001363000004,36.60802565,33.97444124000003,36.37047326000001,35.08187972000002,34.29744413000003,35.71421342000002,34.82894624000005,33.71467172000001,37.07287637000002
106.387928255917,10.699384191505562,36.37560029,35.71763144000002,36.199572260000025,37.141236770000006,35.59287371000002,35.797954910000044,32.34404570000004,31.42630733000001,34.94515892000001,30.857207000000017,36.20640830000002
106.387928255917,10.717350497187953,37.33777292000002,37.20788816000004,37.53601808000002,35.11264190000003,36.39098138000003,38.36146991000004,36.635369810000014,36.60631663999999,35.577492620000044,31.47415961000001,37.37537114000003
106.387928255917,10.735316802870342,38.24525722999999,38.035049000000015,35.37582944000002,34.808438120000005,33.253239020000024,36.37730929999998,34.88363456000002,34.63411910000002,32.39189798000001,35.95347482,34.929777830000006
106.387928255917,10.753283108552733,42.96041581999998,38.88955400000003,42.01533329,40.62932618000002,40.98650927000003,40.60198202000001,39.046782920000055,41.70600248000005,39.68595266,36.62340674000004,38.28798247999998
106.387928255917,10.771249414235124,36.14488394,36.35680118000005,36.725947340000005,37.00622498000001,34.79989307,35.96031086000005,32.76958919000003,37.14636380000002,33.57282389000002,34.627283060000025,36.47130485000002
106.387928255917,10.789215719917513,36.88317626000003,37.166871920000006,36.773799620000034,38.40419516000003,35.28012488000002,36.65416892000002,35.119477940000024,38.47768259,35.53647638000001,31.47928664,33.50959052000002
106.387928255917,10.807182025599904,40.84466144000004,42.16914419000005,39.38516690000006,39.13565144000006,38.03163098000002,41.555609600000025,37.10534756000004,39.491125520000026,37.590706400000045,38.42812130000004,40.53874865
106.387928255917,10.825148331282294,35.82700808000004,35.762065699999994,35.11264190000003,37.52747303000001,34.03254758,35.088715760000014,32.80206038000006,36.71227526000001,35.43906281,32.446586300000035,39.18692174
106.387928255917,10.843114636964684,38.35292486000003,34.14534223999999,34.38118562,38.38368704000001,34.66317227000002,33.51642656000001,35.03060942000002,36.168810080000014,34.19148551000001,34.955412980000034,35.51596826000002
106.387928255917,10.861080942647074,42.67672016000006,38.83999271000005,38.79726746000006,39.14932352000005,39.23819204000006,37.71375512000003,37.612923530000046,40.46526122000003,39.00747569000004,34.79818406000004,38.69814488000003
106.387928255917,10.879047248329464,39.658608500000014,38.93740628000003,35.09555180000001,38.21791307000004,40.83782540000004,35.01693734000003,36.55162832000002,39.55435889,36.67809506000003,35.54843945000002,40.98821828000001
106.387928255917,10.897013554011856,39.39883898000005,36.93273755000001,34.55550464000004,37.853893940000006,35.52280430000002,35.396337560000006,36.94128260000002,38.622948440000016,36.12095780000004,32.98663346000001,42.047804480000025
106.387928255917,10.914979859694249,36.69518516000005,35.01010130000003,35.84409818000006,38.33925278000004,36.315784940000015,34.34871443,34.65291821,36.72082031000002,35.73130352000001,36.51061207999999,42.10591082000002
106.387928255917,10.932946165376636,39.27408125000002,37.197634100000016,39.48941651000004,38.44179338000004,38.88784499000002,37.23865034000005,36.59606258000002,40.02091862000003,37.37878916,30.177021019999984,44.21482916000002
106.387928255917,10.986845082423809,42.07856665999998,36.661004960000014,36.24400652,39.672280580000006,37.03356914000005,36.37730929999998,35.64243499999998,38.02821296000002,37.84705789999998,36.70543922000002,37.84193087000003
106.387928255917,11.004811388106198,42.6835562,37.87782007999999,35.50229618000003,41.46674108000002,39.78507524,38.88955400000003,36.71911130000001,41.13690215,38.46059249000001,34.11970709000002,39.73551395000001
106.387928255917,11.022777693788589,47.22952280000004,44.64379067000005,47.77982401999998,47.65335728000002,44.618155520000016,45.55127498000002,43.53293417,48.63774704000002,44.38402115000002,38.81093954000005,48.81206606000001
106.387928255917,11.04074399947098,40.45158914000001,34.15559630000001,34.78793000000002,40.36613864000003,39.96793931000002,38.15467970000003,36.88317626,40.51311350000003,37.18054400000005,34.675135340000054,38.61269438000002
106.387928255917,11.05871030515337,40.90960382,34.76742188000003,36.37047326000004,40.50627745999998,37.65223076000004,36.81823387999998,35.41000964000003,38.72719805000003,37.02331508000003,32.144091530000026,37.64881274000004
106.387928255917,11.07667661083576,38.79043142,35.874860360000014,36.40807147999999,37.2318143,36.00987215000001,35.534767370000026,34.483726219999994,37.90174622000001,37.32410084000003,32.98321544000004,34.816983170000015
106.387928255917,11.09464291651815,39.28946234,35.73472154000001,35.26987082000002,36.592644560000025,36.79259873000001,35.73472154000001,33.47199230000001,37.95985256000006,37.40271530000001,35.96031086000005,34.95199495999998
106.387928255917,11.11260922220054,39.689370680000025,34.74520475000003,36.27135068000001,36.462759800000015,37.966688600000055,37.03015112000003,33.858228559999986,36.97888082000003,34.49056225999999,33.547188740000024,36.12095780000004
106.387928255917,11.130575527882932,37.771861460000025,33.577950920000035,36.55504633999999,36.89343032000005,34.28035403000001,32.30132044999999,33.59504102000005,37.09851151999999,34.186358480000024,34.86825347000001,35.53647638000001
106.387928255917,11.14854183356532,46.04005184000005,35.92100363000003,37.624886600000025,41.24798780000003,42.26655776000004,42.37251637999998,35.25278072000003,41.49408524,42.55196243000003,37.58387035999999,37.93250840000002
106.40499624631526,10.358024383540142,36.65416892000002,35.317723099999995,38.69814488000003,36.03721631000002,35.17245725000001,34.49056226000005,34.12483412,34.69564346000004,36.29356781000001,34.06843679000002,36.51744812000001
106.40499624631526,10.375990689222531,38.05384810999999,32.96270732000002,33.123354259999985,34.26668195000002,34.88363456000002,36.44225168000003,34.28548106000005,34.07527283000002,36.155138,33.98298629000004,36.36363722000005
106.40499624631526,10.393956994904924,36.54821030000005,36.58580852,36.52941119000002,33.72492578000001,34.64437315999999,36.99938894000002,36.01499918000002,36.50035802000002,36.31920296000001,35.110932890000015,38.07264722000002
106.40499624631526,10.411923300587317,38.93398825999998,37.007933990000026,37.66932086000003,37.460821640000006,37.025024090000045,38.07948326000002,36.43541564000003,37.20617915,38.20595,35.854352240000026,35.893659470000046
106.40499624631526,10.429889606269704,39.27579026000001,37.36511708000003,36.58239050000003,35.70908638999998,37.64881274000004,37.82996780000002,32.83453157,36.76183655000003,36.462759800000015,36.22008038000001,37.395879260000015
106.40499624631526,10.447855911952097,37.77869750000002,35.80991798000002,35.58091064000001,36.15171998000005,34.57430375000001,36.92077447999998,31.56473714000004,34.57259474,35.560402520000025,35.04428150000001,34.8221102
106.40499624631526,10.465822217634486,38.35634288000006,37.5736163,37.31042876000001,36.895139330000006,35.49375113000002,36.61998872000004,33.51300853999999,34.55208662000001,36.79259873000001,33.44635715000001,36.15171998000005
106.40499624631526,10.483788523316877,36.25084256000002,35.26987082000002,34.63241009000001,36.58580852,35.215182500000026,34.68538940000002,35.96885591000003,33.461738240000045,34.90585169000002,34.92806881999999,31.650187640000013
106.40499624631526,10.501754828999266,35.059662590000016,35.529640340000014,36.148301960000026,35.883405409999995,34.76742188000003,33.789868160000026,35.70054134,32.605524230000015,33.391668830000015,35.13656804000004,34.760585839999976
106.40499624631526,10.537687440364047,37.34802698000004,36.903684380000016,42.57076154000004,41.85639536000002,39.86710772000001,41.29242206000004,40.21745477000002,38.02821296000002,38.12733553999999,34.93490486000002,41.14544720000004
106.40499624631526,10.555653746046438,45.10009634000005,37.664193830000016,43.57736843000001,39.92521406000003,41.516302370000005,39.01260272000002,40.09440605000003,39.525305720000034,41.05316066,39.91496000000001,45.684577760000025
106.40499624631526,10.573620051728827,36.97546280000006,34.30769819000005,36.903684380000016,34.99472021,35.331395180000015,36.03038027000002,32.97637940000004,34.93148684000002,34.12825214000003,34.52816048,36.67125902000001
106.40499624631526,10.591586357411218,31.923629240000025,35.01693734000003,33.29083724000003,33.01055960000002,33.201968720000025,35.51255024,31.54764704000001,33.06524792000005,31.933883300000048,31.26053336000001,37.20447014000001
106.40499624631526,10.60955266309361,38.12733553999999,37.97181563000001,37.38220718000002,36.77379961999998,35.473243010000004,38.182023860000015,35.35019429000002,34.251300860000015,35.59800074000003,34.92806882000002,38.42470328000002
106.40499624631526,10.627518968776,33.694163600000024,39.94914019999999,38.19227792000004,36.74303744000002,37.28308460000005,35.63559896000004,35.69370530000003,36.725947340000005,36.64391486,34.14876026000002,38.70668993000004
106.40499624631526,10.64548527445839,38.52382586000002,35.93296670000001,36.58239050000003,36.80114378000002,33.81379430000004,32.3098655,30.788846600000056,35.274997850000005,33.63263924,29.295171859999986,33.29425526000003
106.40499624631526,10.66345158014078,35.86460630000002,39.58683008000003,34.740077720000045,37.313846780000006,37.300174700000014,36.85925012000001,32.08769419999999,38.20253198,36.25426058000005,33.425849029999995,38.328998720000016
106.40499624631526,10.681417885823173,35.42026370000002,36.26109661999999,36.77550862999999,38.45888348000005,36.71911130000001,36.32091197,33.29425526,35.09213378000004,34.47689018000003,32.05351400000001,33.906080840000016
106.40499624631526,10.699384191505562,39.12710639000002,40.57463786000005,38.821193600000015,40.45500716000004,39.819255440000006,38.13075356000002,37.33093688000002,38.380269020000014,38.30165456000003,35.53305836000004,37.65052175000002
106.40499624631526,10.717350497187953,35.97569195000003,36.80456179999999,31.10672246000001,37.37537114000003,33.81892133000002,34.40852977999998,31.101595430000003,33.75226994000002,35.83042610000001,33.79157717000004,34.480308200000024
106.40499624631526,10.735316802870342,37.741099280000014,37.08483944,34.85458139000002,36.58068149000002,37.17712598000003,36.63366080000003,34.24446482000002,35.05795358,34.88021653999999,33.188296640000004,35.762065699999994
106.40499624631526,10.753283108552733,37.05749528000001,36.11070374000002,35.24765369000005,36.94982765000003,35.60654579000004,37.12243766000006,33.97785926000006,36.160265030000005,35.65268906000006,33.595041020000025,40.49602340000001
106.40499624631526,10.771249414235124,35.625344900000016,35.5569845,34.19490353000003,36.85412309000003,35.218600520000024,37.93592641999999,35.58432865999998,37.197634100000016,34.76400386,32.88409286000001,35.89195046000003
106.40499624631526,10.789215719917513,32.972961380000015,34.29573512000002,35.249362700000006,35.34164924000001,33.13360832000001,33.59504102000005,32.40215204000003,33.971023220000006,33.499336459999995,28.09031981000004,33.82917539000002
106.40499624631526,10.807182025599904,36.70202120000005,33.439521110000044,36.25596959000004,36.50719406000002,35.235690620000014,36.09019562000003,32.72515493000003,37.01818805000002,32.84991266000003,34.15559630000001,36.26280563000003
106.40499624631526,10.825148331282294,34.59652088000004,34.91439674000003,29.633555839999985,37.447149560000014,32.98834247000002,36.29869484,32.01933380000003,33.14557139000004,33.07721099,29.53443326000001,34.59993890000004
106.40499624631526,10.843114636964684,35.58261965000003,34.36580453000002,35.181002300000046,38.73403409,35.72788550000004,35.68345124000001,34.152178280000044,37.17028994,35.611672820000024,34.0872359,34.29231709999999
106.40499624631526,10.861080942647074,37.67273888,35.85777026000005,35.13827705000003,38.06239316000003,37.7616074,37.45740362000004,34.61702900000003,36.98229884,37.11218359999998,32.67730265,36.1893182
106.40499624631526,10.879047248329464,37.884656120000045,38.36317892,33.99494936000002,36.44908772000002,35.30405102000003,34.01203945999998,35.68686925999998,37.758189379999976,36.89684834000002,27.20334362000005,40.97112818000005
106.40499624631526,10.897013554011856,41.37445453999999,38.95107836,37.52918204000002,41.61371594000002,39.11001629000003,38.92373420000004,37.24548637999999,40.044844760000046,39.27579026000001,34.28206304,41.74189169000002
106.40499624631526,10.914979859694249,36.88317626000003,36.03892532000003,36.94982765000003,38.06922920000002,35.84409818000006,34.336751359999994,35.71421342000002,38.40932219000001,37.590706400000016,30.03688220000004,39.256991150000005
106.40499624631526,10.932946165376636,37.56336224000006,33.98298629000004,35.24252666000001,38.61611240000002,36.878049230000016,35.07846170000005,33.67194647000002,36.44566970000005,34.182940460000054,32.10136627999998,36.13121186000001
106.40499624631526,10.950912471059029,38.58876824000004,34.302571160000014,36.84899605999999,36.76354556000001,38.47768259,35.19809240000001,34.596520880000014,38.90322608,37.16003588000001,31.83134270000002,39.79191128000002
106.40499624631526,10.968878776741418,35.60141876,36.25596959000004,34.86825347000001,33.646311319999995,33.87873668000003,33.06524792000005,33.64118429000001,34.972503080000024,32.33891867,33.15753446000002,33.86164658000001
106.40499624631526,10.986845082423809,40.42595399000001,39.62101028000004,37.63172264000002,39.64322741000001,38.71181696000002,39.74747702000002,38.48622764000004,41.39838068000006,39.30313441999999,37.864148,38.29140050000001
106.40499624631526,11.004811388106198,41.083922840000014,37.22839628000003,35.29037893999998,39.67911662,37.594124420000014,37.09509350000002,37.395879260000015,41.10101294000003,38.61953042000002,33.61896716000001,40.06535287999998
106.40499624631526,11.022777693788589,40.04142674000002,36.05601542,33.40704992000002,39.02798381000002,36.609734660000015,36.42857960000004,35.755229660000055,37.624886600000025,35.58774668000001,31.523720900000058,36.57213644000004
106.40499624631526,11.04074399947098,40.63274420000005,37.93250840000002,36.27818672000001,39.81583741999998,35.6595251,36.42857960000004,35.215182500000026,36.37047326000004,34.200030560000016,27.514383440000017,36.26109661999999
106.40499624631526,11.05871030515337,40.62590816,36.47301386000004,37.19592509,39.25357313000001,36.37730930000004,36.77209061000002,35.08017071000003,37.58728838000002,35.57920163,34.700770490000025,37.3685351
106.40499624631526,11.07667661083576,38.78872240999999,36.74303744000002,34.55208662000001,38.90322608000002,36.17564612000001,36.881467250000014,35.827008079999985,38.49819071000002,37.741099280000014,32.477348480000046,38.83315667000002
106.40499624631526,11.09464291651815,39.033110840000006,33.34210754000003,35.08187972000002,37.54969016000001,36.2918588,34.661463260000005,32.764462159999994,36.62682475999998,34.02400253000002,35.57407460000002,36.17051909000003
106.40499624631526,11.11260922220054,41.97944408000004,33.742015880000054,35.396337560000035,36.60289862000002,37.06262231000002,36.78063566000003,34.19319452000002,36.96008171,35.10580586000003,36.799434770000005,35.772319760000016
106.40499624631526,11.130575527882932,36.61998872000004,30.08815249999998,35.08529773999999,36.85583210000004,35.47153400000002,34.20686660000001,32.97979742000001,36.807979820000014,35.31430508,34.791348020000044,35.36044835000001
106.40499624631526,11.14854183356532,35.48862410000004,31.87748597000004,33.12677228000001,35.382665480000014,33.89411777000001,33.49420943000004,33.44977517000001,40.017500600000034,38.804103500000025,36.78063566000003,37.28479361000004
106.40589456159938,10.519721134681657,38.47939159999999,36.34996514,38.64345656000003,36.22691642000001,36.56530040000001,35.51938628000005,34.64779118000001,36.41490752000004,36.93102854000006,34.709315540000006,35.227145570000005
106.42296255199766,10.66345158014078,39.598793150000034,39.15957758000002,32.990051480000034,41.49750326000003,39.55777691,37.89491018000001,35.01010130000003,37.93934444000001,36.674677040000006,35.05795358,36.25084256000002
106.42296255199766,10.681417885823173,35.41000964,36.96179072000001,33.72663479000002,37.55310817999998,33.15411644000005,34.31966126000003,32.53887284000001,36.148301960000026,33.284001200000006,34.17268640000003,31.304967620000014
106.42296255199766,10.699384191505562,36.80114378000002,37.31042876000004,35.99961809000001,38.74599716,35.73130351999998,34.81869218000003,32.94903524000006,35.17758428000002,35.76548372000002,35.08700675,37.305301730000025
106.42296255199766,10.825148331282294,36.94128260000002,36.05088839000001,35.93638471999998,38.78188637,33.68732756000003,36.65075090000005,32.80206038000003,36.134629880000034,37.04382320000002,30.66408887,36.484976930000016
106.42296255199766,10.914979859694249,34.77254891000004,33.85993757000003,33.19171466,34.11799808000001,33.12164525,32.42949620000002,31.460487530000023,33.75226994000002,32.56963502000002,32.64141344000001,32.908019000000024
106.42296255199766,10.932946165376636,38.21107703000001,39.39542096000002,38.01454088000003,40.87542361999999,36.56530040000001,35.73130351999998,35.447607860000005,38.12391752000002,35.84068016000003,33.37970575999998,37.39929728000004
106.42296255199766,10.950912471059029,37.60437848000001,34.87167149000001,34.38460364000002,35.89024145000002,36.29185880000003,32.990051480000005,34.324788290000015,38.59560428000003,35.526222320000045,31.02298097000002,37.10534756000004
106.42296255199766,11.07667661083576,38.00257781000005,30.52565906000001,35.594582720000034,37.51550996000003,35.93296670000001,34.91610575000004,32.73369997999998,34.81185614,33.448066160000025,33.29425526,35.66123411000001
106.42296255199766,11.11260922220054,35.45957093000001,30.58376540000006,35.99449106000003,34.36922255000002,30.696560060000024,34.48714424000002,31.05203414000005,34.26155492000004,31.797162500000013,32.817441470000006,31.21097207
106.42386086728176,10.358024383540142,34.989593180000014,35.28696092000004,37.94276246000004,33.54547973000001,35.15707616000003,33.92317093999998,33.10797317000004,33.42414002000001,34.45296403999998,34.81869218000003,32.35600877000002
106.42386086728176,10.375990689222531,34.94857694000001,36.320911970000026,35.832135110000024,36.332875040000005,33.810376280000014,34.52474246000003,34.34358740000005,34.66488128000003,34.72982366000002,33.55744279999999,34.43587394000002
106.42386086728176,10.393956994904924,35.96031086000005,35.03060942000002,36.91052042000001,36.25596959000001,34.627283060000025,37.35144500000001,33.10626416000002,35.26303478,35.44931687000002,33.258366050000035,37.905164239999976
106.42386086728176,10.411923300587317,35.99449106000003,35.13656804000004,39.022856779999984,37.953016520000006,36.04576136,36.903684380000016,34.76400386,38.48280962000001,37.53430907000004,37.45740362000004,39.10488926000005
106.42386086728176,10.429889606269704,39.03994688,34.593102860000045,37.78211552000005,37.206179150000025,36.70885723999999,36.54137426,32.40898808,36.93102854000006,37.12585568000003,35.586037670000024,38.12220851000004
106.42386086728176,10.447855911952097,37.14294578000002,36.68151308000006,35.57407460000002,34.18806749000001,35.5569845,37.07287637000002,31.014435919999983,35.96714689999999,34.76229484999999,32.36626283000004,30.481224800000007
106.42386086728176,10.465822217634486,37.059204290000025,36.07652354000004,36.26109661999999,36.30894890000002,35.64756203000002,36.74645546000002,34.57943078000005,36.68493110000003,37.25232242000004,36.04234334,33.813794299999984
106.42386086728176,10.483788523316877,35.95860185000004,38.95449638000002,37.44202253000003,38.11537247000001,37.18738004000002,37.25915846000004,33.560860820000016,35.92954868000004,37.84705789999998,36.838742000000025,37.09680251000003
106.42386086728176,10.501754828999266,35.70395936,38.04188504000001,39.576576020000005,38.33583476000001,36.63366080000003,35.77744679,35.53305836000004,37.007933990000026,38.47939159999999,38.00428682000006,34.95883100000003
106.42386086728176,10.519721134681657,36.82848794000003,36.51744812000004,35.98423700000001,39.65689949,39.20572084999998,38.54775200000006,37.06604033000002,36.872922200000005,38.182023860000015,38.13075356000002,34.37776760000003
106.42386086728176,10.537687440364047,39.28604432000003,37.93934444000001,40.51653152000003,40.769465000000025,38.15638870999999,40.81560827000001,39.06900005,35.85777026000005,38.66738270000002,37.95130750999999,42.33491816000003
106.42386086728176,10.555653746046438,38.60756735000001,35.594582720000034,40.099533080000015,36.380727320000005,37.90174622000001,37.51038293000005,34.71273356000006,35.05453555999998,36.58239050000003,37.43005946000005,41.88715754000003
106.42386086728176,10.573620051728827,32.32353757999999,36.64904189000004,39.02627480000001,33.81379430000004,31.54081100000002,35.14853111000002,33.205386739999994,33.98127728000003,30.87771512000004,31.974899540000024,38.66909171000003
106.42386086728176,10.591586357411218,35.56723856000002,37.79578760000001,39.45694532000002,35.18100230000002,35.07846170000005,36.01670819,33.45490219999999,35.08529773999999,34.82723723000004,33.84455648000002,38.55971507000001
106.42386086728176,10.60955266309361,36.47984990000003,38.69814488000003,34.19490353000003,35.49546013999998,38.527243880000015,36.912229430000025,33.40192289000004,35.987655020000034,34.709315540000034,35.41000964,40.45500716000004
106.42386086728176,10.627518968776,40.87200560000002,35.31772310000002,37.99061474000001,35.68345124000001,37.71375512000003,37.89661919000002,32.79180631999998,33.05841188000002,35.38437449000003,31.25711534000004,35.96885591000003
106.42386086728176,10.64548527445839,39.02627480000001,37.85047592000001,35.085297740000016,38.38710506000001,38.64687458000003,36.35680118000005,34.45980008000004,36.77379961999998,35.67319717999999,34.78793000000002,37.22668727000001
106.42386086728176,10.717350497187953,37.70862809000005,37.34119094000005,34.21028462000004,39.74405899999999,37.07458538000003,36.994261910000006,36.59264456000005,36.900266360000046,36.47643188000001,35.35361231000002,36.24571553000004
106.42386086728176,10.735316802870342,37.859020970000046,37.542854120000015,36.89172131000001,38.53237091,36.70202119999999,35.59629173000002,33.914625890000025,37.64197669999999,35.37582944000002,31.89286706000001,35.49546013999998
106.42386086728176,10.753283108552733,32.17656271999999,32.079149150000035,32.38335293,33.47199230000001,31.45536050000001,33.58820498000003,30.69314204,32.49785659999998,32.147509550000024,32.361135800000056,31.84501478000004
106.42386086728176,10.771249414235124,35.78940985999998,34.45980008000004,32.88409286000004,35.15365814000003,33.888990740000054,35.41684568000005,32.69097473000002,34.52132444000006,33.027649699999984,29.60792069000001,34.00178540000002
106.42386086728176,10.789215719917513,36.15513800000002,32.93194514000001,33.76423301000003,36.26280563,33.957351140000014,36.77721764,33.34210754000003,34.77938495000001,33.69074558,31.40067218000001,35.235690620000014
106.42386086728176,10.807182025599904,47.27395706000004,46.829614460000016,46.79543426000004,48.01566740000004,45.78711836000002,47.12014615999999,45.85376975,46.92873703999999,45.19921892000002,45.44531635999999,47.56448876000002
106.42386086728176,10.843114636964684,37.55652620000001,36.233752460000034,37.08825746000002,33.84455648000005,35.82700808000001,34.07527283000002,33.70612667,36.07652354000004,34.81185614,28.05955763,38.97500450000001
106.42386086728176,10.861080942647074,39.77482118,37.31042876000001,38.83486568000001,41.75727278,39.45010927999999,36.49010396000003,37.41126035000002,41.37445453999999,40.52678558000002,34.40852977999998,41.179627400000015
106.42386086728176,10.879047248329464,42.816858980000006,39.75089504000002,38.54775200000003,39.97306634000003,37.98548771000003,38.59560428,38.48793665000002,41.063414720000026,37.74451730000001,37.62830462,41.28900404000001
106.42386086728176,10.897013554011856,39.132233420000034,40.03117268,39.884197820000026,42.35713529000003,40.73699381000003,38.88442697000005,38.83144766000004,39.66886255999998,39.38858492000003,33.81892133000002,41.57099069000003
106.42386086728176,10.968878776741418,40.51311350000003,36.52086614000001,37.92225434,38.79726746,38.20082296999999,39.13906946000003,37.92225434,40.81731728000005,38.77334131999999,34.07014579999998,40.36613864000003
106.42386086728176,10.986845082423809,36.338002070000016,35.90562254,32.791806320000035,37.04040517999999,34.68880741999999,35.45102588000003,33.742015880000025,36.126084830000025,36.02867126000001,36.37389128000001,36.53453822000003
106.42386086728176,11.004811388106198,42.64595798000002,38.15467970000003,35.60483678000003,40.00724654000004,38.33241673999999,37.79749661,35.28696092000001,41.27191393999999,38.15809772,31.482704660000024,38.83657469000002
106.42386086728176,11.022777693788589,37.25232242000004,33.80695825999999,32.77300721000003,36.32945702000001,33.52838962999999,33.36945170000001,34.20686660000001,35.53647638000001,35.331395180000015,28.82006708000005,36.462759800000015
106.42386086728176,11.04074399947098,37.77357047000001,35.07504368000002,36.490103960000056,38.99551262,34.32137026999999,37.206179150000025,33.53180765000002,36.99597091999999,35.72788550000001,28.34496230000002,36.84557804000002
106.42386086728176,11.05871030515337,41.02923452000002,34.51107038000001,34.73153267000001,38.34267080000001,37.15149083,36.787471700000026,35.049408529999994,36.95153665999999,35.404882610000016,32.04838697,36.86608616000001
106.42386086728176,11.09464291651815,37.73084522000005,30.243672409999988,33.04303079000002,37.99403275999998,31.78349042000002,32.77129820000005,33.07379297000003,36.84557804000002,33.690745580000026,36.87292220000003,34.57943078000005
106.42386086728176,11.130575527882932,35.70908638999998,30.70681411999999,31.586954270000007,36.27476869999998,34.64950019,33.988113320000025,32.50469264000003,37.66932086,35.26987082000005,34.56917672000003,35.621926880000046
106.42386086728176,11.14854183356532,35.871442340000044,33.719798749999995,34.23079274000003,38.12733553999999,36.312366920000045,33.66852845,32.856748700000026,37.82484077000001,37.16345390000004,36.63366080000003,39.03994688
106.44092885768003,10.411923300587317,38.58022319000003,41.20355354000003,37.93421741,37.28137559000004,37.57703432000002,38.769923300000016,34.03254758,36.85241408000002,39.06558203,37.96497959000001,39.57999404000003
106.44092885768003,10.429889606269704,42.56905253000002,36.02525324000004,39.43814621000001,37.18396202,37.80775067000002,38.68105478000001,37.223269250000016,39.06729103999999,39.54581384000005,38.53407992000001,40.30119626000001
106.44092885768003,10.447855911952097,38.91689816000002,37.23694133000001,38.39735912000003,38.12733553999999,36.61657070000001,36.87975824000003,36.39952643000004,38.26747436000005,38.94766034000003,36.021835220000014,35.58774668000001
106.44092885768003,10.789215719917513,32.49102056000004,33.78132311000002,34.26155491999998,31.55106506000004,36.51915713,34.83749129000003,35.387792510000054,35.89878650000003,35.15707616000003,33.28741922000006,35.54160341000002
106.44092885768003,10.807182025599904,37.71546413000004,38.12049950000002,38.04359405,37.92909038000002,37.52747303000001,36.954954680000014,37.51380095000002,40.81560827000001,38.27431039999999,38.56484210000002,38.298236540000005
106.44092885768003,11.004811388106198,39.83463653000001,33.65656538000002,35.608254800000054,39.16983164000001,35.86118828000002,35.40659162,35.42709974000002,37.460821640000006,35.00497427000002,34.13167016,35.05111754000001
106.44092885768003,11.04074399947098,37.26257648000004,35.84751620000003,37.322391830000015,38.39223209000005,35.71763143999999,37.73426324000002,36.30553087999999,39.01260272000002,36.46959584000001,34.29231709999999,37.03015112000003
106.44182717296415,10.358024383540142,34.596520880000014,36.32262098000001,30.628199660000007,31.42972535000001,34.34016938000002,34.06501877000002,34.17952244000003,33.46173824000002,34.12312510999999,31.920211220000056,34.99301120000001
106.44182717296415,10.375990689222531,35.17074824000002,32.08085816000005,35.41000964,36.81139784000004,34.35213245000003,35.20151041999998,32.23125104000002,37.33606391000001,32.21586995000001,33.14215337000002,36.35680118000005
106.44182717296415,10.393956994904924,36.467886830000026,35.51938628000005,34.28035403000001,36.259387610000005,36.08677760000003,36.46959584000001,33.724925780000035,34.79818406000004,35.80991798000002,35.86460629999999,35.14682210000001
106.44182717296415,10.465822217634486,39.22793797999998,38.90664410000005,38.498190710000046,38.80752152000002,37.42835045000004,38.74257914000003,34.14021521000001,36.33971108000003,35.82700808000004,36.16197404000002,36.15171998000005
106.44182717296415,10.483788523316877,38.06922920000002,36.021835220000014,37.12072864999999,38.17518782000002,36.94811864000002,36.26109661999999,36.22349840000004,36.56530040000001,36.96179072000001,37.17370796,33.85139252000005
106.44182717296415,10.501754828999266,39.41080205000003,33.67365547999998,37.89491018000001,39.34927769000001,36.85583210000004,37.62146858000003,35.19125636000001,34.203448579999986,35.73813956000004,35.478370040000016,35.75181164000003
106.44182717296415,10.519721134681657,35.49546013999998,32.214160940000056,36.79772576000005,35.60141876,33.97785926000006,34.095780950000005,34.259845910000024,33.25665704000005,35.88511442000004,35.30405102000003,35.86802432000002
106.44182717296415,10.537687440364047,31.240025240000023,30.25905350000005,31.95439142000004,32.42949620000002,30.067644380000047,30.385520240000005,29.954849720000027,30.71706818000001,30.52565906000001,29.293462850000022,36.55162832000002
106.44182717296415,10.555653746046438,35.179293290000004,36.18419117000002,37.25574044000001,36.35680118000005,35.59287371000002,36.26964167000003,34.50765236000001,36.389272370000015,36.626824760000034,36.62682475999998,41.58295376000001
106.44182717296415,10.573620051728827,32.44316828000001,31.07937830000003,36.85241408000002,35.31088706000003,33.59162300000003,31.88261300000005,32.135546480000016,34.10774402000001,32.70635582,35.003265260000035,34.053055700000016
106.44182717296415,10.591586357411218,42.69039224000005,41.84443228999999,41.65473218,40.07047991000002,40.23454487000004,41.65815020000002,35.442480829999994,37.33435490000005,38.32558070000002,37.08142142000003,38.41786724000002
106.44182717296415,10.60955266309361,35.34335825000002,36.24058850000006,36.52428415999998,35.015228330000014,36.47301386000001,37.78211552000005,33.22589486000004,34.770839900000055,33.76081499000003,33.094301090000016,34.94174090000001
106.44182717296415,10.627518968776,42.64595798000005,36.54821030000005,37.525764020000025,36.22520741,39.61417424000001,39.66886255999998,33.85822856000004,36.19615424000003,35.68686925999998,31.80741655999998,35.12289596000005
106.44182717296415,10.64548527445839,31.59208130000001,33.150698420000026,30.946075520000026,31.61942546,30.067644380000047,31.09646840000002,29.71046129000004,30.34450400000003,30.53420411000002,26.95041014000003,30.75979343000003
106.44182717296415,10.66345158014078,40.04142674000002,38.61611240000002,36.52428416000001,37.36853510000003,38.472555560000046,36.38243633000002,33.49420943000001,36.34312910000003,37.92909038000005,34.86996248000003,37.35828104000001
106.44182717296415,10.681417885823173,39.205720850000034,38.82290261000003,34.38460364000002,35.625344900000016,36.35338316000002,35.987655020000034,33.04815782000003,34.93148684000005,36.95153665999999,30.648707779999995,37.60096046000001
106.44182717296415,10.699384191505562,35.11605992,37.33093688000002,35.70054134000003,36.838742000000025,35.44589885000002,35.25278072000003,35.68345124000001,35.82017203999999,35.5569845,34.45296404000001,36.54479228000002
106.44182717296415,10.717350497187953,37.88123810000002,37.01647904000004,35.962019870000006,35.83213511,35.67319717999999,35.45273488999999,36.04405235000005,36.85583210000004,36.601189610000034,30.221455279999983,37.11218359999998
106.44182717296415,10.735316802870342,38.35634288000006,37.92225434,35.88682343000002,37.22497826,37.39417025,38.113663460000026,37.573616300000026,38.04359405,38.4964817,36.37901831000002,38.5990223
106.44182717296415,10.753283108552733,38.212786040000026,36.70543922000002,34.06330976000004,37.559944220000034,39.456945320000045,36.98229884,35.87315135000003,37.78211552000005,37.11560162000004,32.57305303999999,35.03060942000002
106.44182717296415,10.771249414235124,42.28022984000006,40.93011194000002,41.80170704,42.406696580000016,40.49431439000003,41.702584460000026,38.91689816000002,39.99357446000002,39.32364254000001,37.03698716000002,42.46822094000004
106.44182717296415,10.825148331282294,37.02331508000003,36.13292086999999,35.51767727000004,37.60096046000001,35.35873934,34.44954602000004,35.257907750000015,35.68345124000001,36.61998872000004,30.72561323000002,41.71283851999999
106.44182717296415,10.843114636964684,34.13679719000001,37.10876558000001,35.452734890000045,36.91393844000004,34.46150909000002,35.55356648000003,34.64437315999999,36.50719406000002,36.459341780000045,34.98959318000004,33.71125370000004
106.44182717296415,10.861080942647074,35.710795399999995,32.67559363999999,34.73324167999999,35.07504368000002,34.38460364000002,34.82381921000001,32.00737073000005,35.77915580000001,34.02912956000003,33.03277673000002,37.91200028000003
106.44182717296415,10.879047248329464,40.00724653999998,39.279208280000034,32.72344592000002,39.576576020000005,35.57065657999999,35.52280430000002,36.14146592,38.28114644000004,37.76673442999999,32.40557006,37.38562520000002
106.44182717296415,10.897013554011856,39.73893197000001,38.16151574000003,37.30188371000003,41.31976622000002,38.23329416000004,35.55869351000001,34.75033178000001,38.65029260000006,36.43712464999999,30.08815249999998,38.33925278000004
106.44182717296415,10.914979859694249,40.048262780000016,38.14442564000001,35.93467571000002,39.87394376000003,39.62101028000004,36.84386903000001,37.25232242000004,40.30461428000001,40.13371328000005,32.08769419999999,41.06683274000002
106.44182717296415,10.932946165376636,43.832010920000016,37.15661785999998,37.07800340000006,38.97500450000001,34.65291821,35.73813956000004,34.618738010000015,37.19421608000005,34.972503080000024,35.153658140000005,39.40567501999999
106.44182717296415,10.950912471059029,37.95643454000003,38.062393160000056,37.46765768000003,38.96133242000002,37.64368571000003,35.89878650000003,34.57943078000005,35.89878650000003,35.59800074000003,32.54399987000002,36.49181297000001
106.44182717296415,10.968878776741418,44.59764740000003,38.10853643000004,40.02433664,43.73972438000001,41.82563318000001,41.70258446,36.24400652000003,42.488729060000026,39.897869900000046,39.73722296000005,41.28729503000002
106.44182717296415,10.986845082423809,40.20549170000004,36.77038160000001,34.52132444000006,38.45888348000005,38.60585834,37.72400918000005,36.84216002000005,36.44566970000005,36.60289862000002,37.09680251000003,34.86654446
106.44182717296415,11.022777693788589,39.21084788000002,34.04451065000001,35.69712332000006,40.68059648000002,35.87998739,36.58580852,34.740077720000045,39.050200940000025,37.53943609999999,35.184420320000015,37.03186013000004
106.44182717296415,11.05871030515337,36.784053680000056,34.601647910000025,36.25426058000005,35.767192730000005,35.295505969999994,35.90733155000004,34.51277939000005,36.12095780000004,35.41000964,32.74053602000004,38.33241674000004
106.44182717296415,11.07667661083576,36.20299028,32.68242968000004,33.67536448999999,38.36146990999998,32.291066390000026,35.31601409000001,33.40192289000001,35.28525191,32.995178510000045,31.434852379999995,36.41832554000001
106.44182717296415,11.09464291651815,38.93740628000003,34.14192422000002,34.58626682000002,39.451818290000034,36.91564745,37.958143550000045,34.14021521000001,38.91348014000002,37.06433132000001,38.30165456000003,38.182023860000015
106.44182717296415,11.11260922220054,38.29481852000004,36.765254570000025,34.60335692000001,40.46867924000003,38.769923300000016,36.43199762000006,36.558464360000016,40.76262896000003,38.58876824000004,34.47859919000001,38.035049000000015
106.44182717296415,11.130575527882932,37.14294577999999,34.54183255999999,32.56963502000002,36.25255156999998,35.74497560000003,35.57578361000003,34.75716782000001,38.37001496000005,38.22133109000004,35.24594467999998,37.20447014000001
106.44182717296415,11.14854183356532,33.37628774000001,30.886260170000043,29.50708910000003,34.20173957000003,32.21074292000003,32.76788018000002,32.17314470000002,35.56723856000002,32.81915048000002,32.43291422000004,31.99540766000001
106.45889516336244,10.358024383540142,39.90470593999999,37.59583343000003,40.01066456000001,41.66498624000002,37.77527948,38.82802964000004,36.94470061999999,39.91666901000002,39.93546812,37.98036068000002,38.12220851000004
106.45889516336244,10.375990689222531,36.47301386000004,32.38164391999999,33.59162300000003,36.65416892000002,35.529640340000014,35.962019870000034,32.99688752000003,35.58091064000001,34.73665970000002,33.00714158000005,35.68345124000001
106.45889516336244,10.393956994904924,38.58535022000001,36.33971108000003,36.264514640000016,36.91052042000001,35.15707616,35.76035669000001,32.614069280000024,35.83726214000001,35.854352240000026,34.65120920000004,35.12460497000001
106.45889516336244,10.411923300587317,38.69130884000003,36.920774480000006,34.035965600000054,36.59777158999998,35.73813956000004,36.36705524000001,33.59504102000005,36.773799620000005,35.83042610000001,37.05236825000003,38.13588059
106.45889516336244,10.429889606269704,38.310199609999984,37.28308460000005,37.68641095999999,37.51038293000002,37.23865034000002,38.50673576,34.423910870000014,37.90858226,37.75135334000004,35.059662590000016,37.905164240000005
106.45889516336244,10.447855911952097,43.09542761000003,39.26895422000001,37.18738004,39.39883898000002,38.54091596000001,39.45523631000003,39.80216533999999,39.638100380000026,39.51846968000001,38.88271796000004,39.892742870000006
106.45889516336244,10.465822217634486,39.98161139000001,35.86802432000002,37.175416970000015,36.92761052000003,37.33093688000002,37.56336224000006,35.832135110000024,36.25426058000005,37.92567236000002,36.37730929999998,37.520636990000014
106.45889516336244,10.483788523316877,40.20890972000001,38.475973580000016,38.86562786000002,38.97842251999998,38.51698982000005,37.38049817000001,36.04917938,39.072418070000026,38.76650528000005,35.60654579000004,31.59208130000001
106.45889516336244,10.501754828999266,38.12904455,40.393482800000015,39.58341206,38.79043142,37.25574044000001,37.84193087000003,34.808438120000005,37.88123810000002,38.21278604,34.48714424000002,37.34289995000003
106.45889516336244,10.519721134681657,40.33879448000005,39.86368970000001,36.44225168000003,38.18544188000004,38.566551110000034,36.049179380000055,35.823590060000015,36.334584050000046,37.04040517999999,37.39246123999999,31.41947129000002
106.45889516336244,10.537687440364047,36.24400652000003,32.47051244000002,35.78086481,35.88169640000001,34.70589752000001,35.922712640000015,33.711253700000015,34.03767461000004,35.44077182000004,35.02035536000005,37.90858226000003
106.45889516336244,10.555653746046438,38.96304143,33.41901299,39.69620672000002,34.429037900000026,34.39314869000003,37.40442431000002,32.54229086000004,33.495918440000025,33.131899309999994,34.29231710000005,33.321599419999984
106.45889516336244,10.573620051728827,36.18077315000005,35.33310419,33.48224635999998,33.32501744000001,34.50423434000004,37.26428549000002,32.65166750000003,35.85093422,35.35361231000002,36.02867126000001,37.55310818000001
106.45889516336244,10.591586357411218,37.47107570000003,36.71569327999998,36.92077447999998,34.907560700000005,34.27009996999999,36.77550863000002,33.58820498000003,33.70099964000002,34.04280163999999,33.193423670000016,38.75966924
106.45889516336244,10.60955266309361,41.29071305000002,36.25084256000002,36.267932660000014,35.64072599000002,35.79966392000006,35.17245725000004,33.65485637000003,35.30405102000003,34.03425659000001,32.87212979,35.196383389999994
106.45889516336244,10.627518968776,37.82996780000002,36.17564612000001,37.50354689000002,36.05943344000002,37.706919080000034,37.18396202000002,31.2331892,37.37195312000006,34.53499651999999,34.50423434000004,33.08233802000001
106.45889516336244,10.64548527445839,42.480184010000016,38.31532664000002,36.657586940000016,40.69085054000004,37.49329283000003,36.71569327999998,34.59310285999999,37.11731063000002,36.14488394,32.904600980000055,35.187838339999985
106.45889516336244,10.66345158014078,41.80170704,39.02798381000002,31.875776960000053,39.54239582000002,40.23454487000001,37.681283930000006,35.828717090000026,38.21962208000002,39.68424365000004,33.029358710000025,43.36716020000006
106.45889516336244,10.681417885823173,42.748498580000046,43.40134039999998,38.60756735000001,43.71750725000001,44.31736976000002,40.044844760000046,41.43256088000004,43.495335950000026,44.80272860000002,44.19773906,45.37011992000004
106.45889516336244,10.699384191505562,39.538977800000026,35.42368171999999,31.993698650000027,38.62636645999999,36.428579600000006,33.78815915000001,31.46219654000004,33.11310020000002,33.96418718000001,35.577492620000044,35.447607860000005
106.45889516336244,10.717350497187953,37.61121452000003,36.04917938000003,35.88511442000004,38.93398826000001,36.30894890000002,35.95347482,32.44487729000002,34.94857694000004,35.24252666000001,34.319661260000004,36.62340674000001
106.45889516336244,10.735316802870342,37.254031430000026,36.091904630000045,36.35338316000002,37.18738004000002,34.87850753000004,34.545250580000015,35.158785170000016,35.69712332000006,35.32626815000003,35.19467438000004,34.67342633000001
106.45889516336244,10.753283108552733,37.34802697999999,38.182023860000015,38.359760900000026,37.99061474000001,37.09167548000005,38.89809905000004,34.46663612000003,35.772319760000016,35.12289596000005,35.538185389999995,34.40852977999998
106.45889516336244,10.771249414235124,41.0087264,40.12687724,37.09680251,39.34756868000002,37.80433264999999,40.84807946000001,38.065811180000026,37.69666502000001,38.325580700000046,38.68276379000002,43.39792238000001
106.45889516336244,10.789215719917513,36.29869484000005,33.63605726000003,34.189776499999994,34.79476604000001,33.85481054000002,33.78815915000004,31.674113780000027,34.10774402000004,32.88921989000002,31.58866327999999,33.547188740000024
106.45889516336244,10.807182025599904,38.66738270000002,33.22589486000004,33.35919764000005,33.16095247999999,33.38654180000003,35.06478962,34.856290400000006,34.12483412000006,33.477119329999994,30.956329579999988,34.709315540000006
106.45889516336244,10.825148331282294,39.443273240000025,39.27237223999998,38.298236540000005,38.58535022000001,38.95107836,38.49989972000003,38.70839894000005,42.00166121000001,39.607338200000015,34.97079407000004,39.98673842000005
106.45889516336244,10.843114636964684,37.89491018000001,39.46378136000001,38.2572203,37.26941252000006,38.02137692000002,37.50867392000001,36.68493110000003,39.41080205000003,38.45204744,36.41661653000003,37.38904322000002
106.45889516336244,10.861080942647074,38.52895289,39.460363340000015,36.24400652000003,39.82096445000002,36.62682475999998,36.96520874000001,36.16368305,37.44544055,36.81481586000001,29.435310680000043,37.86756602000003
106.45889516336244,10.879047248329464,41.09417689999998,35.953474820000025,38.13075356000002,35.87315135000003,35.758647680000024,37.35144500000001,34.68026237000001,39.05703698000002,34.49568929,27.357154520000023,38.67250973000003
106.45889516336244,10.897013554011856,36.558464360000016,34.69906148000001,34.760585839999976,36.49864901000001,34.51790642000003,33.14215337000002,34.52986949000004,35.08358873000003,34.14876026000002,33.78303212000003,35.92613066000001
106.45889516336244,10.914979859694249,36.96520874000001,36.99597091999999,33.971023220000006,39.24502808000005,35.88511442000004,37.39246123999999,34.95199495999998,37.92225434,37.43347748000002,30.872588090000026,37.81287770000006
106.45889516336244,10.932946165376636,43.33981604000002,45.64868855,41.96235397999999,43.78757666000001,45.18554684,43.56540536,44.18406698000001,44.01829301000001,44.24559134000003,40.86346055000001,42.129836960000034
106.45889516336244,10.950912471059029,35.42368171999999,34.36238651000002,37.34119094000002,39.27408125000002,37.80262363999998,34.38802166000005,36.24400652000003,37.641976700000015,35.02719140000002,28.471429040000032,36.09703166000003
106.45889516336244,10.968878776741418,35.854352240000026,34.31282522000004,31.37332802000003,34.68197138000005,34.63753712000005,33.52668061999998,34.220538680000004,34.70589752000004,33.73517984,32.29619342000004,32.834531570000024
106.45889516336244,10.986845082423809,35.668070150000005,33.560860820000016,35.49204212000001,37.81629572000003,35.430517760000015,35.54843945000002,34.75716782000001,35.396337560000006,33.728343800000005,34.299153140000044,35.49204212000001
106.45889516336244,11.004811388106198,38.67250973000003,34.839200300000016,35.608254800000054,39.39883898,36.02867126000001,36.14146592000003,35.53989440000001,36.93786458,37.49158382000002,31.95439141999998,37.16003588000001
106.45889516336244,11.022777693788589,41.14202918000001,37.84363988000001,37.13610974000005,40.75921094,38.07264722000002,38.54262497000002,37.412969360000034,39.52872374000003,39.192048770000014,35.01693734000003,38.086319300000014
106.45889516336244,11.04074399947098,39.93717713000004,35.034027440000045,34.104326000000015,38.23500317000003,36.49694,36.51061207999999,36.091904630000016,39.23819204000006,37.02673310000003,32.66533958000002,38.00599583000002
106.45889516336244,11.05871030515337,43.39792238000001,36.65416892000002,38.54091596000001,40.13371328000005,39.20913887000003,37.495001840000015,34.55208662000001,40.01066456000004,38.42983031,32.036423900000045,39.08609015000002
106.45889516336244,11.07667661083576,38.04872108000004,35.801372930000014,33.85481054000002,38.15467970000003,35.05282655000002,34.299153140000044,33.82917538999999,37.71717314,35.82529907000003,34.972503080000024,37.43347748000002
106.45889516336244,11.09464291651815,44.15672282,39.56290394000004,30.45217163000001,37.87782007999999,38.28114644000004,37.97523365000001,32.743954040000006,38.475973580000016,36.97546280000006,32.761044140000024,39.57144898999999
106.45889516336244,11.11260922220054,35.049408529999994,32.80206038,31.76127329000002,34.85287238000001,35.74839362,37.11218360000004,33.28741922000006,38.40419516000003,36.58239050000003,36.281604740000006,44.50194284000003
106.45889516336244,11.130575527882932,37.093384490000005,34.43245592000005,30.730740260000005,37.78895155999999,35.628762919999986,35.43735379999998,33.03277673000002,38.04188504000001,35.24252666000001,32.02958785999999,34.505943350000024
106.45889516336244,11.14854183356532,35.53305836000004,33.82746638000003,37.08483944,36.13633889000005,33.724925780000035,34.71615158000003,33.74714291000004,35.87827837999998,34.50423434000004,32.34062768000001,34.049637680000046
106.47686146904483,10.358024383540142,36.50719406000002,36.67638605000002,33.76936004000004,35.461279940000026,35.382665480000014,35.43393578000001,33.560860820000016,35.927839670000026,37.29333866000002,34.04280163999999,34.78793000000002
106.47686146904483,10.375990689222531,38.78359538000001,37.36682609000002,38.80923053000001,40.55754775999998,35.529640340000014,36.784053680000056,34.23762878000002,39.335605610000016,36.54650129000001,35.58432866000001,34.200030560000016
106.47686146904483,10.393956994904924,39.487707500000056,36.43541564000003,36.488394950000014,37.689828980000016,37.16174489000002,36.64904189000004,33.589913990000014,36.79943477000003,35.72788550000001,35.416845679999994,37.706919080000034
106.47686146904483,10.411923300587317,40.99505432000001,36.80285279000003,39.318515510000026,39.78336623000001,37.1292737,40.67546945000004,34.38289463000001,38.28114644000004,38.38710506000004,37.99403276000001,41.482122170000025
106.47686146904483,10.429889606269704,37.7616074,37.365117080000005,35.16391220000003,42.11616488000004,36.27135068000001,36.88659428000005,34.986175160000016,37.607796500000006,37.74793532000001,35.91074957000001,35.33652221
106.47686146904483,10.447855911952097,40.936947980000014,38.04530306000004,37.542854120000015,37.05407725999999,35.78599184000001,36.26109661999999,36.25767860000002,38.79043142,38.346088820000034,35.41513667000004,33.31989041000003
106.47686146904483,10.465822217634486,39.90470593999999,34.94686793,38.475973580000016,38.899808060000026,37.35144500000001,37.23352331000004,37.13952776000002,36.98913488,38.37685099999999,35.46811598000002,38.58535022000004
106.47686146904483,10.483788523316877,42.17085320000001,39.48428948,36.94470061999999,36.72765635000002,37.60437848000004,38.11024544000003,35.11264190000003,37.0267331,37.53601808000002,35.84409818,32.83282256000001
106.47686146904483,10.501754828999266,39.89103385999999,40.56951083000001,38.97500450000001,37.370244110000016,38.55800606,36.28844078000003,36.26280563,35.49716915000002,37.7616074,35.97398294000004,36.81823387999998
106.47686146904483,10.519721134681657,34.00178540000002,32.49272957000002,37.166871920000006,34.10774402000001,32.904600980000055,32.56963502000002,34.26839096000003,35.970564920000015,34.16243234000001,34.39485770000002,37.72400918000005
106.47686146904483,10.537687440364047,41.51972039000003,35.922712639999986,39.386875910000015,36.346547120000025,35.43735379999998,40.34221250000002,37.08483944,36.42516158000001,37.24377737,38.04017603,39.08779916000003
106.47686146904483,10.555653746046438,38.76479627000003,38.52382585999999,38.385396050000026,38.20765901000004,36.79088972,37.74793532000001,35.481788059999985,36.63878783000001,38.34608881999998,36.061142450000034,38.90322608000002
106.47686146904483,10.591586357411218,42.44771281999999,37.38220718000002,37.30701074000001,33.68049152000003,32.24834113999998,33.639475280000056,33.21564080000002,34.463218100000006,33.897535790000035,33.02594069000003,42.91427255000002
106.47686146904483,10.60955266309361,46.69460267,42.34688123000001,43.11764474000003,40.35588458000001,40.195237640000016,38.78017736000004,36.61998872000004,39.63980939000004,41.04803363000002,36.32774801000005,38.95791440000005
106.47686146904483,10.627518968776,42.104201810000006,45.02489990000004,43.456028720000006,42.71773640000004,42.98434196000005,42.15376309999999,41.47528613000003,45.62988944000003,42.70748234000001,39.67569860000003,42.143509040000026
106.47686146904483,10.64548527445839,40.90618580000003,39.65177246000002,37.12585568000003,38.96987747,39.378330860000005,38.49989972000003,38.617821410000005,40.09440605000003,40.15593041000005,38.09315534000001,42.59810570000002
106.47686146904483,10.66345158014078,39.564612950000026,38.05213909999998,36.731074370000016,36.61657070000001,40.77971906000005,36.45250573999999,32.294484410000024,36.38756336000003,35.26303478,32.687556710000024,37.01647904000001
106.47686146904483,10.681417885823173,33.02594069000003,32.14238252000001,31.240025240000023,32.26201322000003,30.68459698999999,30.8401169,32.113329350000015,35.42880875,33.30792733999999,33.46344725,35.19467438000004
106.47686146904483,10.699384191505562,38.71352597000004,37.47107570000003,38.182023860000015,35.87827838000004,36.73961942000005,35.84068016000003,33.98640431000004,35.43735379999998,36.592644560000025,31.923629240000025,32.579889080000044
106.47686146904483,10.717350497187953,37.78211552000005,36.462759800000015,37.18396202000002,36.28502276000003,35.99449106000003,35.35703033000004,34.62044702000003,36.78576269000001,35.54331242000001,35.36557538,34.497398299999986
106.47686146904483,10.735316802870342,37.11901964000003,38.48622764000004,35.84751620000003,36.79259873000001,36.70373021,37.248904400000015,37.067749340000034,40.09611506000002,37.353154010000026,33.70441765999999,38.79043142
106.47686146904483,10.753283108552733,37.00964299999998,33.53351666000003,35.79453689000002,36.87975824,34.955412980000006,34.63411910000002,32.52178274000002,35.34164923999998,35.4031736,34.917814760000056,36.62682475999998
106.47686146904483,10.843114636964684,41.9486819,38.68447280000001,37.61121452000003,39.17324966000001,40.34733953,36.91052042000001,38.19227792000004,42.09223874000003,38.959623410000034,34.84261832000004,40.03459070000002
106.47686146904483,10.861080942647074,38.47255555999999,36.68834912000003,37.08825746000002,37.197634100000016,35.444189840000035,36.56188238000004,35.20663745000002,37.891492159999984,33.786450140000056,33.400213880000024,35.89536848000003
106.47686146904483,10.879047248329464,39.32706056000001,36.025253239999984,38.298236540000005,36.87634022000003,36.84045101000004,35.297214980000035,37.00964299999998,41.92133774000001,39.046782920000055,32.62090532000002,38.739161120000006
106.47686146904483,10.897013554011856,46.10157620000001,44.51048789000001,43.60983962,46.53224671999999,43.57224140000005,42.74849858000002,43.13815285999999,44.90185118,43.29879979999998,42.89205542000002,44.23533728000001
106.47686146904483,10.914979859694249,36.65416892000002,34.656336229999994,35.67319717999999,36.165392060000045,33.88557272,38.56484210000002,41.41888879999999,35.96372888000002,34.74520475,30.450462620000053,36.929319530000015
106.47686146904483,10.932946165376636,35.43393578000001,35.529640340000014,36.25084256000002,37.248904400000015,35.327977160000046,33.45490219999999,34.99642922000001,37.590706400000045,34.90414268000001,30.69143303000004,37.98719672000004
106.47686146904483,10.968878776741418,35.845807190000016,34.12996115000004,36.01670819000003,37.447149560000014,36.55162831999999,34.347005420000016,35.62192687999999,35.211764480000056,34.65633623000002,32.68584770000001,33.50275448000002
106.47686146904483,10.986845082423809,39.68253464000003,33.49420943000004,34.350423439999986,38.60585834000005,37.77015245000001,35.64243499999998,36.12437582000004,38.24013020000001,36.08165057000002,34.24446482000002,34.96566704000003
106.47686146904483,11.004811388106198,35.037445460000015,33.27374714000001,36.44225168,39.819255440000006,38.199113960000034,37.14636380000002,35.382665480000014,39.85001762000002,38.49477269000002,35.12631398000002,35.88169640000001
106.47686146904483,11.022777693788589,37.18908905000004,34.04280164000002,32.58672512000004,34.43587394000002,34.41365681000002,34.35384146000001,33.577950920000035,36.08335957999998,32.458549370000014,29.13965195000003,33.68049152000003
106.47686146904483,11.07667661083576,40.72844875999999,36.79772576000005,34.989593179999986,39.57999404000003,37.75648037000002,36.21666236000004,35.82017204000002,40.31828636,37.49500183999999,33.38825080999999,37.344608960000016
106.47686146904483,11.09464291651815,44.63182760000004,35.45102588000003,30.03859121,40.83269837000003,36.68493110000003,37.89149216000001,36.56017337000003,41.72651059999998,37.30701074000001,38.22133109000001,40.86858758000005
106.47686146904483,11.11260922220054,38.59389527000002,37.37878916,32.13212846000002,38.39052307999998,36.753291500000046,36.06968749999999,33.362615660000046,38.56826011999999,37.853893940000034,32.89776494,37.75989839000002
106.47686146904483,11.130575527882932,41.283877010000026,38.182023860000015,33.10113713000001,38.33583476000001,36.13292087000002,36.30553088000002,33.44464814000003,38.95620539000001,37.13098271000001,32.774716220000016,36.04917938
106.47686146904483,11.14854183356532,35.01351932,33.71808973999998,32.260304210000015,37.62830462,34.75716782000001,34.43587394000002,33.88044568999999,36.51744812000004,33.67023746000001,32.29790243000002,33.388250810000045
106.47775978432897,10.573620051728827,34.027420550000045,34.576012760000026,36.33629306,35.45102588000003,34.54866860000004,36.44225168000003,32.62945037000003,35.184420320000015,34.972503080000024,36.05601542000005,35.534767370000026
106.47775978432897,10.771249414235124,37.26599450000003,41.32831127,42.09223874000003,40.81731728,41.451359990000014,38.156388710000016,38.14442564000001,39.27749927000002,38.92886123,40.67376044000002,39.77823920000003
106.47775978432897,10.789215719917513,43.78757666000001,39.28604432000003,39.68253464,40.97796421999999,41.61371593999999,39.60050216000002,37.04382320000002,40.608818059999976,41.47870415,41.02239847999999,45.77686430000003
106.47775978432897,10.807182025599904,41.07879581,34.955412980000034,35.72104946000002,39.132233420000034,39.32876956999999,38.83144766000004,36.88659428000005,38.43495733999998,38.08973732000004,34.545250580000015,37.00622498000001
106.47775978432897,10.825148331282294,40.195237640000016,36.22862543,35.90904056000002,38.02308593000004,37.35486302000004,35.89536848,35.16733022000005,39.12539737999998,37.75648036999999,33.99153134000005,37.09851151999999
106.47775978432897,10.950912471059029,38.94766034000003,34.514488400000005,35.29379696000004,37.42322342,36.025253239999984,35.309178050000014,34.45980008000004,35.676615200000015,35.07504368000002,33.53351666000003,33.37970575999998
106.47775978432897,11.04074399947098,38.74257914000003,36.88317626000003,33.11651821999999,36.9241925,34.53157850000002,35.845807190000016,34.85799941000002,38.769923300000016,34.189776499999994,31.59037229000004,35.31772310000002
106.47775978432897,11.05871030515337,41.304385130000014,33.844556479999994,32.856748700000026,35.63559896000004,37.00280696000004,35.12289596000005,33.824048360000006,38.97158648000004,36.53795624000003,33.37628774000001,39.02627480000001
106.4948277747272,10.861080942647074,40.93352995999999,38.51015378,41.097594920000006,39.79532930000002,38.95620539000004,38.821193600000015,39.23819204000006,39.88077980000003,39.56461295,39.19546679000004,41.03948858000001
106.49572609001132,10.358024383540142,36.77721764,33.99494936000002,34.80160208000001,36.84557804000002,35.30746904,35.003265260000035,33.21222277999999,37.51550996000003,36.467886830000026,35.05282655000002,34.28548106000005
106.49572609001132,10.375990689222531,38.24867525000002,38.64345656,36.21153533000003,35.249362700000006,34.825528220000024,34.90072466000004,34.0872359,36.2918588,35.91587660000005,35.11264190000003,33.629221220000034
106.49572609001132,10.393956994904924,40.16960249000002,39.48428948000003,37.66590284,39.55264987999999,37.28992063999999,37.590706400000045,34.67855336000002,38.46913754000002,39.53555978000003,38.31874465999999,34.13337917000001
106.49572609001132,10.411923300587317,41.65131416000003,37.741099280000014,39.16470461,42.66304808000001,36.80627081000003,38.082901280000016,37.70521007000002,37.68641095999999,36.606316640000045,37.20788816000004,37.08825746000002
106.49572609001132,10.429889606269704,41.74360070000003,37.92567236000002,37.79407859,37.86756602000003,36.47472287000005,36.666131990000025,38.22816713000003,38.00770484000003,36.018417200000044,34.44100097000003,32.16972668000005
106.49572609001132,10.447855911952097,37.19934311000003,35.86802432000002,36.30894890000002,38.42812130000004,35.49204212000004,36.76354556000001,37.0780034,36.65075090000002,35.66294312000002,33.762523999999985,33.72150776000001
106.49572609001132,10.465822217634486,37.520636990000014,33.34210754,36.001327100000026,34.692225440000016,34.955412980000034,36.46959584000001,32.17314470000002,35.71250441000001,35.74668461000002,34.69564346000004,33.94367906000002
106.49572609001132,10.483788523316877,35.19467438000001,34.81527416000006,36.94811864000002,36.60631664000002,35.38608350000004,34.75716782000001,35.70054134000003,34.31282522000004,34.743495740000014,34.049637680000046,30.81106373
106.49572609001132,10.501754828999266,37.452276590000025,32.34404570000004,36.56871841999998,36.514030100000014,35.560402520000025,35.13485903000003,32.91485504000002,34.67513534,35.509132220000026,34.61702900000003,34.14534224000005
106.49572609001132,10.519721134681657,35.30746904,37.41638738,38.68105478000001,36.61315267999999,36.27818672000001,36.70885723999999,34.52474246000003,35.27670685999999,35.44931687000002,34.16243234000001,33.58136894000006
106.49572609001132,10.537687440364047,39.49283453000001,37.92567236000002,38.96304143,34.49056226000005,35.32114112000005,39.46378136000001,36.94470062000005,36.22691642000001,36.42687058999999,36.661004960000014,36.79430774000002
106.49572609001132,10.555653746046438,41.08734086000001,37.90858226,40.43108102000002,38.099991380000006,37.82654978000005,42.375934400000006,38.37343298000002,38.67763676000004,38.34950684000003,37.93934444000001,41.51801138000002
106.49572609001132,10.573620051728827,45.684577760000025,38.622948440000016,38.34950684,36.821651900000006,36.03379829000002,37.758189379999976,33.32159942000001,35.42709974000002,35.55869351000001,32.76446216000002,34.463218100000006
106.49572609001132,10.591586357411218,40.738702820000015,40.00724653999998,43.732888340000045,39.58683008000003,40.83098935999999,41.408634740000025,37.87440206000002,39.386875910000015,41.76410882000005,37.84363988000001,43.42868456000002
106.49572609001132,10.60955266309361,42.62886788000003,37.37878916,30.787137589999983,36.54137426,36.26109662000002,37.9666886,33.52326260000001,34.59993890000004,36.67638605000002,36.32262098000001,34.376058590000014
106.49572609001132,10.627518968776,43.13473484000002,41.65473218,41.64789614000006,39.456945320000045,39.72013286000004,39.39883898000005,36.80627081000003,40.63787123,39.23477402,37.158326870000025,34.29744413
106.49572609001132,10.64548527445839,42.338336180000056,39.54581384000005,38.031630980000045,38.20253198,39.99699248000002,37.51892798000003,35.66465213000001,39.83805455000004,37.80433265000005,34.536705530000035,43.4184305
106.49572609001132,10.66345158014078,40.9061858,36.03892532000003,35.26987082000005,36.38414534000003,33.880445690000016,35.20492844,34.70418851000002,35.87827837999998,40.25505299,32.14921856000001,37.12243766000006
106.49572609001132,10.681417885823173,36.81823387999998,35.897077490000044,33.66511043000003,32.385061940000014,34.856290400000034,35.58774668000001,31.97148152,38.53066190000004,35.60483678000003,32.817441470000006,31.441688420000048
106.49572609001132,10.699384191505562,38.20595000000003,35.85093422,38.67763676000004,37.13952776000002,34.661463260000005,33.48395536999999,34.23250175000004,36.81481586000001,36.44054267000004,32.908019000000024,36.61998872000004
106.49572609001132,10.717350497187953,38.89297202000003,36.558464360000016,37.18396202000002,38.062393160000056,34.135088180000025,34.41878384000003,35.25619874000006,37.10534756000004,36.63024278,33.85481054000002,33.119936240000015
106.49572609001132,10.735316802870342,33.43439408000006,32.52690977,33.37457873,34.88363456000002,34.78793000000002,35.490333109999995,35.94663878000006,35.66977916000002,35.93296670000001,35.41000964,36.13292087000002
106.49572609001132,10.753283108552733,35.84409818000006,34.94857694000001,35.741557580000006,38.18885990000001,38.04188504000001,33.38995982000006,33.702708650000034,34.73665970000002,34.62557405000001,36.58922654000003,35.10580586000003
106.49572609001132,10.771249414235124,38.34267080000001,38.674218740000015,37.25915845999998,38.14442564000001,39.09976223000004,38.85024677000001,34.78451198000005,38.83999270999999,37.53260006000005,37.28992063999999,36.20640830000002
106.49572609001132,10.789215719917513,40.83611639000003,42.06831260000001,40.54387568000001,43.74997844000001,42.55538045,43.82004785000001,39.70816979,43.83542894000004,42.05464052000002,41.01898046000002,41.86664942000005
106.49572609001132,10.807182025599904,40.30290527000005,37.20105211999999,39.00234866000005,38.34267080000001,39.15957758000002,40.06535287999998,37.047241220000046,41.71283852000002,40.50627746000001,36.72252932000004,39.79532930000005
106.49572609001132,10.825148331282294,40.58489192000002,32.36626283000001,31.24686128000002,36.74987348000002,39.54923186000002,39.32876957000002,36.67296803000002,42.46138489999999,38.475973580000016,33.27374714000001,39.61075621999999
106.49572609001132,10.843114636964684,39.81583742000004,36.10044968,36.10044968,36.05430641000001,37.61463254000003,37.99403275999998,35.29721498000001,39.62442829999998,36.56871841999998,28.447502900000018,37.09851152000002
106.49572609001132,10.879047248329464,40.687432520000016,38.42128525999999,40.0687709,39.73038692,38.37685099999999,36.47643188000001,39.14419649000004,41.408634740000025,40.755792919999976,32.217578960000026,38.79726746000006
106.49572609001132,10.897013554011856,40.68059648000002,32.648249480000004,36.9754628,36.199572260000025,36.59264456000005,32.865293750000035,33.87019163000002,37.48132976,35.84409818000006,31.841596760000016,36.19273622000003
106.49572609001132,10.914979859694249,40.97454620000002,41.12493908000005,38.937406280000005,41.68207634000004,41.171082350000006,41.91108368000005,41.56244564000002,42.087111710000016,41.63764207999998,34.70760653000002,42.980923940000025
106.49572609001132,10.932946165376636,36.903684380000016,34.42732889000001,32.57305303999999,36.12437582000001,35.888532440000006,33.318181400000014,34.59139385,35.98936402999999,34.16414135000002,31.284459500000025,32.00224370000001
106.49572609001132,10.950912471059029,38.838283700000034,37.915418300000056,38.32387169000003,38.7015629,38.93398825999998,37.09167548000005,38.41444922000005,38.79555845000005,38.246966240000006,36.985716860000025,39.19888481000001
106.49572609001132,10.968878776741418,48.70610744000004,45.71192192000001,45.81788054000003,47.37991568000001,48.029339479999976,47.26028498000005,48.21391256000001,49.157286080000006,46.14771947000003,46.504902560000005,48.52837040000003
106.49572609001132,10.986845082423809,41.49408524,38.16835178000002,40.44133508000005,41.801707040000025,39.30655244000002,38.76137825000001,38.959623410000034,40.59856400000001,38.66396468000005,36.57555446000004,41.083922840000014
106.49572609001132,11.004811388106198,37.94276246000004,35.71763143999999,35.82529907000003,39.016020740000044,35.560402520000025,34.49056226000002,35.60483678000003,39.07583609000002,37.318973810000045,31.87748597000001,38.95278737000001
106.49572609001132,11.022777693788589,34.66317227000002,32.121874400000024,31.42801634,38.30678159000004,36.42174355999998,34.55208662000001,34.01545748000001,38.42128525999999,34.986175160000016,31.55106506000004,33.05157584
106.49572609001132,11.04074399947098,39.2484461,36.50035802000002,39.460363340000015,38.91689816000002,34.88363456000002,34.44783701,33.91975292000001,36.56530040000004,33.174624559999984,31.11697651999998,35.322850130000006
106.49572609001132,11.05871030515337,41.01727145000001,36.01499918000002,33.05670287000004,37.95130751000002,37.54627214000004,35.63218094000001,33.91291688000001,38.84170172000006,36.02867126000001,34.722987620000026,35.187838339999985
106.49572609001132,11.07667661083576,40.82757134000002,35.55356648000003,32.808896420000025,39.65519047999999,37.15661785999998,35.650980050000044,32.96783435000003,38.82461162000004,36.68493110000003,32.74053602000004,38.48964566000001
106.49572609001132,11.09464291651815,36.78063566000003,33.80695825999999,34.03254758000003,38.838283700000034,39.33731462000003,36.32774800999999,35.05795358,37.29846569000003,34.54866860000004,32.376516890000005,34.54183255999999
106.49572609001132,11.11260922220054,37.14978182000005,34.65120920000004,35.37924745999999,38.95107836,36.567009410000026,36.07994156000001,34.26668195000002,38.84170172000006,36.15342899000004,34.79818406000004,36.43883366
106.49572609001132,11.130575527882932,37.624886600000025,35.43393578000001,31.357946930000026,38.01283187000004,36.07310552000001,35.29037893999998,31.90312112000004,36.60289862000002,35.79966392000006,34.316243240000006,35.09213378000004
106.49572609001132,11.14854183356532,40.72844875999999,37.66590284,35.30405102000003,40.42082696,37.64026769000003,36.558464360000016,34.08039986000006,39.68595266000003,36.59264456,33.53693468000006,36.95666369
106.5127940804096,10.358024383540142,39.07070906000001,37.84022186000004,37.55823521000002,36.97888082,36.502067030000006,37.452276590000025,34.50081632000001,38.72207102000005,38.29481852000004,35.93638471999998,36.83703299000001
106.5127940804096,10.375990689222531,38.55117002000003,37.23352331000001,36.76696358000004,37.047241220000046,34.610192960000006,35.77061075000003,33.14386238000003,36.16368305,36.47984989999998,34.62044702000003,34.234210760000025
106.5127940804096,10.393956994904924,39.48428948000003,35.88169640000001,39.43301918,38.12733554000002,35.45102588000003,36.55504634000002,32.91998207000003,37.953016520000006,36.29869484000002,37.47107570000003,38.28969149
106.5127940804096,10.411923300587317,42.38618846,37.98719671999999,38.92715222000004,36.389272370000015,35.80308194000003,38.02821296000002,36.07994156000001,36.00474512000005,37.26599450000003,36.606316640000045,36.10899473000004
106.5127940804096,10.429889606269704,40.66692440000003,38.77163231000003,38.86562786000002,38.11537247000004,37.34973599000003,37.35144500000001,37.01306102000001,37.26257648000001,37.03015112,35.52280430000002,37.18396202
106.5127940804096,10.447855911952097,39.041655890000015,37.17712598000003,37.77869750000002,36.88659428000005,37.34973599000003,37.57019828,35.05282655000002,38.36659694000002,36.09019562000003,34.76229485000002,32.995178510000045
106.5127940804096,10.465822217634486,36.24400652000003,35.03231843000003,35.57065657999999,36.07994156000001,33.44123012,36.10557671000001,34.69564346000004,35.478370040000016,34.44270998000002,33.94367906000002,30.33595895000002
106.5127940804096,10.483788523316877,32.64141344000001,30.730740260000005,31.59720833,32.477348480000046,30.619654610000023,32.795224340000004,31.26395137999998,29.80445684000003,30.18556607000002,29.669445050000007,26.40352694000001
106.5127940804096,10.501754828999266,41.21893462999998,34.350423439999986,37.54456313000003,34.36409551999998,37.71888215000001,37.74793532000001,33.74372489000004,35.93638471999998,35.30746904000003,34.52986949000001,36.72936536000003
106.5127940804096,10.519721134681657,31.725384080000023,32.74908107000002,36.55162832000002,33.62580320000001,34.21541165000002,36.27135068000001,35.35532132000003,33.82233935000005,33.16437050000002,31.25711534000004,33.25494803000001
106.5127940804096,10.537687440364047,38.29140050000001,33.90266282000002,36.756709520000015,34.53499652000005,34.23079274000003,35.96372888000002,33.724925780000035,35.07846170000002,33.57453290000004,34.0872359,34.84261832000004
106.5127940804096,10.555653746046438,37.50867392000001,36.88317626000003,36.43541564000003,36.76012753999999,34.78109396000002,36.56530040000001,34.06672778000001,35.91245858000002,36.264514640000016,34.367513540000004,38.2572203
106.5127940804096,10.573620051728827,46.51002958999999,49.943430680000006,47.44827608,46.65529544000003,46.95266318000006,44.38573015999998,45.85547875999998,46.75783604000003,45.36841091000002,46.27931324000002,48.84282824000002
106.5127940804096,10.60955266309361,41.77265387000003,37.88294711000003,39.20401184000002,34.584557810000035,34.777675939999995,36.78063566000003,33.866773610000024,38.85708281000001,36.74474645000001,35.83042610000001,39.26040917
106.5127940804096,10.64548527445839,44.881343060000006,38.03846701999999,37.32068282,37.08483944,37.78895155999999,38.53578893000002,37.23523232000002,38.10511841000002,37.25232242000004,34.07698184000003,36.37389128000001
106.5127940804096,10.66345158014078,37.49500183999999,38.67763676000004,36.31065791000003,37.91200028000003,38.679345770000026,38.78701339999998,36.01158115999999,41.05657868000003,37.83851285000003,32.32353757999999,40.090988030000034
106.5127940804096,10.681417885823173,37.60608749000002,36.196154240000055,37.853893940000034,36.77209061000002,35.56382054000005,35.38608350000004,33.78303212000003,37.18738004,37.248904400000015,32.67559363999999,34.90414268000001
106.5127940804096,10.699384191505562,38.75966924000002,36.09703166000003,37.37195312,36.80968883000003,34.96737605000001,32.24834113999998,35.006683280000004,36.98229884,35.47153400000002,33.37286972000004,32.398734020000006
106.5127940804096,10.717350497187953,37.87440206000002,36.67125901999998,33.832593410000015,37.21130618000001,34.446128000000044,33.67023746000001,35.37753845,36.980589830000014,35.61509084000002,34.77938495000001,36.22520741
106.5127940804096,10.735316802870342,38.74257914,35.64927104,36.27305969,37.28650262000002,36.84899605999999,36.411489500000016,35.845807190000016,37.659066800000005,36.30040385000001,33.49933646000002,33.249821
106.5127940804096,10.771249414235124,31.47586862000003,31.46219654000004,31.95097340000001,33.05670287000001,31.827924680000024,31.43827040000002,30.414573410000003,32.45684036,31.18020989000001,30.55129421000001,31.797162500000013
106.5127940804096,10.789215719917513,39.99357445999999,40.01066456000001,40.017500600000005,40.11149615000002,40.11320516000001,40.66350638000006,37.953016520000006,40.64812529000005,39.166413620000014,39.57315800000004,41.23431572000004
106.5127940804096,10.807182025599904,36.95837270000004,33.1472804,34.28889908000002,35.70054134000003,35.47153400000002,36.41319851000003,31.89286706000001,35.92100363,34.17097739000002,31.250279300000017,33.73517984
106.5127940804096,10.825148331282294,33.22589486000004,36.87634022000003,35.35361231000002,36.79772576000005,34.21712065999998,35.35873934000006,36.36021920000002,41.66498624000002,37.84022186000004,36.10728572000005,39.4877075
106.5127940804096,10.843114636964684,34.06843678999999,33.62751221000002,34.505943349999995,34.740077720000016,31.933883300000048,32.53545482000004,33.456611210000005,41.56586366000002,40.085861,37.559944220000034,40.79680916000004
106.5127940804096,10.861080942647074,40.08586100000002,36.42516158000001,36.001327100000026,29.70191624000006,37.48303877000001,36.79601675000001,34.989593180000014,37.78211552000005,36.06626948000002,32.84478563000002,36.56017337
106.5127940804096,10.879047248329464,38.518698830000005,38.16493376000005,35.93296670000001,38.92373420000001,35.88169640000001,32.791806320000035,37.24206836000002,38.46913754000002,38.35634288,34.54183255999999,37.77698849000004
106.5127940804096,10.897013554011856,37.64881274000004,34.30940720000001,33.76936004000004,36.15684701000001,37.54627214000001,37.89149216000004,33.253239020000024,36.59435357000001,36.09019562000003,30.10695161000001,33.89240876000002
106.5127940804096,10.914979859694249,33.815503310000025,33.76936004000004,34.237628779999994,35.28354290000004,32.69951978,32.07744014000002,34.79305703,33.47541032000004,33.65827439,28.87133738,39.32022452000001
106.5127940804096,10.932946165376636,34.22737472,28.15013515999999,34.37093156,36.01158116000002,34.38460364000002,33.43781210000003,34.84603634000001,34.32307928,34.38460364000002,30.395774300000028,32.562798980000025
106.5127940804096,10.950912471059029,41.04632462000001,34.08039986000006,39.76627613000002,40.3763927,40.49944142000004,39.723550880000005,39.09463520000003,40.45500716000004,40.00041050000005,39.00918470000002,40.56096578000006
106.5127940804096,10.968878776741418,40.63616222000002,37.10534756000004,37.67615690000002,39.672280580000006,40.35759359000002,38.178605840000046,37.91200028000003,39.802165340000016,39.022856779999984,35.577492620000044,39.098053220000025
106.5127940804096,10.986845082423809,37.36169905999998,33.759105980000015,34.302571160000014,35.06137160000003,38.55458804,37.64710373,35.83042610000001,36.09874067000001,34.47347216000003,32.480766500000016,34.05989174000001
106.5127940804096,11.004811388106198,38.92373420000001,34.47518117000004,32.14580053999998,38.73232508000004,36.13121186000001,35.088715760000014,35.58091064000001,38.233294160000014,37.50867392000004,33.759105980000015,36.09019562000003
106.5127940804096,11.022777693788589,34.189776499999994,31.617716450000017,33.35065259000004,35.871442340000044,33.42072200000001,32.13212845999999,33.150698420000026,35.486915090000025,34.12825214,31.381873069999983,33.98127728000003
106.5127940804096,11.04074399947098,34.917814760000056,32.969543360000046,32.87042078000002,33.68732756000003,34.05989174000001,33.43610309000002,33.01910465,35.26987082000002,33.49250042,30.862334030000028,41.39838068
106.5127940804096,11.05871030515337,46.116957290000016,34.27180898000006,35.36044835000001,39.80216533999999,41.75556377000001,35.06991665000004,33.85822856000004,40.61565410000003,41.36761850000005,38.58022319000003,39.58683008
106.5127940804096,11.07667661083576,40.88225965999999,36.052597400000025,34.38460364000002,38.20765901000004,37.7616074,38.36317892,35.46811597999999,40.65325231999998,38.72207102000005,34.76742188000003,36.637078820000056
106.5127940804096,11.09464291651815,39.36294977,36.804561800000016,33.60529508000002,37.421514410000015,35.744975600000004,36.731074370000016,36.42174355999998,38.43495734000001,37.64539472000001,36.71227526000001,36.13633888999999
106.5127940804096,11.11260922220054,35.30405102000003,34.09748996000002,34.04109263000004,34.76742188000003,34.053055700000016,33.76594202000001,33.43610309000002,36.76012753999999,34.35042344000004,33.465156260000015,35.39291954000001
106.5127940804096,11.130575527882932,32.02275182000005,31.797162500000013,30.35817608000002,33.09601010000006,30.85037096000002,31.27078742000004,30.187275080000006,31.352819899999982,30.61452758000001,30.347922020000027,33.762523999999985
106.51369239569372,10.591586357411218,38.01624989000004,36.38756336000006,37.80262363999998,36.63707882000003,35.645853020000004,36.54137426,35.57578361000003,37.10876558000001,37.38049817000001,36.15513800000002,36.80456179999999
106.51369239569372,10.627518968776,42.15376309999999,41.57269970000005,44.82323672000001,40.51653152000006,44.03367410000004,39.21768392000001,39.34244165000001,44.02000201999999,42.333209150000016,42.497274110000006,43.92087944000002
106.51369239569372,10.753283108552733,35.762065699999994,32.848203650000016,31.11697652000004,32.01420676999999,32.97637940000004,32.90118296000003,31.732220120000022,32.757626120000054,31.09988642000002,32.67559363999999,32.10307529000002
106.51369239569372,11.14854183356532,34.70589752000001,32.044968950000026,30.37526618000004,34.79134801999999,32.87042078000002,32.69610176000003,29.86085417000004,34.16585036000004,32.58330710000001,30.170184979999988,33.51471755000003
106.53165870137612,10.358024383540142,37.76502542000003,40.337085470000034,37.03698716000002,35.28354290000004,35.521095290000034,36.50719406000002,34.056473720000014,38.13075356000002,37.80945968000003,35.70395936,40.07902496
106.53165870137612,10.375990689222531,36.807979820000014,36.44225168,33.32501744000001,33.9846953,33.413885960000016,34.57943078000005,30.96658364000001,36.01158116000005,34.78793000000002,34.93319585000003,36.11412176000002
106.53165870137612,10.393956994904924,39.40054799000004,37.71375512000003,37.01647904000004,33.150698420000026,34.389730670000006,36.77721764,34.40511176000001,36.15513800000002,36.30553087999999,36.11412175999999,33.58478696
106.53165870137612,10.411923300587317,39.485998490000014,35.05795358,37.486456790000034,36.903684380000016,36.69689417000001,38.36146990999998,35.27328884000002,36.044052350000015,37.02502408999999,35.25619874000006,36.756709520000015
106.53165870137612,10.429889606269704,37.42322342,34.64437315999999,33.742015880000054,35.45786192000003,33.91633490000004,35.763774710000035,34.94515892000004,34.24446482000002,34.39143968000002,34.23762878000002,34.14192422000002
106.53165870137612,10.447855911952097,39.94059515000001,34.3777676,39.39883898000005,38.32387169000003,36.44908772,37.512091940000005,36.40465346000002,38.16835178000002,38.00770484000003,34.627283060000025,37.983778700000016
106.53165870137612,10.465822217634486,40.27556111000001,38.04530306000004,38.60756735000001,38.20082297000002,39.65177246000002,39.37491283999998,35.09213378000004,39.32876956999999,39.65177246000002,36.09019562000003,38.64516557000002
106.53165870137612,10.483788523316877,42.11445587000003,37.07800340000006,37.34802697999999,36.683222090000015,36.493521980000025,40.12004120000006,36.46105079000003,37.83167681000003,36.69689417000004,35.184420320000015,33.30792734000002
106.53165870137612,10.501754828999266,35.35532132000003,37.81629572000003,36.44225168000003,34.599938899999984,37.52918204000002,36.57897248,33.97444124000003,34.49227127000003,31.920211220000056,32.48589353,35.59800074000003
106.53165870137612,10.519721134681657,38.64516557000002,27.88694762,36.37047326000004,32.91143702000002,32.743954040000006,34.17268640000003,33.87873668000003,33.17804258000004,33.31134536000002,33.22589486000004,33.75739697
106.53165870137612,10.537687440364047,40.17472952000003,36.196154240000055,35.92954867999998,34.25642789,34.02571154000003,36.021835220000014,33.15924346999998,34.23079274000003,33.13873535000002,33.639475280000056,36.22349840000004
106.53165870137612,10.555653746046438,43.25094752000001,38.484518630000025,39.564612950000026,35.30405102000003,35.16562121000001,34.338460370000035,35.58432865999998,37.23865033999999,42.10591082000002,41.44794197000002,46.92190100000005
106.53165870137612,10.573620051728827,47.54398064,35.48862410000004,37.44031352000002,35.82017203999999,36.34312910000003,36.77550862999999,32.69268374000001,41.442814940000005,36.87975824000003,34.774257920000025,39.95597624000001
106.53165870137612,10.591586357411218,39.650063450000005,36.04234334000003,36.53453822000006,35.73813956000004,36.29356781000001,37.08825746000002,35.72788550000001,36.76867259000005,38.22645812000002,33.65656538000002,40.75921094
106.53165870137612,10.60955266309361,36.59264456000005,36.37730929999998,36.63024278,35.12118695000004,34.59139385000003,37.38562520000002,32.66192156,35.28354290000004,35.49546013999998,35.29379696000001,35.22201854000002
106.53165870137612,10.627518968776,41.22577067,37.70008304000001,38.95449638000002,37.373662130000014,39.16299559999999,36.06626948000002,35.181002300000046,40.05168079999999,41.31293018000002,37.365117080000005,35.83042610000001
106.53165870137612,10.64548527445839,37.758189379999976,36.90539339,37.94618048000001,36.372182270000025,36.03892532000003,36.66784100000001,33.52326260000001,38.32216268000002,37.905164239999976,34.55208662000001,39.69620672000002
106.53165870137612,10.66345158014078,39.78849326000002,38.68789082000001,39.62784632,37.46253065000002,39.19033976000003,37.61463254,37.101929540000015,39.83292752,39.41592908000001,33.55060676000005,37.46765768
106.53165870137612,10.681417885823173,42.77926076000003,35.28012488000002,33.29083724000003,33.80012222000005,36.60802565,35.59800074000003,34.23421076,38.8041035,38.30165456000003,30.636744710000016,34.86312644000003
106.53165870137612,10.699384191505562,41.10272195000002,37.18396202000002,34.36409551999998,35.53305836000004,36.81823388000004,35.75181164000003,35.60654579000001,39.20230283000001,37.373662130000014,33.249821000000054,38.81606657000003
106.53165870137612,10.717350497187953,30.60769154000002,32.890928900000006,32.157763610000046,34.95199495999998,33.42755804000001,35.939802740000005,33.87873668000003,33.50959052000002,33.61554914000001,29.61304772000005,34.17952244
106.53165870137612,10.735316802870342,34.10261699,35.54673044000003,33.62922121999998,32.64141344000001,33.21222278000002,33.36261566000002,34.01203945999998,34.46492711000002,32.94390821000002,31.39041812000005,35.20663745000002
106.53165870137612,10.753283108552733,36.493521980000025,34.71615158000003,35.425390730000004,36.76696358000001,34.502525330000026,36.15171998000005,33.18146060000004,32.908019000000024,32.2073249,31.740765170000003,31.55448308000001
106.53165870137612,10.771249414235124,37.197634100000016,35.07504368000002,36.71569327999998,35.68686925999998,35.13656804000004,33.87873668000003,30.84182591000004,33.352361599999995,32.50127462000003,31.086214340000023,31.284459500000025
106.53165870137612,10.789215719917513,37.28479361000004,37.09680251000003,37.16345390000004,36.57384545000002,36.61144367,36.81481586000001,34.45638206000001,37.24548637999999,36.33971108000003,36.46617782000001,34.08894491000004
106.53165870137612,10.807182025599904,37.891492159999984,36.78063566000003,36.493521980000025,36.95666369000003,36.73620140000003,38.56142408000005,34.63411910000002,36.65416892000002,35.905622540000024,32.55254492000006,35.51938628000002
106.53165870137612,10.825148331282294,34.07527283000002,33.60529508000002,33.266911100000016,35.23227259999999,33.39337784000003,33.08575603999998,32.59356116000004,34.47347216000003,32.68926572000001,32.55254492000006,35.67148817
106.53165870137612,10.843114636964684,35.96372888000002,35.89195046000003,33.547188740000024,36.493521980000025,34.52474246000003,34.58284880000002,33.95051510000002,34.22737472000006,34.91781476,32.877256820000014,36.17564612000001
106.53165870137612,10.861080942647074,34.924650799999995,35.01351932000003,35.34506726000001,35.26987082000002,33.94367906000002,34.13167016000003,34.49739830000004,33.68390954000006,34.80502009999998,34.68880742000002,35.175875270000006
106.53165870137612,10.879047248329464,42.998014040000015,42.06831260000001,42.160599140000045,43.408176440000034,40.46184320000003,39.58683008000003,40.448171119999984,41.52142939999999,41.22918869,34.36067750000001,43.81833884000002
106.53165870137612,10.897013554011856,38.44862942000003,37.99403276000001,36.26109661999999,37.01818805000002,37.44544055,36.74303744,37.13952776000002,37.03698716000002,37.03527815000001,36.23033443999998,38.34267080000001
106.53165870137612,10.914979859694249,35.218600519999995,33.046448810000015,36.70202120000002,34.446128000000044,34.00178540000002,33.80695825999999,34.08210887000001,35.99449106000003,34.45980008000004,33.13019029999998,34.12825214000003
106.53165870137612,10.932946165376636,40.83269837000003,40.43791706000002,42.54683540000002,38.90664410000005,38.33241673999999,39.29800739000001,40.66350638000003,41.28045899,40.59343697000003,39.87394376000003,38.527243880000015
106.53165870137612,10.950912471059029,40.32854042000002,38.83486568000001,40.28068814000005,40.53020360000005,41.111267,40.26701606000006,39.44669126000002,40.22941784,39.831218510000014,38.47939159999999,37.22497826000006
106.53165870137612,10.968878776741418,39.97477535000005,37.93934444000001,38.68447279999998,40.38322874000005,39.25870016000002,38.255511290000015,38.11195444999999,39.270663230000025,38.64345656,34.463218100000006,39.27749927000002
106.53165870137612,10.986845082423809,34.12825214000003,32.98663346000001,35.13998606000001,34.40852977999998,35.12289596000005,32.48760254000001,33.17804258000001,33.44123012,33.94026104,28.488519140000022,33.65827439000003
106.53165870137612,11.004811388106198,39.00063965000001,36.85412309,35.76548372000002,38.61611240000002,36.61998872000004,35.495460140000006,36.85925012000001,38.25380228000006,38.17518782000002,36.32774801000002,35.86118828000002
106.53165870137612,11.022777693788589,46.258805120000034,38.53920694999999,38.94424232000006,40.738702820000015,37.18396202000002,36.76354556000004,37.30701074000001,39.51163364000004,36.87121319000002,35.331395180000015,37.1292737
106.53165870137612,11.04074399947098,33.69245459000004,29.59766663000002,29.389167410000027,32.97637940000004,32.60210621000002,30.81106373,31.79203547,34.692225440000016,32.41924214000005,29.24390156000004,31.49808575000003
106.53165870137612,11.05871030515337,35.003265260000035,33.253239020000024,31.40067218000001,35.89878650000003,33.75397895000003,33.79328618,33.926588960000004,35.75352065000001,33.55744279999999,31.077669290000017,34.45638206000001
106.53165870137612,11.07667661083576,37.04895023000003,34.458091069999995,34.55550463999998,36.64391486,34.220538680000004,32.484184520000014,34.12996115000004,35.266452800000025,34.398275720000015,33.84455648000002,34.51448840000003
106.53165870137612,11.09464291651815,33.85310153000003,32.195361830000024,30.000992989999983,34.64437316000004,32.856748700000026,32.02275182000005,32.35942679000004,33.24640298000003,33.244693970000014,32.692683740000035,34.45980008000004
106.53165870137612,11.11260922220054,40.09269704000002,34.94174090000001,36.51573911000003,38.91689816000002,35.49546013999998,35.39975558000003,33.83430242000003,37.50867391999998,35.70908638999998,34.242755810000034,36.04234334
106.53165870137612,11.130575527882932,39.44669126000002,35.184420320000015,35.891950460000004,38.87929994000001,36.332875039999976,37.339481930000005,34.523033450000014,41.79828902000003,37.43005946,36.60802565000003,38.05213909999998
106.53165870137612,11.14854183356532,35.79111887000002,32.81231444000002,32.50469264,34.929777830000006,33.253239020000024,37.31726480000003,31.6775318,45.77857331000001,40.31486834000003,38.09315534000001,40.41399092000006
106.5487266917744,10.573620051728827,41.11810304000005,36.66442298000004,35.11264190000003,35.63218094000001,33.45490219999999,36.411489500000016,33.36945170000001,37.438604510000005,36.30211286000002,30.04030022000001,37.06433132000001
106.5487266917744,10.591586357411218,39.86368970000001,38.14100761999998,39.09121718,37.51892798000006,35.71079540000005,38.821193600000015,33.59504102000005,40.63958023999999,36.332875040000005,36.02867126000001,38.66738270000002
106.5487266917744,10.60955266309361,37.33093688000002,36.32945702000001,36.58068149000002,37.54969016000001,37.97010662000002,35.52280430000002,34.51790642000003,38.46401051000004,37.03015112000003,36.28502276,35.37753845
106.5487266917744,10.66345158014078,38.36146990999998,36.93102854000003,36.80627081000003,36.86608616000001,38.10170039000002,34.839200300000016,34.94515892000004,39.82950950000003,37.97010662000002,32.463676400000054,38.53066190000004
106.5487266917744,10.771249414235124,38.54433398000003,40.54729370000001,38.17006079000001,40.0687709,37.15319984000001,39.58170304999999,37.25232242000001,40.91814887000001,39.51505166000004,37.45398560000001,36.08335957999998
106.5487266917744,10.789215719917513,36.44566970000005,36.85070507,36.87634022,37.845348890000025,37.45056757999998,38.89297202,35.86802432000002,38.55971507000004,38.79726746000006,33.41730398000004,35.29892399000005
106.5487266917744,10.807182025599904,41.18304541999999,39.81754643000005,37.474493720000055,41.42401583000003,42.43745876,39.45352730000002,38.16835178000002,42.37251637999998,41.25824186000003,38.73232508000001,35.175875270000006
106.5487266917744,10.825148331282294,42.52632728000003,38.09657335999998,36.31407593000006,40.97796421999999,42.05976755,37.38904322000002,35.67490619000006,38.90322608000002,37.978651670000005,35.96031086000005,32.94903524000006
106.5487266917744,11.07667661083576,38.09828237000002,34.90243367000002,32.82940454000004,35.11435091000004,33.86848262000001,35.24252666000001,34.90414268000001,36.71740229,35.86118828000002,32.5149467,32.66192156
106.5487266917744,11.130575527882932,41.14202918000001,37.93934444000001,35.33823122000001,42.06489457999999,38.20595000000003,37.884656120000045,35.19467438000004,42.553671440000016,39.62784632,35.331395180000015,36.784053680000056
106.5487266917744,11.14854183356532,37.39246123999999,36.41832554000001,33.09259208000003,35.78599184000004,35.68686925999998,38.75966924,34.53157850000002,45.57178310000003,43.59104051000003,39.952558220000014,41.96919002000004
106.54962500705852,10.358024383540142,34.30257116000004,35.20492844,35.16733022000005,34.540123550000004,34.18464947000001,36.126084830000025,32.44316828000001,38.151261680000005,35.99107304000006,34.39998473000003,34.80160208000004
106.54962500705852,10.375990689222531,44.91894128000001,36.510612080000016,34.20173957,35.68345124000004,32.31328352000003,36.609734660000015,31.45194248000001,37.57874333000004,34.73836871000003,36.65075090000005,37.03186013000001
106.54962500705852,10.393956994904924,41.08050481999999,29.01831224,35.59800074000003,31.494667730000003,32.42949620000002,33.45148418000002,32.070604100000025,33.352361599999995,33.18829664000003,32.26543124,33.8821547
106.54962500705852,10.411923300587317,39.80900138000001,35.47153400000002,37.92225434,37.20276113,36.33629306000003,36.74645546000005,34.613610980000004,37.17712598,36.57042743000005,35.80991798000002,35.996200070000015
106.54962500705852,10.429889606269704,38.151261680000005,34.96566704000003,36.62682475999998,36.40123544000005,33.94367906000002,36.05088839000001,34.11116204000001,35.70395936,35.12289596000005,35.20151041999998,37.10876558000001
106.54962500705852,10.447855911952097,40.57292885000001,36.59948059999999,38.286273470000026,39.27579026000004,35.909040559999994,37.04724122000002,34.488853250000034,35.24594468000004,36.38414534000003,35.235690620000014,33.612131120000015
106.54962500705852,10.465822217634486,30.243672410000045,31.65702368000001,31.202427020000016,31.43656139000001,30.53249510000001,33.314763380000045,31.046907110000006,30.710232140000016,30.58376540000006,29.91725150000002,29.356696220000003
106.54962500705852,10.483788523316877,41.61029792,38.02479493999999,33.98127728000003,34.97763011000001,37.426641440000026,37.45398560000001,33.30450932000002,37.12585568000003,36.08677760000003,33.97444124000003,38.56484210000002
106.54962500705852,10.501754828999266,43.753396459999976,39.50308859000003,41.62738802000001,40.815608269999984,40.51653152000006,40.21574576,36.88659428000005,39.29458936999998,38.40077714000006,36.96179072000001,42.80660492000004
106.54962500705852,10.519721134681657,33.400213880000024,33.654856370000005,34.177813430000015,32.31328352000003,33.34210754000003,33.72834380000003,32.27568530000002,34.856290400000034,31.13919365000004,32.333791640000015,38.20595000000003
106.54962500705852,10.537687440364047,34.89730664000001,36.36192821000003,37.019897060000005,36.27476869999998,36.42516158000001,38.48622764000004,34.22395670000003,36.96862676000001,33.86164658000001,34.81527416,39.36807680000004
106.54962500705852,10.555653746046438,41.982862100000034,37.3343549,37.590706400000045,35.36728439000001,35.758647680000024,36.58922654000003,34.35213245000003,37.08825746000002,36.85070507000003,31.04007107000001,39.033110840000006
106.54962500705852,10.627518968776,41.60004386000003,36.36876425000003,38.49989972000003,38.07606524000005,37.88636513000006,36.65758693999999,35.35873934000006,38.998930640000026,38.74941518,36.14659295000001,39.32193353
106.54962500705852,10.64548527445839,40.687432520000016,35.80991798000002,36.23546147000002,37.01818805000002,40.424244980000026,36.91052042000001,35.76890174000005,38.72207102000005,40.40886389000002,33.06353890999998,32.58330710000001
106.54962500705852,10.681417885823173,37.71033710000006,36.13121186000001,38.57167814000002,38.49989972000003,38.53066190000004,39.47403542000001,39.62101028000001,41.15570126000003,40.44646211,36.63024278,37.26428549000002
106.54962500705852,10.699384191505562,35.577492620000044,35.95689284000002,34.476890180000055,34.505943349999995,35.19638339000002,36.57042743,34.825528220000024,38.51698982000005,37.00622498000001,31.542520010000004,31.896285079999984
106.54962500705852,10.717350497187953,37.38049817000001,36.748164470000006,36.91735646000001,36.12779383999998,36.06456047,37.20105211999999,34.11458005999998,37.0267331,33.95051510000002,33.400213880000024,30.098406560000058
106.54962500705852,10.735316802870342,42.34517222000002,40.34221250000002,40.96941917000001,40.41399092,40.65837935000002,39.54239582000002,37.67615690000002,41.66669525000003,39.43301918000003,39.762858110000025,40.23967190000002
106.54962500705852,10.753283108552733,32.55938096000003,33.015686630000005,31.81937963000001,31.53055694,32.62603235,32.75079008,30.865752050000022,31.790326460000017,31.98173558000002,31.255406330000028,29.52759722000002
106.54962500705852,10.843114636964684,34.299153140000044,36.06285146000005,33.78815915000004,37.52918204000002,33.73005281000002,35.24423567000002,31.909957159999976,34.69906148000001,34.21028462000004,31.380164060000027,34.104326000000015
106.54962500705852,10.861080942647074,35.17074824000002,36.39269039000001,34.15730531000003,32.039841920000015,33.48224635999998,32.42095115000004,33.73176182000003,36.13121186000001,34.81527416000006,31.27762346000003,36.58922654000003
106.54962500705852,10.879047248329464,34.79476604000001,35.32114111999999,33.41730398000004,32.20048886000001,33.14044436000006,34.70247950000001,33.979568270000016,34.06330976000001,33.17633357,34.06843678999999,35.73984857000002
106.54962500705852,10.897013554011856,36.81481586000001,35.52622231999999,34.26155491999998,35.158785170000044,33.57111487999998,33.70099964000002,33.83942945000001,35.08358873,33.56769686000001,34.37776760000003,36.45250573999999
106.54962500705852,10.914979859694249,35.34848527999998,33.44464814,34.19661254000002,33.35577962000002,30.978546710000018,32.190234799999985,35.29037893999998,34.31282522000001,33.87873668000003,34.14192422000002,34.76229485000002
106.54962500705852,10.932946165376636,40.371265670000014,38.472555560000046,39.93546812,39.72696890000003,37.99232375,38.0692292,38.49135467000002,39.62784632,39.43472818999999,35.67319717999999,39.41592908000001
106.54962500705852,10.950912471059029,37.97694266000002,37.71375512000003,38.53407992000004,39.50650661000003,39.73380494000003,37.25232242000004,37.99915979000002,39.36465878000001,37.91200028000003,35.24252666000001,37.99745078000001
106.54962500705852,10.968878776741418,37.050659240000016,35.611672820000024,35.621926880000046,37.51892798000006,34.75033178000001,35.17416625999999,35.874860360000014,36.61657070000001,36.65416892000002,32.35429976,35.37582944000002
106.54962500705852,10.986845082423809,38.55458804,36.44225168000003,38.40761318,37.45056758000001,36.47984990000003,35.47153400000002,36.53453822000006,38.68105478000001,37.08996647000004,33.55060676000005,37.63855868000002
106.54962500705852,11.004811388106198,36.23717048,35.20834646000003,34.666590290000016,36.242297510000014,34.514488400000005,33.65485637000003,34.25813690000001,35.529640340000014,35.28354290000004,32.24150510000004,33.97444124000003
106.54962500705852,11.022777693788589,39.37149482000001,36.85241408000002,37.84022186000004,38.97158648000004,35.93638471999998,35.07504368000002,36.85241408000002,39.71329682000001,36.312366920000045,34.86996248000003,36.28502276000006
106.54962500705852,11.04074399947098,38.255511290000015,32.29619342000004,34.688807420000046,36.16197404000002,35.72788550000001,34.67171732000003,35.57578361,39.07070906000001,35.676615200000015,30.783719570000017,34.60506593000002
106.54962500705852,11.05871030515337,34.61531999000002,31.14090266000005,32.48760254000001,38.00257781000002,32.328664610000004,32.69439275000002,32.05693201999998,34.40169374000004,33.16437050000002,33.032776729999995,32.562798980000025
106.54962500705852,11.09464291651815,44.03367410000001,42.75533461999999,40.42766300000005,44.53612304000001,42.67330214000003,44.24388233000002,42.35713529000003,46.35109166000001,43.94993261000002,43.70554418000006,46.41261602000003
106.54962500705852,11.11260922220054,43.08517355000001,38.55287902999999,40.76775599000001,41.2479878,40.42082696,42.34346321000001,42.020460319999984,48.35576039000003,44.44383650000003,45.29492348000002,44.91894128000001
106.56669299745678,10.375990689222531,37.814586710000015,33.30109130000005,34.16585036000004,34.17097739000002,33.59845904000002,36.363637220000015,31.735638139999992,37.38220718000002,36.756709520000015,34.635828110000034,37.53260006000005
106.56669299745678,10.393956994904924,33.786450140000056,35.63388995,35.893659470000046,33.88557272000003,34.93661387000003,35.79624590000003,31.604044370000025,37.64197669999999,35.29379696000001,34.480308200000024,36.41832554000001
106.56669299745678,10.411923300587317,35.42368171999999,34.31282522000004,35.33823122000004,34.893888619999984,33.79670420000002,34.11116204000001,33.201968720000025,35.006683280000004,34.760585839999976,34.31795225000002,32.66533958000002
106.56669299745678,10.447855911952097,42.42207767000002,36.881467250000014,36.71569327999998,36.95837270000001,37.03186013000001,38.27431039999999,35.63218094000001,38.37343298000002,37.447149560000014,34.30940720000001,36.51744812000004
106.56669299745678,10.519721134681657,37.01647903999998,35.64927104000003,31.99540766000001,34.72982366000002,32.39531599999998,34.35555047,33.30792734000002,36.233752460000005,35.181002300000046,33.67194647000002,36.43541564000003
106.56669299745678,10.537687440364047,38.24183921000002,33.36774269000003,36.31236692000002,36.04576136000003,31.81767062000005,35.297214980000035,34.299153140000044,34.62044702000003,34.299153140000044,30.81619076000004,36.18590018000003
106.56669299745678,10.627518968776,41.07708680000002,37.50525590000001,38.605858340000026,38.583641210000025,37.97352464000005,36.57897248000003,35.24252666000001,40.99676333000002,38.995512620000056,36.2405885,38.96133242000002
106.56669299745678,10.64548527445839,40.34563051999999,36.57213644000001,37.65735779000002,35.33481320000004,37.97352464,37.99745078000001,36.24058850000006,39.62955533000002,37.50354689,34.916105749999986,38.2572203
106.56669299745678,10.681417885823173,40.66008836000003,37.20447014000001,34.91952377000004,35.758647680000024,36.82336091000002,37.44373154000005,36.64733288000002,39.91666901000002,39.86710772000004,32.511528680000026,41.81196110000002
106.56669299745678,10.699384191505562,30.81960878000001,36.72423833000002,37.25915846000004,35.11776893000001,35.59800074,36.960081710000026,36.259387610000005,40.56438380000003,38.76308726000002,32.94561722000003,39.08609015000002
106.56669299745678,10.735316802870342,39.51846968000001,37.62659561000001,36.22349840000004,36.661004960000014,36.30894890000002,35.150240120000035,36.514030100000014,38.28114644000004,37.26599450000003,31.83476072000002,37.265994500000005
106.56669299745678,10.753283108552733,37.20447014000001,36.84045101000001,35.68857827000002,37.57532531000001,37.44885857,35.53647638000001,35.59287371000002,37.42322342,36.98913488000005,34.70247949999998,33.07892000000004
106.56669299745678,10.843114636964684,41.18988146000004,39.34585967000001,38.13075356000002,39.58341206000003,38.79384944000003,37.02331508000003,37.22156024000003,38.52040784000002,37.27624856,37.597542439999984,36.03721631000002
106.56669299745678,10.861080942647074,41.76069080000002,40.229417840000025,39.57999404000003,39.05361896,37.97352464000002,37.87440206000002,38.36317892,40.65325231999998,39.82438247000002,35.396337560000035,40.72503074000002
106.56669299745678,10.914979859694249,35.36899340000002,30.371848160000013,33.86335559,32.610651260000026,30.57692936000001,31.961227460000032,34.182940460000054,35.20151041999998,32.06376806000003,25.449899360000018,32.82769553
106.56669299745678,10.932946165376636,33.677073500000006,31.728802100000024,31.797162500000013,32.24834113999998,30.49660589000001,31.889449040000045,32.579889080000044,34.47347216000003,31.05203414000005,28.283437940000027,31.041780080000024
106.56669299745678,11.022777693788589,38.55458804,30.97683770000004,34.851163369999995,37.71375512000003,36.44908772000002,36.355092170000034,36.165392060000045,39.680825630000015,37.46423966000003,37.68299294000002,37.18225301000001
106.56669299745678,11.04074399947098,34.39485769999999,32.925109099999986,34.299153140000044,34.77596693000004,33.888990740000054,34.43929195999999,33.55060676000005,36.40294445000004,34.40169374000004,27.897201680000023,33.78303212000003
106.56669299745678,11.05871030515337,34.60677494000004,33.776196080000005,33.60529508000002,35.40317360000006,32.64141344000001,33.345525560000056,34.576012760000026,35.73472154000001,34.519615430000016,31.75785527000002,32.75420810000003
106.56669299745678,11.09464291651815,33.64802033000001,31.76981834000003,28.526117360000057,35.23227259999999,32.16801767000001,32.30644748000003,32.5149467,34.67855336000002,32.46709442000002,32.66192156,39.409093040000016
106.56669299745678,11.11260922220054,36.52086614000001,34.24104680000005,30.611109560000045,34.95199496000004,32.783261270000025,37.18908905000004,34.71102455000005,46.77492614000005,44.55150413000001,34.709315540000034,36.83361497000004
106.56669299745678,11.130575527882932,37.69324700000004,35.931257689999995,33.45148418000002,39.01260272000002,38.53920695000002,35.02035536000005,35.806499960000025,41.57611772000001,41.39496266000003,34.52132444000003,36.95153665999999
106.5675913127409,10.358024383540142,34.88021653999999,36.78063566000003,32.14921856000001,31.65702368000001,32.97125237,36.06285146000005,31.923629240000025,37.29333866000002,34.62044702000003,32.921691080000016,33.29083724000003
106.5675913127409,10.429889606269704,35.57065657999999,36.713984270000026,34.07698184,34.352132450000056,33.27032912000004,35.396337560000006,33.93342500000006,33.04473980000003,34.04109263000004,33.28058318000001,33.05841188000002
106.5675913127409,10.465822217634486,36.03208928000001,33.50275448000002,34.08894491000001,34.65462722000001,33.20538674000002,35.57065657999999,31.354528910000028,33.79841321000001,34.16243234000001,33.38995982000006,33.47882834000001
106.5675913127409,10.483788523316877,36.48155891000002,35.83042610000001,33.988113320000025,32.76275315000001,32.41753313000004,34.917814760000056,33.352361599999995,33.495918440000025,32.71319186000005,32.648249480000004,35.32968617000003
106.5675913127409,10.501754828999266,39.70475177,35.645853020000004,36.56017337,36.951536660000016,34.030838570000014,36.59606258000002,32.41924214000002,38.29481852000004,34.35555047,31.968063500000028,38.15467970000003
106.5675913127409,10.555653746046438,40.09269704000002,39.456945320000045,38.57167814000002,39.205720850000034,38.50160872999999,39.51846968000001,36.42857960000004,38.872463900000014,40.80022718000004,36.59948059999999,40.49602340000001
106.5675913127409,10.573620051728827,42.22383251000002,36.61315267999999,34.26155491999998,34.04280163999999,37.69324700000004,36.69689417000004,33.15582545000001,37.387334210000034,39.25528214000002,31.40409020000004,37.202761130000056
106.5675913127409,10.591586357411218,39.86368970000001,36.84557804000002,34.78963901000003,36.903684380000016,37.42835045000004,38.53749794000001,34.786220990000004,40.17472952000003,39.57999404000003,35.75181164000003,41.00530838000003
106.5675913127409,10.60955266309361,42.81344095999998,39.37491283999998,39.581703050000016,38.28456446000001,38.82461162000004,39.19546679000001,36.77379961999998,40.76433796999999,39.85001762000002,37.07458538000003,41.75385476000002
106.5675913127409,10.66345158014078,44.307115700000026,45.67432370000006,43.809793790000015,42.41011460000004,42.43745876000003,46.45021424000004,43.2133493,43.045866320000016,42.29731994000002,38.42470328000002,42.52461827000002
106.5675913127409,10.717350497187953,37.29333866000002,37.08825746000002,37.00964299999998,35.09896982000001,34.986175160000016,35.815045010000034,34.545250580000015,37.71717314,36.33629306,33.020813660000044,35.187838339999985
106.5675913127409,10.771249414235124,41.25824186,38.39906813000002,38.62123943,39.24502808,39.54239582000002,39.10488926000005,35.72788550000001,39.53214176000006,38.76821429000003,34.16755936999999,39.279208280000034
106.5675913127409,10.789215719917513,38.93398826000001,38.48793665,36.93102854000006,35.979109970000025,37.66932086000003,38.46571951999999,36.26622365,41.23431572000004,38.68447279999998,34.65804523999998,41.12152106000002
106.5675913127409,10.807182025599904,43.72605229999999,43.86960914000002,42.32466410000001,39.47061740000004,41.7436007,41.79145298000003,40.12858625000001,43.82859289999999,42.10932884000002,41.29242206000004,42.868129280000005
106.5675913127409,10.825148331282294,39.50821561999999,37.44031352000002,38.212786040000026,40.81902629000001,39.25186411999999,38.54433398000003,35.00839229000002,36.99938894000002,37.61463254,34.070145800000034,36.43883366000003
106.5675913127409,10.879047248329464,41.22747967999999,40.58147389999999,39.10488926000005,41.63422406000004,39.83976356000005,39.94914019999999,39.93888614000002,40.52678558000002,38.69130884000003,38.83144765999998,39.369785810000025
106.5675913127409,10.897013554011856,36.343129100000056,35.478370040000016,34.246173830000004,35.119477940000024,33.45832022000002,34.143633230000006,34.336751359999994,35.15536715000002,35.874860360000014,33.875318660000005,35.05795358000003
106.5675913127409,10.950912471059029,35.362157360000026,33.137026340000034,32.477348480000046,36.74303744000002,33.12677228000001,33.902662820000046,33.89069975000001,35.73813956000004,32.41411511000001,29.60621168,33.95564213
106.5675913127409,10.968878776741418,36.67296803000002,33.78303212000003,34.81527416000006,35.13485903000003,33.14044436000003,32.596979180000005,33.728343800000005,34.760585839999976,34.75033178000001,32.66533958000002,33.88899074
106.5675913127409,10.986845082423809,40.87884164000002,39.37149482000001,38.622948440000016,40.89251372000001,39.56632195999998,37.96327058000003,36.807979820000014,40.01408258000004,38.46571951999999,36.018417200000044,38.37685099999999
106.5675913127409,11.004811388106198,32.29790243000002,33.270329120000014,34.15559630000001,35.99790908,32.938781180000035,33.04815782000003,33.67365548000001,36.23717048000003,34.160723330000025,30.39235628000003,34.921232780000025
106.5675913127409,11.07667661083576,41.49066721999998,38.27431039999999,36.13121186000001,40.42082696,38.15467970000003,37.52405501000001,38.81777557999999,41.88032150000004,40.65325231999998,36.27818672000001,40.24992596000004
106.5675913127409,11.14854183356532,37.559944220000034,35.04428150000001,32.82256849999999,37.836803840000016,34.027420550000045,35.55356648000003,34.599938899999984,38.09486435000002,37.16345390000004,34.23079274000003,35.464697960000024
106.58465930313918,10.358024383540142,35.4544439,36.281604740000034,33.48395537000005,35.53305836000004,36.19273622000003,37.27624856,33.80695825999999,37.72400918,37.16003588000001,36.15513800000002,38.83657469000002
106.58465930313918,10.375990689222531,37.054077260000014,31.86210488000006,32.34746372000004,32.01591578,32.81402345000001,35.39291953999998,30.53933114000006,36.2918588,33.728343800000005,34.056473720000014,36.68322209000005
106.58465930313918,10.393956994904924,33.728343800000005,34.77938495000001,35.56382054000005,32.911437019999994,33.41046794000002,34.84603634000001,32.72344592000002,35.784282829999995,34.03254758000003,34.369222550000046,31.39041812000005
106.58465930313918,10.411923300587317,34.85287238000001,35.775737780000014,36.640496840000026,36.10044968,36.08335957999998,38.13417158000004,35.6082548,37.18396202000002,36.43883366,35.43564479,37.664193830000045
106.58465930313918,10.429889606269704,31.310094650000053,27.685284440000032,29.85572714,30.76321145000003,29.67457208000002,30.78542858000003,28.208241499999986,29.789075750000023,29.732678420000013,28.74145262000001,29.32935206000002
106.58465930313918,10.447855911952097,30.82986284000004,28.878173420000053,27.30417521000001,29.522470190000035,27.546854630000013,30.071062400000017,29.83521902000001,29.15845106000006,29.42847463999999,27.734845730000018,28.609858850000023
106.58465930313918,10.465822217634486,31.569864170000017,30.35817608000002,30.161639930000007,30.071062400000017,28.727780540000023,29.48999900000001,29.68653515,28.69018232000002,29.26440968000003,27.95189000000005,32.17656271999999
106.58465930313918,10.483788523316877,39.92179604,37.13952776000002,37.02160607000002,36.35167415000004,34.887052580000045,34.05989174000001,33.287419220000004,39.71329682000001,33.84797450000002,31.674113780000027,41.962353980000046
106.58465930313918,10.501754828999266,36.43541564000003,36.44908772000002,36.99255290000002,37.54969016000001,32.40215204000003,35.05111754000001,32.10820232000003,38.55287902999999,35.68857827000002,31.42459832000003,39.62271929000002
106.58465930313918,10.519721134681657,37.49158382000002,36.88659428000005,39.03823786999999,37.13440073000001,31.728802100000053,36.245715529999984,33.366033680000044,33.14044436000006,38.49306367999998,32.59014314000001,39.06045500000005
106.58465930313918,10.537687440364047,39.43472819000005,36.92761052000003,34.84945435999998,34.57259474,33.18146059999998,37.29333866000002,33.01910465000003,38.00770484000003,36.954954680000014,32.88409286000001,40.16789348000003
106.58465930313918,10.555653746046438,37.87782007999999,39.10659827000004,38.031630980000045,38.09828237000002,36.11070374000002,37.87440206000002,35.832135110000024,37.65564878000001,39.62784632,34.51790642000003,43.987530830000026
106.58465930313918,10.573620051728827,40.916439860000025,38.894681030000015,36.72765635000002,37.74109928000004,34.94857694000001,37.60096046000001,35.06991665000004,39.115143320000016,37.56678026000003,37.44885857000003,38.68105478000001
106.58465930313918,10.591586357411218,38.949369349999984,36.70543922000002,35.04769952000004,36.74132843000001,38.05555712,38.36317892000002,34.746913759999984,38.55117002000003,39.39542096000002,31.80058052000004,37.744517299999984
106.58465930313918,10.60955266309361,37.841930870000056,36.838742000000025,36.85754111,36.199572260000025,37.720591160000026,37.59241541,34.43245592000005,39.85172663,37.94959849999998,35.02377338000002,39.25186412000005
106.58465930313918,10.627518968776,38.376851000000045,36.78405368,38.16493376000005,38.10170039000002,37.500128870000026,34.596520880000014,36.68834912,40.27556111000001,39.87394376000003,35.81675402000002,35.283542900000015
106.58465930313918,10.64548527445839,41.547064550000016,39.22451996000001,41.148865220000005,42.26655776000001,41.38812661999998,42.35200826000005,42.10591082000002,42.12641894000001,41.788034960000005,39.63126434000003,44.22508321999999
106.58465930313918,10.66345158014078,39.5389778,36.985716860000025,38.64345656,38.14955267000002,38.674218740000015,36.25084256000002,38.03675801000003,37.16174489,38.05555712,35.625344900000016,38.40077714000003
106.58465930313918,10.681417885823173,40.33366745000001,38.00257781000005,38.76308726000002,41.19329948000001,39.04336490000003,39.05703698000002,38.67592775000003,38.02821296000002,40.0687709,36.70202119999999,34.23079274000003
106.58465930313918,10.699384191505562,41.43256088000004,37.49158382000002,37.915418300000056,37.18396202000002,35.06137160000003,37.11731063000002,37.12243766000006,39.352695710000006,38.42983031,34.27864502,33.841138460000025
106.58465930313918,10.717350497187953,37.79236958000001,36.196154240000055,36.267932660000014,37.64881274000001,35.628762919999986,35.215182500000026,33.318181400000014,37.79578760000004,37.486456790000005,34.56404968999999,36.389272370000015
106.58465930313918,10.735316802870342,47.144072300000005,42.98263295000004,44.08836242000001,42.40840559000003,43.92429745999999,44.66600779999999,42.782678780000026,44.13621469999998,43.806375770000045,38.35292486000003,42.497274110000006
106.58465930313918,10.753283108552733,43.739724379999984,42.96725186000003,40.84807946000004,41.38470860000001,40.22770883000001,40.984800260000014,39.93375911000001,41.374454540000016,40.35417557000002,37.43347748000002,38.13417158000004
106.58465930313918,10.771249414235124,44.07810835999999,44.77196642000001,43.72947032000002,43.42013951000001,42.96212483000002,41.555609600000025,42.08882072000006,45.79053638000005,43.64743784000001,41.663277230000006,43.35348812000001
106.58465930313918,10.789215719917513,43.65598289000002,39.73038692,42.77242472,42.480184010000016,41.244569780000006,41.982862100000034,40.419117950000015,44.867670980000014,42.15376309999999,34.938322880000044,38.81606657000003
106.58465930313918,10.807182025599904,39.08609015000002,34.86654446000003,40.95745610000006,40.03971773000004,39.99699248000002,41.097594920000006,41.470159100000046,43.74997844000001,41.66156822000005,39.49796156000002,38.22645812000002
106.58465930313918,10.825148331282294,40.64983430000001,41.56244564000002,41.24627879000002,38.39052308000001,42.24946766000005,42.89205542000002,38.72207102000005,44.51219689999999,41.861522390000005,38.68105478000001,40.43279003000004
106.58465930313918,10.843114636964684,39.48087146,37.107056570000026,36.2918588,36.71056625000003,33.44123012,34.194903530000005,32.670466610000034,35.45102588000003,33.83772044000003,31.17850088,32.709773840000025
106.58465930313918,10.861080942647074,39.91666901000002,39.66544454000001,38.752833200000055,39.44327324000005,38.24013020000001,37.44373154000005,37.418096390000045,39.22793798000001,39.556067900000016,37.65906680000003,37.18396202000002
106.58465930313918,10.879047248329464,42.71090035999998,38.64003854000004,40.39690082000001,38.626366460000014,39.785075240000026,40.91814887000001,39.33047858000003,40.85833352000003,40.43791706000002,40.0687709,39.66202652000004
106.58465930313918,10.897013554011856,40.98821828000001,41.589789800000005,40.0687709,41.52142939999999,39.34756868000002,40.71477668,39.35611373000003,39.538977800000026,38.88271796000001,38.69814488000003,38.2572203
106.58465930313918,10.914979859694249,38.48280962000001,37.80945968000003,36.47984989999998,38.380269020000014,35.86802432000002,37.20105211999999,37.60950551000002,37.19079806000002,37.58216135000001,37.27624856,36.10386770000002
106.58465930313918,10.932946165376636,32.93878117999998,35.57065658000005,30.82473581000002,32.42778719000003,30.05397230000005,32.053514000000035,32.99688752000003,33.55915181000003,31.90312112000004,31.810834580000005,31.872358940000023
106.58465930313918,10.950912471059029,33.745433899999995,32.687556710000024,32.13896450000004,32.333791640000015,32.02275182,30.93240344000003,33.53693468000003,34.630701079999994,31.349401880000016,30.238545380000005,30.946075520000026
106.58465930313918,10.968878776741418,41.07366878000005,39.06729103999999,38.74599716,38.95791440000005,37.72400918000005,37.98036067999999,36.90539339000003,39.35098670000002,39.403966010000005,36.640496840000026,39.04336490000003
106.58465930313918,10.986845082423809,40.40373685999998,34.95883100000003,38.54433398000003,36.85754111,37.51892798000006,37.51892798000006,37.57874333000001,41.20013552,38.11708148000002,35.17416625999999,38.42470328000002
106.58465930313918,11.004811388106198,33.62580320000001,32.95928930000002,31.77152735000004,34.329915320000055,32.30302946000003,34.28548106000005,33.70441766000002,35.54673044000003,33.51813557000003,32.56963502000002,32.54570888000001
106.58465930313918,11.022777693788589,37.52918204000002,35.92954868000004,39.08779916000003,35.38095647000003,34.152178280000044,35.81162699000004,34.394857700000045,37.300174700000014,36.48668594000003,33.85139251999999,33.73005281000002
106.58465930313918,11.04074399947098,31.708293980000008,31.595499320000044,31.25198831000003,32.104784300000006,31.27762346000003,30.57009332000001,32.50127462000003,32.79351533000002,31.58353625000001,30.06080834,30.294942709999987
106.58465930313918,11.05871030515337,36.009872150000035,32.40557006000006,36.58580852,35.48349707000003,34.68197138000005,33.50275448000002,34.15559630000001,39.93546812000002,35.03915447,33.46686527000003,36.259387610000005
106.58465930313918,11.07667661083576,45.12402248000001,38.93057024000004,33.93171599000004,39.11343431000003,35.339940230000025,37.720591160000026,35.594582720000034,41.48383118000004,39.93717713000001,35.13656804000004,36.28502276
106.58465930313918,11.09464291651815,39.83292752,34.40852977999998,36.459341780000045,37.98890573,37.22497826000006,37.18054400000005,36.74132843000004,40.98821828000001,38.67080071999999,34.32137026999999,37.61463254
106.58465930313918,11.11260922220054,33.988113320000025,33.425849029999995,29.944595660000005,33.849683510000034,32.981506430000024,32.964416330000006,32.02616984000002,35.39121053000002,34.45809107000002,31.790326460000017,34.722987620000026
106.58465930313918,11.130575527882932,35.48007905000003,33.957351140000014,34.08039986000003,35.96372888000002,35.040863479999985,35.05111754000001,33.48053735000002,37.05920429,34.93148684000005,34.061600750000025,32.88067483999998
106.58465930313918,11.14854183356532,41.78290793000002,39.340732640000056,36.77038160000001,40.45500716000004,40.096115060000045,40.30119625999998,37.55652620000001,43.41501248000003,40.57292885000001,38.41274021000004,41.083922840000014
106.60262560882155,10.358024383540142,35.37924745999999,32.73711800000004,28.960205900000005,32.40215204000003,33.41559497,35.70395936,30.85891601,35.54673044000003,32.837949589999994,34.189776499999994,35.79453689000002
106.60262560882155,10.375990689222531,31.819379630000043,31.749310219999984,29.831801000000013,32.778134240000014,33.57111488000004,37.520636990000014,31.71342100999999,35.088715760000014,34.449546020000014,33.38654180000003,41.326602260000016
106.60262560882155,10.411923300587317,33.902662820000046,31.71854804000003,33.81892133000002,31.776654380000025,32.743954040000006,35.215182500000026,32.94903524,35.73472154000001,31.909957159999976,32.562798980000025,34.97933912000002
106.60262560882155,10.465822217634486,35.95005680000003,36.31236691999999,35.84751620000003,35.17758428000002,34.68709841000003,37.17712598000003,35.70566837000001,36.60460763,35.334813199999985,34.056473720000014,37.771861460000025
106.60262560882155,10.483788523316877,33.28912823000002,34.28889908000002,33.91291688000004,33.72321677000002,32.81573246000002,37.146363800000046,33.80524925000003,35.27841587,33.99324035000004,32.94049018999999,34.87167149000001
106.60262560882155,10.501754828999266,42.276811820000034,40.57805588000002,37.81287770000006,38.31361763000001,35.80649996,36.97546280000006,38.45546546000003,41.80854308000005,41.25140582000006,38.619530420000046,43.50217199000002
106.60262560882155,10.519721134681657,38.57167814000002,36.55504634000005,38.057266130000016,34.28889908000002,32.02616984000002,37.26257648000001,33.96760519999998,38.35634288000006,37.22156024000003,33.68049152000003,37.18738004
106.60262560882155,10.573620051728827,38.43153932000001,37.13098271000001,32.062059050000016,35.27157983000004,35.150240120000035,35.874860360000014,30.77175650000004,37.00109795,37.14978182000005,31.18704593000001,39.383457890000045
106.60262560882155,10.879047248329464,42.632285900000056,41.85639536000002,40.64299826000001,41.442814940000005,38.60414933000001,41.51801138000002,40.03459070000002,41.31976622000002,40.69768657999998,38.86904588000005,40.29436022000005
106.60262560882155,10.897013554011856,39.265536200000014,38.04530306000001,38.725489040000014,36.76012753999999,35.625344900000016,37.72571819000004,37.82142275000004,37.90858226,38.679345770000026,33.39850487000004,37.94618048000001
106.60262560882155,10.932946165376636,35.27157983000004,35.35019428999999,34.75887683000002,36.69860318000002,33.22931288000001,34.010330450000026,35.46640697000001,35.31601409000001,35.51767727000001,35.09213378000004,34.83236426000002
106.60262560882155,10.950912471059029,41.482122170000025,38.821193600000015,39.058745990000034,40.84807946000001,39.26895422000001,39.05190994999998,38.13246257,39.92350505000002,40.14396734000002,38.84170172000006,37.20447014000001
106.60262560882155,11.004811388106198,35.63559896000004,33.29425526,36.18760919000002,35.11947794,34.972503080000024,35.189547350000026,34.64437315999999,37.21814222,35.17929329000003,34.16585036000001,34.977630110000035
106.60262560882155,11.05871030515337,35.12118695000001,34.03254758000003,32.69439275000002,36.12950285000002,34.415365820000034,34.73324167999999,33.67365547999998,35.74497560000003,36.10386770000002,34.30940720000001,33.63605726000003
106.60262560882155,11.07667661083576,32.73369997999998,32.333791640000015,32.10307528999999,34.31453422999999,31.944137360000013,32.67388463000003,34.053055700000016,34.40169374000004,32.81573246000005,32.342336690000025,34.26839096000003
106.60262560882155,11.130575527882932,44.81981870000004,41.19842651000002,41.84272328000003,44.06956331000004,42.30073796000002,41.27191393999999,38.87075489,46.44679622000001,43.61325764,43.22018534000006,46.95608120000003
106.60352392410567,10.393956994904924,39.145905500000026,32.03300588000002,33.413885960000016,32.364553820000026,32.65166750000003,35.52280430000002,32.113329350000015,37.474493720000055,33.753978950000004,33.76936004000004,36.85925012000001
106.60352392410567,10.429889606269704,34.71615158000003,35.66636114000005,30.563257280000016,33.45148418000002,32.820859490000004,36.31065791,32.69951978000006,35.48862410000004,33.13019029999998,34.23079274000003,34.09407194000005
106.60352392410567,10.447855911952097,35.01351932000003,35.621926880000046,33.43268507000005,33.65827439000003,32.53545482000004,35.00497427000005,33.32159942000001,34.545250580000015,34.37093156000003,32.385061940000014,36.28673177000002
106.60352392410567,10.537687440364047,40.85491550000006,39.15615955999999,33.99494936000002,36.58068149000002,35.98423700000001,35.91929462000002,34.251300860000015,37.46423966000003,36.05601542000002,35.45786192000003,43.05953840000001
106.60352392410567,10.555653746046438,39.72696890000003,37.29675668000005,35.94322076000003,36.96179072000001,37.58387035999999,37.12585568000003,35.054535560000005,37.47620273000004,40.99505432000001,36.67638605000002,40.34563051999999
106.60352392410567,10.591586357411218,42.729699470000014,34.887052580000045,33.953933120000016,35.42368171999999,34.82894624000005,35.75693867000001,33.762523999999985,38.32387169000003,36.81310685,33.78132311000002,38.233294160000014
106.60352392410567,10.60955266309361,35.83384412000004,37.67957492000005,35.40146458999999,37.14636380000002,35.59970975000002,35.611672820000024,33.84284747000001,37.10534756000004,35.529640340000014,33.86848262000001,35.568947570000034
106.60352392410567,10.627518968776,39.71329681999998,38.35121585000002,37.88807414000004,38.89809905000004,38.151261680000005,39.10147124000002,37.99745078000001,39.91154198000001,39.03652886000003,34.54183255999999,37.21643321000005
106.60352392410567,10.64548527445839,41.598334850000015,39.918378020000006,40.17472952000003,38.80068548000003,39.81412841000002,37.60437848000004,37.20788816000004,37.52918204000002,39.487707500000056,36.264514640000016,34.61361098000003
106.60352392410567,10.66345158014078,38.72890706000001,37.20447014000001,37.47449372000003,36.97546280000006,37.95985256000003,37.06433132000001,36.60460763000003,37.054077260000014,37.92054533000004,34.86312644000003,32.30644748000003
106.60352392410567,10.681417885823173,42.61519580000004,40.28410616000002,41.48383118000004,39.870525740000005,39.84318158000002,42.96041581999998,40.048262780000016,41.31293018000002,41.25140582000006,35.509132220000026,39.15957758000002
106.60352392410567,10.699384191505562,39.10147124000002,32.93536316000001,37.80091463000002,37.9666886,37.25232242000001,37.71717314,37.25744945000002,37.17028994,37.11560162000004,30.371848160000013,35.486915090000025
106.60352392410567,10.717350497187953,36.08165057000002,38.40932219000004,38.035049000000015,39.21084788000002,37.93250840000002,38.151261680000005,36.45763277,40.00382852000001,38.48622764000004,38.07948326000002,35.608254800000054
106.60352392410567,10.735316802870342,45.27270635000002,43.606421599999976,44.48485274000001,45.018063859999984,43.09030058000002,45.57861914,45.00780980000002,45.231690110000045,43.32614396000002,41.564154650000006,48.27885494000003
106.60352392410567,10.753283108552733,43.08688256000005,42.02729636000004,41.56757267,42.01875131,39.34585967000004,43.05612038000004,37.64026769000003,40.77288302,40.88055065,35.77402877,41.91450170000002
106.60352392410567,10.771249414235124,42.17598022999999,33.29425526,41.6410601,40.19865565999999,41.27362295,42.23579558000006,39.30655244000002,42.63912194,41.33685631999998,34.10945303,40.53020360000005
106.60352392410567,10.789215719917513,45.60596329999999,42.75875264000001,44.29515263000002,43.60983962000003,43.481663870000034,46.31349344,43.56027833000002,43.62692972000002,43.11764474000006,43.36374218000003,45.41455417999998
106.60352392410567,10.807182025599904,41.65131416000003,40.337085470000005,41.74018268000003,36.38756336000006,40.851497480000006,39.15615955999999,42.10761983,43.261201580000034,41.33172929,40.80022717999998,40.268725070000016
106.60352392410567,10.825148331282294,42.14009102,38.41444922000002,40.778010050000034,41.993116160000056,41.69574842000003,42.03755042,39.658608500000014,42.6835562,41.83246922000001,37.11560162000001,41.24798780000003
106.60352392410567,10.843114636964684,41.87348545999998,42.52632728000003,41.27191393999999,40.23625387999999,39.33902363000004,40.16789348000003,39.21084788000002,41.60346188,42.12300091999998,35.642435000000006,41.42230682000002
106.60352392410567,10.861080942647074,44.73949523000002,40.79339114000001,44.60790146,40.95574709000002,40.53362162000002,41.620551980000016,42.36055331000006,43.87644518000002,41.82905119999998,39.54239582000002,41.91791971999999
106.60352392410567,10.914979859694249,37.23523232000002,35.96714690000002,35.95518383000001,36.60289862000002,34.035965600000054,34.94515892000001,36.01329017000003,35.08700675,35.40317360000003,30.12916874000001,34.60677494000004
106.60352392410567,10.968878776741418,40.42082696,38.97500450000001,34.70418851000005,38.94082430000003,38.58876824000004,39.20401184000002,37.619759570000014,40.43962607000003,38.75625122000002,37.53260006000002,36.65758693999999
106.60352392410567,10.986845082423809,40.48576934000005,36.00816314000002,38.82802964000001,39.21084788000002,37.58728838000002,39.456945320000045,37.51550996000003,38.74599716,38.17176979999999,37.15661785999998,37.11218359999998
106.60352392410567,11.022777693788589,35.435644790000026,35.15707616000003,35.249362700000006,35.53647638000001,34.333333340000024,34.856290400000034,34.104326000000015,36.61998872000004,34.97592110000005,32.214160940000056,35.45786192000003
106.60352392410567,11.04074399947098,30.740994320000027,29.512216130000013,30.281270630000023,32.5149467,31.39383614000002,29.79591179000002,30.43679054000006,31.45877852000001,30.433372520000034,29.28320879000003,31.18362791000004
106.60352392410567,11.09464291651815,42.898891460000016,35.07846170000005,41.08563185,38.14784366000004,41.900829620000025,39.77823920000003,38.66738270000002,43.29879979999998,40.38322874000005,35.96372888000002,37.34802697999999
106.60352392410567,11.11260922220054,42.76217066000001,37.53601808000002,32.50298363000002,41.84272328,41.2650779,40.78997312000001,39.5902481,45.46582448000004,43.18429613000001,40.35588458000001,41.00530838000003
106.60352392410567,11.14854183356532,45.24365318000002,41.52655643,37.50354689000002,42.29561093000001,41.15911928000003,40.66350638000006,37.80433265000005,44.86254395000003,41.620551980000016,40.23625388000005,38.61611240000002
106.62059191450396,10.627518968776,38.10682742000006,34.89730664000001,35.33823122000001,37.65223076000001,36.445669700000025,36.58580852,34.722987620000026,38.17176979999999,36.76354556000001,32.67559363999999,36.45079673000001
106.62059191450396,10.64548527445839,39.22793798000004,39.06387302000002,36.199572260000025,38.29823654000003,37.395879260000015,40.79339114000004,36.50035801999999,37.61805056000003,38.359760900000026,34.67513534,37.34119094000002
106.62059191450396,10.66345158014078,40.00211951000003,37.38220718000002,37.573616300000026,36.65929595,38.22304010000002,38.66054666000002,36.19273622000003,37.67273888,38.49989972,35.23910864000004,33.95051510000002
106.62059191450396,10.681417885823173,39.14248748,36.674677040000006,37.4198054,38.26576535000001,37.597542439999984,37.35999005000002,35.61850886000002,38.07606523999999,37.25574044000001,34.073563820000004,36.10557671000004
106.62059191450396,10.699384191505562,33.759105980000015,32.834531570000024,34.11799808000001,34.81527416000006,34.22737472000006,34.97079407000004,34.58626681999999,34.64608217,33.694163600000024,33.40704992000002,32.68242968000001
106.62059191450396,11.04074399947098,40.62249014,36.55504633999999,39.69962474000002,40.82244431000001,40.00041050000005,39.36465878000001,38.13075356000002,42.22041449000002,39.84659959999999,38.42812130000004,38.56996913000003
106.62059191450396,11.07667661083576,41.05316066000003,36.69860318000002,40.566092810000015,39.603920180000046,37.61121452000003,38.36146991000001,35.755229660000055,40.61223608,38.50844477000004,36.02354423,37.94276246000004
106.62059191450396,11.09464291651815,42.73140848,34.86996248000003,44.09007143,40.43108102000002,39.75260405000003,38.70327191000001,38.25380228000006,42.15376309999999,39.49625255000001,36.934446560000026,37.86756602000003
106.62149022978808,10.358024383540142,37.89661919000002,34.68197138000005,33.61896716000001,33.66681944000004,31.904830130000025,34.71273356000003,30.843534920000025,36.46105079000003,33.94026104,33.63263924,37.29675668000005
106.62149022978808,10.375990689222531,32.66192156,31.84843280000001,31.069124240000008,32.35429976,30.19752914,36.31749395000003,29.16186908000003,38.07948326000002,31.47586862000003,32.217578960000026,34.80160208000004
106.62149022978808,10.393956994904924,40.02946367000001,34.22053868000003,33.89582677999999,31.988571620000016,33.39850487000001,36.674677040000006,31.749310219999984,34.446128000000044,32.01933380000003,33.33868952,37.63514066000005
106.62149022978808,10.411923300587317,38.84511974000003,34.924650799999995,33.945388070000035,31.680949820000023,32.911437019999994,34.75716782000001,31.176791869999988,34.73495069000003,33.029358710000025,33.902662820000046,35.92613066000001
106.62149022978808,10.429889606269704,35.037445460000015,29.98561190000004,33.871900640000035,33.82063034000001,34.15901431999998,36.52599316999999,33.020813660000044,40.0687709,33.77619607999998,33.60529508000002,34.65120920000004
106.62149022978808,10.447855911952097,30.55983925999999,27.319556300000045,29.36011424000003,29.24048354000001,28.73290757000001,29.715588320000023,29.401130480000035,30.488060840000003,29.590830590000024,27.603251959999994,30.84524393000001
106.62149022978808,10.465822217634486,34.88021653999999,35.26303478000003,33.16095247999999,34.23421076,32.450004320000005,34.63753712000005,33.76936004000004,34.825528219999995,33.55060676000005,31.67069576,34.70418851000002
106.62149022978808,10.483788523316877,33.694163600000024,33.44806616000005,32.61748729999999,33.608713100000045,31.69633091000003,34.822110200000026,31.35965594000004,33.422431010000025,32.50469264000003,31.33402079000004,33.37286972000004
106.62149022978808,10.501754828999266,39.59366612000002,38.012831870000014,36.98400785000001,34.429037900000026,33.965896190000024,35.08700675000003,32.62090532000002,38.67592775,37.00793399,35.48520608000001,42.64595797999999
106.62149022978808,10.519721134681657,38.22987613999999,36.97546280000006,31.72196606,35.51255024,34.24446482000002,36.92761052000003,32.93878118000001,35.733012530000025,36.07310552000001,33.608713100000045,38.76650528000005
106.62149022978808,10.537687440364047,43.18942316000005,38.328998720000016,33.65314736000005,38.11366346,34.20686660000001,38.11195445000001,34.31966126000003,39.70646078000004,38.88271796000004,37.85218493000002,40.89934976000001
106.62149022978808,10.555653746046438,40.97454620000002,38.27772842000002,36.94470062000005,36.41832554000001,37.534309070000006,36.53453822000006,35.68345124000001,40.13371328000005,40.509695480000005,34.774257920000025,39.56973998000004
106.62149022978808,10.573620051728827,42.630576890000015,37.474493720000055,36.83190596000003,37.82825879000001,34.89730664000001,34.70589752000001,32.52007373000001,38.34608881999998,36.47301386000004,35.57065658000002,36.15342899000001
106.62149022978808,10.591586357411218,39.06900005000003,35.92954868000004,36.72252932000001,37.97352464000005,37.31042876000004,35.56552955000001,35.48007905,38.725489040000014,39.279208280000034,34.83236426000002,39.016020740000044
106.62149022978808,10.60955266309361,37.72913621000001,35.44077182000001,36.39098138000003,34.41878384000003,36.24400652000003,38.59560428,34.92294179000004,37.39417025,36.838742000000025,32.83624057999998,34.44441899000003
106.62149022978808,10.717350497187953,40.23967190000002,38.34950684,38.851955780000026,39.94572218000002,38.14784366000004,38.89639004000003,38.20253198,39.08779916000003,39.205720850000006,39.576576020000005,41.85126833000001
106.62149022978808,10.735316802870342,42.41011460000004,41.08734086000004,42.31270103000003,41.14032017,40.53362162000002,41.369327510000005,37.73426324000002,39.99357445999999,40.03629971000004,39.51505166000004,40.96087412000003
106.62149022978808,10.753283108552733,41.72992862000001,38.71181696000002,42.00507923000001,41.51801138000002,39.42105611,41.89399358000003,38.27431039999999,43.29196376000005,40.17472952,35.89195046000003,39.634682360000056
106.62149022978808,10.771249414235124,42.341754200000025,43.801248740000005,43.49704496000004,42.71260937000002,42.56221649,41.68207633999998,40.97967323,44.76854839999999,42.79635086000002,41.64789614000006,46.95608120000003
106.62149022978808,10.789215719917513,41.75385476000002,41.63251505000002,41.54364653000002,40.44133508000005,40.65837935000002,41.38812661999998,39.83976356000005,41.52142939999999,39.49283453000004,39.22793797999998,40.860042530000015
106.62149022978808,10.807182025599904,43.05953840000001,42.769006700000006,42.61519580000004,44.57372126000001,42.50411015,45.71533994000004,41.965772000000015,44.09861648000003,42.23921360000003,40.67376044000002,41.82905120000001
106.62149022978808,10.825148331282294,42.81002294000001,42.83907611000004,42.62032283000002,40.71477668,40.29436022000005,44.035383110000026,39.28262630000006,43.14498890000005,42.081984680000005,34.630701079999994,42.64253996000002
106.62149022978808,10.843114636964684,42.25630369999999,41.28729503000002,41.06854175000001,40.89934976000001,37.57532531000001,39.45010927999999,38.49648170000003,41.15570126,39.59366612000002,38.68618181000002,40.812190250000015
106.62149022978808,10.861080942647074,40.96429214,40.7181947,40.53703963999999,41.13348413000003,37.86072998000003,40.50798647000002,38.52553487,41.230897700000014,40.20549170000001,36.756709520000015,39.96281227999998
106.62149022978808,10.879047248329464,40.66692440000003,42.11616488000004,38.01112286,42.24092261000004,38.739161120000006,41.66156822000005,40.325122400000055,43.89182627,41.56586365999999,39.08950816999999,40.540457660000015
106.62149022978808,10.897013554011856,39.35440472000005,38.96475043999999,38.72719805000003,40.84807946000001,38.07948326000002,38.73232508000001,38.61782141000003,41.62567901000003,41.210389580000026,34.890470600000015,40.45158914000001
106.62149022978808,10.914979859694249,35.42709974000002,32.96270732000002,35.03231843000003,37.15832687000005,34.42561988,33.99836738000005,35.13998606000001,34.825528220000024,35.16220319000004,34.88363456000002,33.04132178000003
106.62149022978808,10.932946165376636,34.44783701000003,34.630701079999994,34.99642921999998,35.40659162000003,34.44100097000003,34.403402750000026,34.88021653999999,34.242755810000006,34.42220186000003,32.4124061,32.74566305000002
106.62149022978808,10.950912471059029,34.14192422000002,33.34723457000001,32.34404570000001,35.66294312000002,33.73859786000003,35.31259607000004,32.972961380000015,35.17758428000002,34.38118562,32.90118296000003,33.05670286999998
106.62149022978808,10.968878776741418,38.445211400000005,39.20913887000003,35.54673044000003,37.71717314,42.686974220000025,43.62180269000001,41.24627879000002,44.72411413999998,43.22018534000006,43.18600514000002,40.044844760000046
106.62149022978808,10.986845082423809,37.70008303999998,34.72982366000002,34.194903530000005,33.31476338000002,35.08700675000003,34.94515892000004,33.71808973999998,36.42003455,34.912687730000016,31.55790109999998,34.93832287999999
106.62149022978808,11.004811388106198,33.09942812000003,31.31863970000001,33.128481290000025,33.31134536000002,30.334249940000007,31.733929130000007,30.617945599999985,33.09942812000003,31.786908440000047,31.974899540000024,31.6775318
106.62149022978808,11.022777693788589,41.10443096000006,38.27431039999999,37.08825746000002,39.72013286000004,38.38710506000001,38.80068548000003,37.76844344,42.30073796000002,39.41592908000001,38.472555560000046,40.907894810000016
106.62149022978808,11.05871030515337,41.48041316000001,36.459341780000045,39.82950950000003,38.9066441,38.33583476000001,37.447149560000014,36.416616530000056,39.330478579999976,37.313846780000006,35.297214980000035,35.71421342000002
106.62149022978808,11.11260922220054,41.7436007,39.03994688,36.75158249,40.22941784,38.43153932000001,39.47916245000002,37.54627214000004,42.263139740000014,40.63274420000005,36.980589830000014,38.472555560000046
106.62149022978808,11.130575527882932,44.92577732000001,42.15376309999999,42.00507923000004,42.76387967,40.981382240000016,42.16743518000001,40.053389810000056,46.56984494000005,42.65792105000003,41.823924170000026,41.58295376000001
106.62149022978808,11.14854183356532,37.52234600000003,34.63411909999999,30.588892430000016,34.41194780000001,34.06330976000004,34.55208662000001,32.81402345000004,36.79772576000005,35.11264190000003,35.68003322000001,34.203448579999986
106.63855822018634,10.393956994904924,21.13977614000004,30.57009332000004,32.08427618000002,34.54354157000003,31.797162500000013,35.68345124000001,30.535913120000032,32.50811066000006,31.20926306000001,32.16289064,34.50423434000004
106.63855822018634,10.429889606269704,22.894929410000003,33.63093023000002,31.72709309000004,34.49910731,32.11162034,33.10284614,33.94026104,34.47347216000003,32.96612534000002,32.72515493,38.68789082000001
106.63855822018634,10.501754828999266,35.98081897999998,36.48668594000003,37.05749528000001,33.249821,33.07721099,34.32649730000003,31.42801634,34.81014713000002,33.34210754000003,32.16972668000005,41.08734086000004
106.63855822018634,10.519721134681657,41.43939692000004,38.53407992000001,35.16391220000003,34.57259474000003,36.17735513,36.85583209999999,33.15411644000005,39.41934709999998,35.60141876,34.15046927,39.70816979
106.63855822018634,10.66345158014078,32.33550065,31.058870179999985,31.61429843000002,33.20880476000002,31.721966060000028,31.80399854000001,31.968063500000028,32.61748729999999,32.02104281000004,31.38187307000004,33.36945170000001
106.63855822018634,10.717350497187953,38.532370910000026,37.07116736000003,37.46765768000003,39.12881540000001,37.58899739000003,39.723550880000005,37.00622498000001,38.76308726000002,37.64197670000004,35.987655020000034,36.83532398
106.63855822018634,10.735316802870342,41.64447812000003,37.92909038000005,41.31293018000002,41.20868057000001,39.60562919,41.10443096000006,37.58728838000002,40.73528480000002,40.77288302000005,38.97671351,42.14521805000001
106.63855822018634,10.825148331282294,41.78974397000002,41.61713396000005,41.75385476000002,42.57076154000004,39.24844610000002,39.97648436000003,38.13758960000001,42.090529730000014,38.80752152000002,38.88100895000002,39.634682360000056
106.63855822018634,10.843114636964684,42.82027700000003,42.66133907,41.56244564000002,40.95745610000003,37.20959717,40.37297468000003,38.558006060000025,40.88055065000003,37.65393977,38.76308726000002,39.58341206
106.63855822018634,10.914979859694249,32.17314470000002,32.57647106000002,32.63457740000001,33.95393311999999,32.00053469000002,32.86358474000002,30.682887980000032,34.10090797999999,33.591623,34.013748470000024,31.928756270000008
106.63855822018634,10.932946165376636,34.74691376000001,33.84455648000005,33.465156260000015,36.66784100000001,34.88021653999999,33.9846953,35.775737779999986,35.84751620000003,35.25278072000003,30.913604330000027,33.36945170000001
106.63855822018634,10.950912471059029,35.26816181000001,35.19467438000004,36.62340674000001,40.43279003000001,40.46013419000002,39.19546679000001,37.0267331,40.31828636,37.88465612000002,35.58774668000004,35.91074957000004
106.63855822018634,10.968878776741418,34.056473720000014,31.11868553,34.01203945999998,36.38243633000002,34.54866860000004,35.29037893999998,35.55014846000006,35.60996381000001,34.83236426000002,34.06672778000001,33.63605726000003
106.63855822018634,10.986845082423809,35.447607860000005,34.36067750000001,34.21882967000002,36.04234334,34.05818273,34.49056225999999,34.740077720000045,35.11093289000004,34.217120660000035,33.69758162000005,32.69951978000006
106.63855822018634,11.04074399947098,40.08415199000001,38.600731310000015,36.25426058000005,40.89251372000004,38.82802964000001,38.75966924,37.46765768,41.48383118000004,39.18692174,39.40567502000002,37.11901964000003
106.63855822018634,11.11260922220054,41.64789614000006,43.34494307000003,39.99357446000002,39.89445188000002,40.35417557000002,41.15057423000002,38.12391752000002,43.710671210000015,41.36420048000002,39.89103386000002,39.99357445999999
106.63855822018634,11.130575527882932,44.59081136000003,36.70543922000002,33.762523999999985,38.77675934000004,39.52872374000003,39.20742986000005,36.04234334,44.34129589999998,40.32170438000003,37.58728838000002,37.17199895000002
106.63945653547046,10.358024383540142,39.46890839000002,40.29948725000003,34.28719007000001,38.48622764000004,35.181002300000046,39.313388480000015,32.58672512000001,37.53089105000004,36.59606258000002,35.421972710000006,40.97112818000005
106.63945653547046,10.375990689222531,33.21905881999999,35.66294312000002,31.09988642000002,33.21222278000005,31.06228820000001,34.25813690000001,32.043259939999984,33.14044436000006,32.71490087000001,35.064789620000056,36.61998872000004
106.63945653547046,10.411923300587317,38.93227925000002,36.97204478,34.2239567,34.23079274000003,34.497398299999986,35.92613066000004,33.28741922000006,36.40807147999999,34.92806882000002,35.52280430000002,38.15980673000004
106.63945653547046,10.447855911952097,35.83042610000001,35.73130352000004,35.77915580000001,34.30940720000001,34.25471888000004,38.69130884000003,34.18464947000001,37.61463254,35.36044835000001,34.053055700000016,36.33629306000003
106.63945653547046,10.465822217634486,38.73232508000004,36.37730929999998,36.29356781000004,36.11070374000002,36.72252932000004,38.02137692000002,35.211764480000056,37.18054400000005,36.17906414000004,33.76423301000003,35.192965370000024
106.63945653547046,10.483788523316877,30.97000166000001,32.25688619000002,30.40944638000002,30.469261730000028,28.36205240000004,31.14090266000005,30.26759855000003,31.24686128000002,31.10501345,29.61133871000004,31.82963369000001
106.63945653547046,10.537687440364047,31.76640032000003,37.050659240000016,32.26201322000003,35.08529773999999,34.00520342000004,37.70521006999999,31.004181860000017,39.49454354000005,38.60585834000005,33.357488630000034,41.13861115999998
106.63945653547046,10.555653746046438,47.16799844000002,36.40807147999999,36.46959584000001,38.775050330000056,37.26086747,36.45250573999999,35.12460497000004,37.50867392000004,41.09930393000002,38.61953042000002,42.67330214000003
106.63945653547046,10.573620051728827,43.52438912000002,38.71181696000002,39.89103385999999,40.56780182,39.8807798,39.92179604,38.640038540000006,41.26507790000005,40.72161272000005,37.38562520000005,38.61953041999999
106.63945653547046,10.591586357411218,39.77482118000003,37.48816580000005,34.65120920000004,35.80308194000003,35.88169640000004,37.624886600000025,35.68345124000001,37.14636380000002,36.56871841999998,33.17975159000002,39.09463520000003
106.63945653547046,10.60955266309361,39.70646078000004,35.56211153000001,35.24765369000002,35.05111754000001,36.15684701000004,37.70008304000004,35.45786192000003,37.45398560000001,36.502067030000006,34.07698184000003,36.94811864000002
106.63945653547046,10.627518968776,39.42105611,35.92613066000001,32.39702501000002,36.51744812000001,35.48007905,37.53260006000005,33.82575737000002,38.035049000000015,34.25813690000001,32.11503836000003,36.33629306
106.63945653547046,10.64548527445839,40.78997312000001,37.89491018000001,35.31088706000003,38.00257781000005,38.12220851000001,39.22281095,37.2318143,39.07070906000001,40.39690082000004,35.63559896000001,36.77379961999998
106.63945653547046,10.681417885823173,38.90322608000002,35.42026370000002,35.31088706000003,37.76502542000003,36.24400652000003,37.17883499000001,36.14146592000003,36.81139784000004,35.905622540000024,33.46686527000003,35.12973199999999
106.63945653547046,10.699384191505562,39.01089371000003,37.57190729000001,37.67444789000001,39.32706056000001,38.53066190000004,39.19033976,37.02673310000003,36.16197404000002,36.826778930000046,34.912687730000016,38.41444922000005
106.63945653547046,10.753283108552733,42.77242472,38.66909171000003,42.93990770000005,43.32614396000002,40.46013419000002,42.43062272000003,37.84705790000001,43.59104051000003,41.95209992000002,39.32706056000004,41.97944408000001
106.63945653547046,10.771249414235124,43.75681448,45.330812690000016,43.26461960000003,44.18064895999999,41.68549436000001,42.85103918000004,40.80706322000003,42.72457244,43.20993127999998,37.46765768,40.18840160000002
106.63945653547046,10.789215719917513,41.81196110000002,40.34563052000004,40.76433797000004,38.01454088000003,40.78655509999999,41.78461693999998,38.85879182000002,42.81002294000001,40.75408391000002,33.492500420000056,39.36294977
106.63945653547046,10.807182025599904,41.36761850000005,39.525305720000006,40.63616222000002,41.07366878000005,38.07435623000001,39.40567502000005,38.899808060000026,40.64299826000001,38.869045880000016,32.05693201999998,40.795100150000025
106.63945653547046,10.861080942647074,42.82369502000006,40.11833219000002,40.30290527,40.71135866000003,38.60244032000003,40.71477668,38.95449638000002,41.22406166000002,40.54729370000004,33.59845904000002,40.20036467000003
106.63945653547046,10.879047248329464,46.08961313000003,46.79714327000002,45.61963537999998,45.34619378000002,41.10101294000003,45.33764873000004,42.98605097000001,45.97681847000004,41.80683407000001,42.15376309999999,43.43381159000003
106.63945653547046,10.897013554011856,40.5643838,40.31828636,39.08779916000003,41.01727145000001,39.81583742000001,38.79384944000003,39.74064098000002,40.769465000000025,41.63080604000004,34.350423439999986,39.04336490000003
106.63945653547046,11.004811388106198,38.85879182000002,37.12243766,34.890470600000015,37.91370929000004,36.666131990000025,37.34289995,36.55162832000002,39.84318158000002,38.04872108000001,35.854352240000026,34.81527416000006
106.63945653547046,11.022777693788589,42.51778223000002,40.302905270000025,44.84032682000003,42.064894580000015,40.01408258000004,40.02775466000003,40.877132630000006,42.803186900000014,40.52678558000002,38.50331774000006,40.26018002000001
106.63945653547046,11.05871030515337,40.371265670000014,37.94959849999998,40.64983430000001,40.15934843000002,39.95939426000004,40.04142674000002,37.25574044000001,42.82027700000003,40.62590816,40.07902496000003,37.23523232000002
106.63945653547046,11.07667661083576,39.83976356000002,37.13781875000001,39.82950950000003,39.6756986,39.59366612000002,38.23671218000004,36.56871841999998,40.735284800000045,38.086319300000014,36.84557804000002,36.89343031999999
106.63945653547046,11.09464291651815,47.16287141000004,41.73505565000005,45.15136663999999,40.38664676000002,42.39986054000002,42.07514864000001,39.83976356000005,47.14236328999999,41.53851950000001,36.117539780000016,40.70110460000004
106.63945653547046,11.14854183356532,33.57624191000002,33.383123780000005,33.62922121999998,38.20595000000003,35.621926880000046,34.70589752000001,33.53522567000002,38.12049950000005,35.6595251,34.04621966000002,33.65314736000005
106.65652452586872,10.375990689222531,30.12916874000004,32.65166750000003,33.193423670000016,34.15559630000001,32.84307662000003,35.370702410000035,31.298131580000017,33.374578730000025,33.03277673000002,33.89582678000002,29.073000560000025
106.65652452586872,10.429889606269704,32.83624057999998,28.519281320000005,31.125521570000046,31.76981834000003,29.91896051000004,33.909498859999985,31.08792335000004,32.48760254000001,31.222935140000004,31.539101990000034,29.223393439999995
106.65652452586872,10.447855911952097,31.72025705000001,32.27568530000002,30.715359170000028,30.40090133000001,29.99244794000004,31.188754940000024,30.12233270000001,30.361594100000048,30.32057786000001,29.40454850000004,30.98709176000005
106.65652452586872,10.465822217634486,30.37526618000001,31.02810800000003,30.32057786000001,30.00953804000005,29.725842380000017,31.29129554000002,28.136463080000027,30.416282420000016,29.94288665000002,28.16722526000001,25.345649750000007
106.65652452586872,10.537687440364047,43.91575241000001,37.00622498000001,33.24298496000006,35.66294312000002,35.92783967,34.76058584000003,33.468574279999984,39.27579026000001,37.86072998,33.321599419999984,40.56267479000002
106.65652452586872,10.555653746046438,36.99938894000002,35.90391353000001,33.79670420000002,35.57407460000002,33.65314736000005,34.64779118000001,33.59504102000005,34.933195850000004,34.58284880000002,32.42266015999999,32.66192156
106.65652452586872,10.771249414235124,41.53681049000002,41.65985921000004,40.88055065,42.21528746000001,40.33537646000002,41.82905119999998,41.07025076000002,41.48895821000002,40.048262780000016,39.28946234,40.75237490000001
106.65652452586872,10.879047248329464,37.77869750000002,38.518698830000034,36.81310685,40.70110460000001,38.43153932000001,40.45500716000004,37.96327058,40.70623163000005,38.84511974000003,35.22201854000002,37.68470195
106.65652452586872,10.897013554011856,33.93513401000001,31.098177410000005,31.52030288000003,34.79818406000004,33.63263924,33.38995982,33.68049152000003,34.65120920000004,33.495918440000025,27.49387532000003,32.684138690000026
106.65652452586872,11.07667661083576,40.43791706000002,37.101929540000015,37.77527948,37.17370796,36.637078820000056,35.70054134000003,31.21268108000004,37.60266947000002,35.71763143999999,35.36557538,34.75374980000001
106.65742284115284,10.358024383540142,36.10728572000005,36.62340674000001,34.04792867000003,35.74497560000003,35.249362700000006,36.26964167,33.150698420000026,38.69130884000003,36.490103960000056,35.25961676000003,33.827466380000004
106.65742284115284,10.393956994904924,33.94709708000005,31.83476072000002,34.986175160000016,34.17610442000003,32.60039720000003,36.319202959999984,32.718318890000035,33.56769686000001,32.53545482000004,34.96908506,38.798976470000014
106.65742284115284,10.411923300587317,33.97785926000006,31.16824682000004,32.65508552000006,33.99494936000002,31.36649197999997,34.16243234000004,31.43485238000005,34.355550470000026,31.335729800000024,32.15947262000003,33.10968218000005
106.65742284115284,10.483788523316877,31.69120388000005,30.457298659999992,29.66431802,29.763440600000024,28.74657965000003,31.39896317,28.139881100000025,30.76833848000001,29.589121579999983,28.85082926000001,28.35350735000003
106.65742284115284,10.501754828999266,46.590353059999984,38.04872108000004,39.183503719999976,38.00941385000005,35.47153400000002,37.37708015000001,33.00714158000005,39.30313441999999,39.85343564000004,36.45934178000002,46.94240911999998
106.65742284115284,10.519721134681657,40.06877090000003,38.35292486000003,38.23671218000004,35.90391353000004,36.72936536000003,37.836803840000016,34.72127861000001,38.98184054000001,40.15422139999998,31.89286706000001,39.89445188000002
106.65742284115284,10.573620051728827,46.07423204000003,38.26063832,35.181002300000046,36.39098138000003,37.09167548000005,36.148301960000026,31.771527350000014,37.38049817000001,36.346547120000025,35.55869351000001,41.41547078000002
106.65742284115284,10.591586357411218,42.33491816,35.25619874000003,35.102387840000006,34.76058584000003,37.45569461000002,37.24206836000002,34.329915320000026,37.97181563000001,38.03333999,33.30109130000005,38.07948326000002
106.65742284115284,10.60955266309361,37.80262363999998,36.12779383999998,35.970564920000015,36.71398427,36.39781742000002,36.25596959000001,34.66317227000002,37.49500183999999,35.724467480000044,34.02058451000002,35.97740096000001
106.65742284115284,10.627518968776,40.1713115,35.758647680000024,35.95689284000002,36.50719406000002,38.14100761999998,39.43301918000003,37.019897060000034,39.460363340000015,38.407613180000055,37.52405501000004,39.56119493000003
106.65742284115284,10.64548527445839,38.19569594000001,39.20742986000005,36.558464360000016,38.56484210000002,39.32364254000001,39.95939426000001,38.55458804000003,40.52678558,39.91837801999998,37.47278471000001,42.044386460000055
106.65742284115284,10.66345158014078,39.69620672000002,35.481788060000014,35.66294312000002,37.766734430000014,38.05384811000002,36.40123544000002,36.389272370000015,37.86072998000003,37.10363855000003,33.12677228000001,35.28354290000004
106.65742284115284,10.681417885823173,32.78838830000001,34.16755936999999,33.06866594000002,33.51813557000003,33.266911100000016,36.052597400000025,33.98982232999998,34.51790642000003,33.21222278000005,31.561319120000007,32.72344592000002
106.65742284115284,10.699384191505562,32.56963502000002,31.28616851000004,34.02400253000002,37.64539472000001,34.99984724000004,36.22349840000001,35.91587659999999,35.90904056000002,35.50571420000003,35.27670685999999,36.82165190000004
106.65742284115284,10.717350497187953,36.614861690000026,36.00816314000002,37.01306102000001,37.75477136000001,35.50229618000003,37.30701074000001,35.05795358,41.07025076000002,36.45079673000001,35.56723856000002,38.031630980000045
106.65742284115284,10.735316802870342,40.297778240000014,40.66008836000003,41.09417689999998,40.84124342000004,39.5389778,41.55219158,40.24308991999999,44.881343060000006,39.309970460000045,37.99915979000002,40.32854042000002
106.65742284115284,10.753283108552733,42.92623562000006,42.33662717000004,42.09907478000002,44.66600779999999,39.94059515000001,42.194779340000025,41.20013552,42.51949124000001,40.69085054000004,39.25528214000002,43.13131682000005
106.65742284115284,10.789215719917513,42.15376309999999,41.53851950000001,41.87690348000001,41.71625654000002,39.97306634000006,41.31976622000002,38.00428682000006,40.92156689000004,40.78655509999999,36.541374260000026,40.79510015
106.65742284115284,10.807182025599904,45.978527480000025,44.01487499000001,43.38083227999999,44.1533048,41.900829620000025,45.02148188000001,42.79293284000005,45.88965896000002,44.669425820000015,38.506735760000026,45.30517754000002
106.65742284115284,10.825148331282294,41.86835843000003,39.67911662000006,40.94036600000004,37.82996780000002,36.52086614000004,39.20059382,36.208117310000034,43.10397266000001,38.81777558000002,37.80945968,37.31042876000004
106.65742284115284,10.843114636964684,42.96041581999998,41.71796555000003,42.26655776000001,36.32262098000001,39.21255689000003,42.167435179999984,39.25870015999999,41.86664942000005,40.03971773000001,39.01260272000002,41.270204930000034
106.65742284115284,10.861080942647074,41.98969814000003,41.40179870000003,40.87884164000002,41.42230682000002,38.65371062000003,42.39131549000001,39.72013286000004,41.51801138000002,40.67034242,36.49010396000003,39.41251106000004
106.65742284115284,10.914979859694249,35.00668328000006,33.62580320000001,35.01351932,36.93273755000001,34.893888619999984,34.275227,34.12141610000003,37.0267331,36.172228099999984,29.91725150000002,36.47130485000002
106.65742284115284,10.932946165376636,35.22885458000002,35.74497560000003,33.09088307000002,37.94105345000003,36.86437715000002,37.69324700000004,36.95837270000004,38.17860584000002,36.06456047,32.86358474000002,36.05943344000002
106.65742284115284,10.950912471059029,42.02729636000004,41.12152106000002,37.92567236000002,41.33002027999999,38.69301785000002,39.016020740000044,37.81629572000003,41.47528613000003,38.886135980000006,35.594582720000034,40.03117268000005
106.65742284115284,10.968878776741418,41.53510147999998,39.38858492000003,42.60835975999999,40.40031884000004,41.45990504000002,43.15182494000004,39.4364372,43.49704496000004,41.391544640000006,39.185212730000046,40.57463786000002
106.65742284115284,10.986845082423809,39.48428948000003,38.28798248000001,35.29208795000005,36.32432999000002,38.55800606,38.94424232000006,37.65223076000001,39.72013286000004,38.68618181000002,37.166871920000034,39.67911662000006
106.65742284115284,11.004811388106198,40.81902629000001,39.19375778000003,37.66590284000006,36.606316640000045,37.95130751000002,38.78017736000004,37.70350106000004,41.935009820000005,38.73232508000004,39.340732640000056,39.83634554
106.65742284115284,11.022777693788589,39.84318158000002,36.82848794,35.47153399999999,37.03356914000005,35.95518383000001,35.36557538,33.67365547999998,38.12049950000005,36.39781742000002,33.74543390000002,33.27716515999998
106.65742284115284,11.04074399947098,45.34277576,42.53999936000002,41.43085187,38.78017736000004,41.36420048000002,41.26507790000005,40.43962607000003,44.65233572,42.31782806000001,37.15319984000001,39.83292752
106.65742284115284,11.05871030515337,40.78655509999999,38.07264722000002,41.80170704,41.80512506000002,41.18988146000004,40.20890972000001,38.428121300000015,44.04563717000002,41.08563185000003,40.03117268000005,40.33195844000002
106.65742284115284,11.09464291651815,43.119353750000016,37.43860451000003,37.97352464000005,39.03994688,38.40932219000004,38.46230150000002,37.77015245000001,41.50092128000006,38.53749794000004,37.19592509,37.47620273000001
106.65742284115284,11.11260922220054,43.59274952000001,38.255511290000015,36.45592376000002,41.63080604000004,38.52211685,37.35144500000001,36.07823255000002,42.58443362000003,39.576576020000005,37.41467837000005,39.17324966000001
106.65742284115284,11.130575527882932,36.72252932000004,37.00109795,34.83749129000003,39.00576668000002,37.66419382999999,39.491125520000026,38.05213909999998,42.65963006000004,39.262118180000016,39.20401184000002,35.86118828000002
106.65742284115284,11.14854183356532,34.81869218000003,35.08187972000002,34.59481187,37.73426324000002,35.25961676000003,35.18954735,33.01055960000002,38.31532664000002,35.67490619000003,34.30086215,33.66681944000004
106.67449083155113,10.358024383540142,39.09121718000006,39.80900138000004,40.42082696,40.18840160000002,38.20253198,42.49043807000001,35.72617649,39.94230416000005,39.12027035,37.20276113000003,36.03892532000003
106.67449083155113,10.375990689222531,34.00178540000002,35.53305836000001,35.18100230000002,33.80524925000003,35.32114111999999,36.05943344000002,32.66875760000005,36.91906547000002,34.864835450000015,36.26964167,34.049637680000046
106.67449083155113,10.393956994904924,32.95928930000002,35.92613066000001,32.04667796000004,33.61042211,33.58478696000003,38.64687458000003,32.955871280000025,36.61315268000001,35.37582944000002,34.536705530000006,33.33014447000002
106.67449083155113,10.411923300587317,32.47393046000002,35.41684568000005,34.12141610000003,32.72002789999999,33.22589486000004,35.27157983000001,30.877715120000005,34.217120660000035,33.45832022000002,32.08769419999999,33.93171598999999
106.67449083155113,10.465822217634486,34.972503080000024,36.50035802000002,34.056473719999985,35.444189840000035,35.905622540000024,39.892742870000006,33.102846140000025,36.80456179999999,38.05555712,34.01203946000001,40.613945090000016
106.67449083155113,10.483788523316877,38.985258560000034,36.91735646000001,35.97740096000001,35.987655020000034,36.72765635000002,37.82996780000002,33.21393179000003,36.847287050000006,36.199572260000025,35.38950152000001,37.75135334000004
106.67449083155113,10.501754828999266,42.946743740000045,40.07902496000003,32.61236027000004,37.77869750000002,36.78234467000004,38.75966924,33.67536449000002,37.43689549999999,36.886594280000025,33.98640431000001,39.73380494000003
106.67449083155113,10.519721134681657,41.47870415000003,36.67296802999999,37.659066800000005,35.96031085999999,35.81333599999999,36.713984270000026,33.750560930000034,37.54627214000004,35.76377471000001,34.80502009999998,39.76114910000001
106.67449083155113,10.537687440364047,44.48143472000001,36.67125902000004,35.16733022000005,36.91393844000004,37.74964433000002,36.46105079,33.68049152000003,38.91348014000002,36.86608616000001,32.91827306000005,40.30461428000001
106.67449083155113,10.555653746046438,38.38368704000001,36.41832554000001,36.06626948000002,36.89001230000002,36.38414534000003,36.50719406000002,32.83624057999998,35.53476737,35.21176448000003,32.97467039,34.62386504000003
106.67449083155113,10.573620051728827,40.55242073000005,39.21426589999999,34.68880741999999,36.66271397000003,35.84409818000003,35.36557538,34.76400386000003,38.298236540000005,36.242297510000014,34.01545748000001,38.91348014000005
106.67449083155113,10.591586357411218,36.30894890000002,32.97125237000003,40.18669259000004,43.10397266000001,41.153992250000016,40.766046980000056,39.35098670000002,41.54535554000003,40.981382240000016,38.11879049000001,41.14544720000004
106.67449083155113,10.60955266309361,35.00839229000002,34.97933912000002,34.0872359,36.41832554000001,34.909269710000046,36.07994156000001,33.76252400000001,35.52622231999999,34.62728306,33.53693468000006,35.43393578000001
106.67449083155113,10.627518968776,38.17518782000002,36.76354556000001,38.79043142000003,37.11047459000002,37.66590284000006,37.08483944,36.63878783000001,37.768443440000055,36.338002070000016,34.97933912000002,35.99790908
106.67449083155113,10.64548527445839,33.62238518000004,34.44270998000002,32.80547840000003,35.01351932,34.31453422999999,35.589455689999994,33.639475280000056,34.666590290000045,33.22931288000001,33.003723560000026,32.480766500000016
106.67449083155113,10.66345158014078,43.25436553999998,42.83907611000001,54.20911964000004,54.20911964000004,54.20911964000004,54.20911964000004,54.20911964000004,54.20911964000004,54.20911964000004,54.20911964000004,54.20911964000004
106.67449083155113,10.681417885823173,33.786450140000056,31.41092624000004,34.152178280000044,34.93490486000002,34.290608090000035,34.55208662000001,33.9846953,34.208575610000025,33.73517984,32.81573246000005,35.34164923999998
106.67449083155113,10.699384191505562,32.070604100000025,32.28081233000003,32.46709442000002,32.88580187000002,32.091112220000014,33.81379430000001,32.74737206000003,32.66363057000004,32.42778719000003,32.74908107000002,31.83817874000001
106.67449083155113,10.717350497187953,35.42709974000002,31.29642257000004,34.35384146000001,33.8821547,34.200030560000016,36.182482160000006,34.15559630000001,34.887052580000045,34.083817880000026,34.00178540000002,33.22247684000001
106.67449083155113,10.735316802870342,43.45773773000002,41.736764660000006,43.74314240000001,42.333209150000044,41.80170704,43.473118820000025,43.53122516000002,42.57759758,41.75385476000002,41.37445453999999,40.67546944999998
106.67449083155113,10.753283108552733,41.07366878000005,40.02433664000003,41.08734086000004,41.43426989000002,38.506735760000026,41.16766433000001,40.48235132000002,40.25334398000001,39.24331907000001,38.35292486000003,39.60050216000002
106.67449083155113,10.771249414235124,40.84637045,42.15205409000004,39.89616089,39.99015644000002,39.13906946000003,41.35907344999998,39.77140315999998,40.195237640000016,39.25528214000002,38.60073131000004,40.130295260000025
106.67449083155113,10.789215719917513,43.391086340000015,41.80512506000002,42.868129280000005,43.445774659999984,40.92327590000002,42.475056980000005,38.89639004000003,43.16891504000003,40.297778240000014,39.197175800000025,40.80022717999998
106.67449083155113,10.807182025599904,42.11958290000004,40.93011194000002,41.27362295000003,41.01898046000002,39.57828503000002,41.67353129,39.55435889000003,41.58637178000004,38.945951330000014,38.35634288000003,39.231356000000005
106.67449083155113,10.825148331282294,47.59525094000003,39.12710639000002,39.193757780000055,42.548544410000034,42.090529730000014,42.36226232000001,38.52895289000003,42.97750592,41.70771149000004,36.51915713000005,40.82415332000005
106.67449083155113,10.843114636964684,44.33445986000001,43.589331500000014,43.67478200000005,44.04221915,39.90812396000001,43.40475842000001,42.07173062000004,42.72457244000003,41.30267612,40.237962890000034,40.656670340000005
106.67449083155113,10.861080942647074,42.36568034000004,42.06831260000001,42.08540270000003,41.80512506000002,40.099533080000015,45.18554684000003,40.11149615000005,43.43722961,41.95551794000005,42.181107259999976,42.09223874000003
106.67449083155113,10.879047248329464,38.83144765999998,37.19250707000003,36.34825613000004,40.33195844000005,38.56484210000002,40.47209726,37.474493720000055,40.03459070000002,37.59070639999999,38.43153932000001,38.31019961000001
106.67449083155113,10.897013554011856,35.15707616000003,29.879653280000014,36.168810080000014,36.23717048000003,33.728343800000005,34.93832287999999,34.69564346000004,37.477911740000025,36.11412176000002,29.96510378000005,34.367513540000004
106.67449083155113,10.914979859694249,34.41194780000001,34.191485510000035,35.88169640000001,35.13656804000004,33.08575603999998,32.68584770000001,34.19661254000005,35.66636114000005,35.79453689000002,34.329915320000055,34.45638206000001
106.67449083155113,10.932946165376636,35.91929462000002,35.85777026000005,35.662943119999994,38.325580700000046,36.26793266000004,35.53305836000001,36.45592376000002,37.06433132000001,36.15171998,34.69906148000001,34.584557810000035
106.67449083155113,10.950912471059029,36.11070374000002,36.99938894000002,37.590706400000045,38.99893064,36.65929595,36.83361496999999,37.89491018000001,39.56973998000001,37.49158382000002,36.58239050000003,36.70543922000002
106.67449083155113,10.968878776741418,43.31247188000003,42.51265520000004,40.95403808000003,44.61986453,42.40327856000002,43.620093680000025,41.870067440000014,44.02512905,42.56392550000001,34.83578227999999,42.33150014
106.67449083155113,10.986845082423809,40.77971905999999,33.10626416000002,38.7015629,36.21324434000002,37.68641095999999,38.67592775000003,38.37514199000003,40.01066456000001,38.56826011999999,33.275456150000025,36.62340674000001
106.67449083155113,11.004811388106198,39.658608500000014,37.88294711,37.71717314,41.06854175000004,39.04336490000003,38.622948440000016,40.0687709,42.39302450000002,40.77288302000005,39.57657602000003,40.86346055000001
106.67449083155113,11.022777693788589,39.52188769999998,37.51550996000003,32.51836472000002,37.94959850000004,36.307239890000005,36.09361364000006,34.13167016,38.00428682000006,35.42026370000002,32.62090532000002,33.51984458000004
106.67449083155113,11.04074399947098,42.51094619000003,37.97352464000005,38.272601390000034,41.206971560000056,41.85297734000005,40.41399092000006,39.663735530000025,45.127440500000006,41.408634740000025,38.178605840000046,38.29823654000003
106.67449083155113,11.05871030515337,43.11593573000005,39.26553620000004,41.13519314000001,39.36636779000003,37.49329283,39.022856779999984,37.74280829000003,41.075377790000005,38.56484210000002,36.37047326000004,36.37389128000001
106.67449083155113,11.07667661083576,47.44827608,44.65917176000002,45.58545518000005,44.71215107000003,43.80466676000003,41.46161405000001,42.07856666000004,44.76171236000005,44.86083494000002,42.21186943999999,43.56540536
106.67449083155113,11.09464291651815,47.51321846000002,42.80660492000004,41.28558601999998,44.17381292000002,43.74997844000001,42.00337022000002,41.86323140000002,46.730491880000045,44.19773906,41.28729503,40.77459203000001
106.67449083155113,11.11260922220054,36.182482160000006,35.529640340000014,29.086672640000018,36.25938761000003,34.17268640000003,34.19319452000002,32.72344592000002,36.34996514,35.59287371000005,34.37093156000003,35.22885458000002
106.67449083155113,11.130575527882932,35.309178050000014,31.37674604,31.83817873999999,37.22839628000003,33.99836737999999,37.67957492000005,33.86506459999998,37.547981150000055,35.53647638000001,35.235690620000014,34.61702900000003
106.67449083155113,11.14854183356532,36.68493110000003,33.48224636000003,29.66431802,37.87440206000002,34.18123145000001,34.46834513000002,34.129961149999986,40.16276645000002,36.92077447999998,33.68220052999999,37.08142142000003
106.67538914683524,10.429889606269704,36.66271397,35.02719139999999,35.15536715000002,35.54502143000002,34.85970842000006,38.212786040000026,34.34871443,36.985716860000025,36.45592376000002,35.444189840000035,35.75181164000003
106.67538914683524,10.447855911952097,45.602545280000015,39.74405899999999,40.64641628000004,39.60562919000003,38.55629705000001,42.328082120000005,37.86072998000003,39.750895040000046,41.61371594000002,36.66784100000001,40.66350638000006
106.69245713723352,10.429889606269704,33.94709708000005,33.8821547,31.827924680000024,32.28935738000001,33.22247684000004,37.447149560000014,30.78542858000003,37.28650262000002,35.60996381000001,34.242755810000034,36.61827971000002
106.69245713723352,10.555653746046438,37.28137559000004,36.11583077,34.49056226000002,35.10580586000003,34.72982366000002,35.63730797000002,33.26862011,36.81481586000001,34.55892266000001,34.692225440000016,35.28866993
106.69245713723352,10.879047248329464,36.83532398,36.22008038000001,36.94811864000002,35.31430508,34.80331109000002,38.56484210000002,34.80160208000001,37.65223076000001,37.21130618000001,35.36728439000004,36.462759800000015
106.69335545251764,10.358024383540142,38.108536430000015,35.84238917000005,34.65120920000004,33.465156260000015,33.957351140000014,36.79601675000001,33.04132178000003,37.594124420000014,35.48862410000004,34.782802970000034,36.68493110000003
106.69335545251764,10.375990689222531,33.73176182,34.60506593000002,33.07550198000001,31.54593803,33.024231680000014,36.26280563000003,32.83965860000001,34.65120919999998,34.98446615000003,33.76936004000004,35.05453555999998
106.69335545251764,10.393956994904924,35.28012488000002,35.01351932,31.29471355999999,33.383123780000005,31.086214340000023,35.96031085999999,33.42072200000001,34.48543523000004,33.97785926000006,32.82085949000003,31.034944040000028
106.69335545251764,10.411923300587317,34.364095520000035,36.24742454,31.431434360000026,32.79351533000002,33.61896716000001,37.45398560000001,31.43827040000002,36.28502276,34.91439674000003,33.59504102,36.09703166000003
106.69335545251764,10.447855911952097,27.26144996,31.067415229999995,27.38449867999998,30.61452758000001,28.05101258000002,29.954849720000027,28.71752648000006,29.924087540000016,29.806165850000014,27.76560791,26.28902327
106.69335545251764,10.465822217634486,33.13531733000002,34.86996248000003,29.27808176000002,31.93046528000002,31.22635316000003,35.13998606000001,30.90847730000001,34.72982366000002,34.623865040000055,32.337209659999985,33.64972934000002
106.69335545251764,10.483788523316877,43.633765760000045,41.04119759000002,40.13713130000002,40.80022717999998,39.06045500000005,42.92281760000003,38.68447279999998,40.41569993000002,41.51801138000002,39.25186412000005,42.99117799999999
106.69335545251764,10.501754828999266,31.595499320000044,31.880903990000007,30.53249510000001,30.53249510000001,30.002702,31.48783169000004,28.10228288000002,30.740994320000027,30.05397230000005,28.25267575999999,31.17850088000003
106.69335545251764,10.519721134681657,43.227021380000025,37.57019828,38.851955780000026,37.05578627000003,36.74303744,39.20742986000002,34.09748996000002,39.072418070000026,36.881467250000014,31.93388330000002,40.31657734999999
106.69335545251764,10.537687440364047,36.61144367,35.40659162000003,31.82450666,34.90072466000001,34.18123145000004,35.54673044000003,32.15263658000001,34.92635981000001,33.22589486000004,31.956100429999992,34.36580453000005
106.69335545251764,10.573620051728827,34.60506593000002,38.19911395999998,34.36067750000001,34.87850753000001,34.24446482000002,35.68345124000004,34.617029,35.81333600000005,34.553795630000025,33.35407061000001,36.80456179999999
106.69335545251764,10.591586357411218,32.56621700000005,32.59014314000001,31.42118030000006,32.596979180000005,31.75272824000001,31.47586862000003,31.58866327999999,31.90312112000004,31.21097207,30.450462620000053,31.188754939999995
106.69335545251764,10.60955266309361,35.95689284000002,38.320453670000006,34.35384146000001,36.64391486,36.23033443999998,34.87679852000002,34.91952377000001,36.41490751999999,34.053055700000016,33.027649699999984,33.81208529
106.69335545251764,10.627518968776,36.28502276000006,38.33070773,34.98959318000004,37.758189379999976,36.312366920000045,35.153658140000005,35.91587660000005,35.953474820000054,35.58091064000001,34.39143968000002,36.91052042000001
106.69335545251764,10.64548527445839,37.50525590000001,40.03459070000002,36.69860318000002,38.08461029000003,39.49454354000002,36.74303744000002,37.7103371,39.06216401000003,40.19865565999999,37.99745078000004,41.22406166000002
106.69335545251764,10.66345158014078,37.15832687,38.71181696000002,37.56336224000006,38.20595,37.12072865000002,40.08244298000005,38.04530306000004,38.70668993000001,37.78895155999999,35.94663878000006,37.64539472000001
106.69335545251764,10.681417885823173,32.73711800000001,35.63388995,33.21734981,34.924650799999995,35.30405102000003,36.06797849000003,33.41901299000003,35.39291953999998,36.00474512000005,32.46025838000003,34.00178540000002
106.69335545251764,10.699384191505562,34.35725948000001,33.73688885000004,32.75420810000003,33.10968217999999,32.14921856000004,33.30280031000001,31.875776960000053,33.05328485000001,32.63457740000001,32.36284481000004,32.40557006
106.69335545251764,10.717350497187953,40.605400040000006,35.91587660000005,36.52428416000001,36.64733288000002,36.72765635000002,36.018417200000044,34.12825214000003,35.44077182000001,35.65268906000006,33.95564213,34.514488400000005
106.69335545251764,10.735316802870342,38.78017736000004,31.31863970000001,38.33925278000004,38.725489040000014,36.532829210000045,40.15763942000001,37.149781820000015,38.62807547000003,38.21620406000002,36.954954680000014,41.227479680000016
106.69335545251764,10.753283108552733,42.65450303000003,40.15080338000001,38.959623410000006,37.25232242000004,38.40077714,40.20549170000001,37.007933990000026,37.64881274000004,37.166871920000006,37.36169905999998,39.50479760000002
106.69335545251764,10.771249414235124,41.38812661999998,43.57907743999999,41.473577120000016,38.445211400000005,38.74941518000003,41.84272328000003,39.45352730000002,41.16082829000004,39.75773108000001,37.94788949000002,36.609734660000015
106.69335545251764,10.789215719917513,37.08142142000003,34.617029,39.084381140000005,37.50867392000004,37.97694266000002,37.54969016000001,37.39929728000004,39.16983164000001,38.58535022000001,38.23671218000001,37.43689549999999
106.69335545251764,10.807182025599904,41.892284570000015,41.27191394000005,41.65815020000002,42.06831260000001,38.13417158000004,43.763650520000056,38.19911395999998,41.52142939999999,40.35075755,40.65667034000003,42.38106142999999
106.69335545251764,10.825148331282294,41.736764660000006,40.017500600000005,40.70110460000001,42.056349530000034,38.58876824000001,40.79510015,38.36659694000002,39.76456712000004,39.22793797999998,37.590706400000045,37.78211551999999
106.69335545251764,10.843114636964684,38.11879049000004,36.27135068000001,35.02377338000002,37.73426324000002,34.97933912000002,39.13565144000006,38.18885990000001,42.017042300000014,41.75556377000004,40.55242073000002,43.753396459999976
106.69335545251764,10.861080942647074,42.191361320000055,41.78461694000001,39.90470593999999,42.43233173000005,38.68447279999998,41.78119892000001,39.45352730000002,42.27510281000002,39.34927769000001,38.19398693000002,37.19079806000002
106.69335545251764,10.897013554011856,34.64266415000003,34.88876159000003,35.481788060000014,35.874860360000014,33.258366050000035,37.443731540000016,33.60529508000002,36.194445230000014,34.17610442,35.29379696000001,33.29083724000003
106.69335545251764,10.914979859694249,37.94959849999998,38.00599583000002,38.224749110000005,37.81287770000006,36.70543922000002,37.63855868000002,36.14146592000003,39.050200940000025,37.98548771000003,37.79578760000004,36.411489500000016
106.69335545251764,10.932946165376636,35.31772310000002,34.50423434000004,34.26668195000002,35.66636114000005,34.00691243,33.57453290000001,34.58284880000002,35.86802432000002,34.45638206000001,28.68676430000005,33.19171466
106.69335545251764,10.950912471059029,45.32910368000003,42.88863739999999,42.35713529000003,41.66156821999999,44.21141114000002,45.161620700000014,44.56004918000002,45.141112580000026,43.51413506000006,40.61736311000004,42.82027700000003
106.69335545251764,10.968878776741418,43.28341871000004,37.953016520000006,41.897411600000055,36.97204478,41.14544720000004,41.083922840000014,40.59856400000001,42.76900669999998,41.28216800000001,38.99551262,39.00063965000001
106.69335545251764,10.986845082423809,45.53418488,38.27431040000002,43.20993127999998,42.33150014,44.30711570000005,43.06979246000003,41.83076021000002,45.28637843000001,42.57588857000002,42.50240114000002,42.24946766000005
106.69335545251764,11.004811388106198,39.952558220000014,34.35555047,32.24150510000004,36.98229884,35.854352240000026,35.48520608000004,35.14682210000001,38.85879182000002,37.465948670000046,31.95268241,34.11799808000001
106.69335545251764,11.022777693788589,43.801248740000005,38.15809772,32.95928930000002,38.39735912000003,40.591727960000014,39.072418070000026,40.35930259999998,43.59958556000004,42.41353262000001,34.69564346000004,39.75602207
106.69335545251764,11.04074399947098,45.71192192000001,41.11468502000002,39.32706056000001,41.33685632000004,41.28900404000001,40.10807813,40.22941784000005,42.86471126000004,41.63764207999998,40.78142807000003,39.284335310000046
106.69335545251764,11.05871030515337,44.66600779999999,35.39291953999998,36.5482103,41.8461413,40.17472952000003,39.07754510000004,39.06216401000003,42.93990770000005,41.230897700000014,37.77015245000001,37.426641440000026
106.69335545251764,11.07667661083576,44.54979512000003,43.637183780000015,41.11981205000001,41.78290793000002,41.62738802000001,42.96725186000003,43.84910102000004,45.64356152000005,43.16549702000003,43.045866320000016,40.164475460000006
106.69335545251764,11.09464291651815,45.364992890000025,41.20013552,41.95893596000002,40.43279003000001,38.566551110000006,42.00166121000001,41.210389580000026,44.90185118,42.22554151999998,42.95357978000001,39.88761584000002
106.69335545251764,11.11260922220054,39.81925544000004,39.47232641000002,36.04576136000003,38.78701340000004,37.69495601,40.58489192000002,38.85708281000001,41.64447812000003,39.10147124000002,37.50183788000001,37.31555579000002
106.69335545251764,11.130575527882932,45.49658666000005,41.12493907999999,38.69301785000002,44.73607721000002,42.55025341999999,42.84078512000002,41.87861249000002,46.29640333999998,43.50046298000001,42.66475709,45.10351436000002
106.69335545251764,11.14854183356532,43.63547477000003,36.247424540000026,38.77334132000004,41.810252090000034,40.92669392000005,43.70554418000006,42.51265520000004,47.44144004000003,44.79931058,43.38425030000002,43.35177911000005
106.71042344291592,10.358024383540142,31.80741655999998,33.60529508000002,36.09019562000003,33.04132178000003,32.78497028000004,37.0267331,33.988113320000025,33.8821547,34.51107037999998,32.86358474000002,35.68686925999998
106.71042344291592,10.375990689222531,36.086777600000005,36.95324567000003,33.45490219999999,32.925109099999986,34.36067750000001,37.43689549999999,33.08233802000001,35.57920163000003,34.35725948000004,32.55596294000003,34.79134801999999
106.71042344291592,10.393956994904924,34.083817880000026,33.53522567000002,31.24344326000005,32.20048886000001,33.321599419999984,35.21176448000003,29.609629700000028,33.871900640000035,33.14386238000003,34.039383620000024,37.51892798000006
106.71042344291592,10.411923300587317,35.56723856000002,35.36728439000001,36.24913355000001,34.69564346000004,34.17268640000003,38.39565011000002,34.36067750000001,33.77106905000002,35.374120430000005,35.29379696000001,37.166871920000006
106.71042344291592,10.429889606269704,35.81675402000002,35.42709974000002,33.996658370000006,36.34142009000004,34.48201721000001,34.88021653999999,32.54912690000003,33.318181400000014,35.14340407999998,35.65439807000001,37.08825746000002
106.71042344291592,10.447855911952097,34.41878384000006,36.46105079,31.51517585000002,34.601647910000025,31.70145794000001,37.25061341000003,33.45148418000002,36.53453822000006,35.78770085000002,34.186358480000024,35.95689284000002
106.71042344291592,10.465822217634486,35.049408529999994,35.12973200000005,33.607004090000004,37.19421608000005,34.88363456000002,36.97888082000003,33.40875893000003,35.16391220000003,33.76081499000003,34.54183255999999,35.83042610000001
106.71042344291592,10.483788523316877,30.453880640000023,31.98515360000001,29.33447909,29.780530699999986,29.14136096000001,30.40090133000001,28.92773471000001,29.652354950000017,29.51734316,27.82200524000001,29.970230810000032
106.71042344291592,10.501754828999266,37.313846780000034,36.91906547000002,36.81481586000001,35.28012488000002,35.11605992,37.33606391000001,34.16243234000001,36.55675535000003,36.85241408000002,34.765712870000016,36.84899605999999
106.71042344291592,10.519721134681657,42.35371727,37.48132976,38.11366346,37.40955134000001,36.69860318000002,39.316806499999984,34.63411910000002,39.80900138000004,37.06091330000004,34.683680390000035,39.57999404000003
106.71042344291592,10.537687440364047,36.148301960000026,33.91975292000001,34.66146326000003,35.19296537,35.03573645000003,34.50765236000001,31.655314670000053,35.69370530000003,34.347005420000016,34.389730670000034,36.42345257000002
106.71042344291592,10.555653746046438,35.70566837000001,34.82894624000002,33.902662820000046,36.56188238000004,34.83236426000002,35.133150020000016,32.97125237,36.42857960000004,34.26839096000003,34.20686660000001,36.74132843000001
106.71042344291592,10.573620051728827,36.36705524000001,38.21620406,35.529640340000014,36.03208928000004,36.15513800000002,34.73324167999999,34.87679852000002,35.83042610000001,34.02912956,33.897535790000006,33.18146060000004
106.71042344291592,10.591586357411218,37.93934444000001,38.66738270000002,34.23079274000003,37.45227659,35.28525191,35.02377338000002,34.98959318000004,37.14978182000005,34.28377205000004,33.14386238000003,35.037445460000015
106.71042344291592,10.60955266309361,35.28012488000002,36.13121186000001,33.39508685000001,35.04428150000001,35.19125636000001,33.97444124000003,34.58284880000002,35.382665480000014,33.97444124000003,32.873838800000044,33.41730398000004
106.71042344291592,10.627518968776,34.42561988,37.70350106000001,33.86164658000001,35.80649996,34.933195850000004,38.56142408,36.035507300000006,37.101929540000015,36.17735513,34.80160208000001,37.12243766000006
106.71042344291592,10.64548527445839,41.849559320000026,38.27772842000002,34.57430375000001,33.98982233000004,38.30165456,38.4964817,37.46765768,39.57315800000004,44.794183550000014,33.85481054000002,40.02433664
106.71042344291592,10.66345158014078,33.63605726000003,32.330373620000046,31.50833981000005,32.55254492000006,32.59356116000001,33.321599419999984,30.89822324,34.14876026000002,33.83088440000006,32.214160940000056,32.84478563000005
106.71042344291592,10.681417885823173,33.30280031000001,33.020813660000044,32.57647106000002,35.560402520000025,33.13531733000002,36.06626948000002,32.933654150000024,34.41878384000006,34.02912956,34.50765236000001,33.91633490000004
106.71042344291592,10.699384191505562,34.104326000000015,36.61998872000004,33.32501744000001,35.51596826000002,32.532036800000014,35.79966392000003,34.19661254000005,34.972503080000024,34.68538940000002,35.39291953999998,33.69245459000001
106.71042344291592,10.717350497187953,35.56382054000005,37.47449372000003,34.72982366000002,36.77038160000001,34.743495740000014,37.55823521000002,33.97444124000003,35.015228330000014,34.27864502000003,34.72469663000001,33.51984458000001
106.71042344291592,10.735316802870342,38.990385590000045,37.56678026000003,38.026503950000034,40.18840160000002,39.66544454000001,38.28285545000003,37.21814222,39.27579026000001,38.89639004000003,36.94982765,37.81971374
106.71042344291592,10.753283108552733,42.60835976000001,42.93990770000005,40.94720203999998,41.31122117000004,39.68253464000003,41.56928168000002,38.44862942000003,40.89251372000001,39.77823920000003,38.55117002000003,38.691308840000005
106.71042344291592,10.771249414235124,39.663735530000025,39.15274154000002,39.14932352000005,39.88761584000002,37.61463254000003,38.98354955000002,36.25596959000001,38.69814488000003,39.417638090000025,37.79578760000004,38.34437980999999
106.71042344291592,10.789215719917513,41.91791971999999,41.56928168000002,40.70110460000001,41.43597890000001,40.458425180000006,42.65963006000001,39.36465878000001,42.09223874000003,40.57292885000004,39.34756868000002,40.38322874000002
106.71042344291592,10.807182025599904,43.06124741000002,42.51265520000001,43.201386230000026,41.69916644,40.94720204000001,44.994137720000026,38.41444922000005,42.73824452000002,40.88909570000001,40.588309940000045,41.28558601999998
106.71042344291592,10.825148331282294,40.06535287999998,39.456945320000045,38.30507258,39.96281227999998,37.85731196000003,38.21278604,37.15319984000001,37.52576402,38.46913754000002,37.30701074000001,37.706919080000034
106.71042344291592,10.843114636964684,41.03436155000003,39.90641495000003,39.607338200000015,39.07070906000001,38.00428682000006,38.90322608000002,36.45250574000002,39.53214176000006,38.42128525999999,37.20447014000001,35.37582944000002
106.71042344291592,10.861080942647074,38.60244032000003,39.262118180000016,39.88077980000003,39.70304276000002,36.62682475999998,39.538977800000026,35.707377380000025,40.59856400000001,37.65735779000002,38.96133242000002,40.80535421000002
106.71042344291592,10.879047248329464,38.83657469000002,38.89126301000002,35.53134935000003,37.18054400000005,35.22543656000005,37.107056570000026,36.98229884,38.380269020000014,37.56336224000003,37.89149216000004,36.06456047000003
106.71042344291592,10.897013554011856,39.30826145,38.12049950000005,38.74599716,37.38049817000001,37.82825879000001,38.10340940000003,37.49158382000002,39.771403160000006,37.02331508,37.477911740000025,38.90664410000002
106.71042344291592,10.914979859694249,39.82267346000003,38.27772842000002,38.065811180000026,33.16949753000003,37.52576402,38.19227792000004,37.149781820000015,39.785075240000026,36.77721764,32.26372223000004,35.24594467999998
106.71042344291592,10.932946165376636,43.679909030000005,41.81196110000002,41.19159047000002,44.60961047000001,42.51265520000004,42.72457244000003,42.75362561000003,45.85547876000001,42.604941740000015,43.02194018000003,41.473577120000016
106.71042344291592,10.950912471059029,43.65769190000003,40.96771016000002,40.11320516000001,41.18304541999999,43.127898800000025,43.27145564,43.30221782000001,44.32078778000002,42.75533461999999,42.84933017000003,41.67524030000004
106.71042344291592,10.968878776741418,40.51311350000003,37.99061474000001,41.10101294000003,38.25038426000003,40.62932618000002,40.50627745999998,40.31486834000003,43.04415731,40.14225833000003,35.20834646000003,39.16128659000003
106.71042344291592,10.986845082423809,46.31007542000003,42.44429480000002,39.96452129000002,43.07321048000003,43.64401982000004,43.79441270000004,41.37103652000002,47.884073630000046,43.69529011999998,42.929653640000026,45.38379200000003
106.71042344291592,11.004811388106198,41.34881939000002,40.12345922000003,34.18977650000002,39.68253464000003,39.90812396000001,39.36807680000001,39.71329681999998,42.96041581999998,39.525305720000006,38.9066441,38.85879182000002
106.71042344291592,11.022777693788589,40.099533080000015,37.495001840000015,35.92954868000004,40.21916378000003,40.21232773999998,38.91006212000002,40.056807830000025,43.16891504000003,39.69962473999999,39.72355088000003,37.79578760000004
106.71042344291592,11.04074399947098,44.320787780000046,39.62784632000006,43.753396459999976,43.55856932000003,40.74041183000003,43.00485007999998,44.50877888000002,44.63524561999998,43.77732260000005,43.61325764000003,40.95403808
106.71042344291592,11.05871030515337,40.29094220000002,35.76548372000002,35.93296670000004,38.65712864,38.25038426,39.30826145000003,37.79236958000001,41.01727145000001,39.60562919,38.33241673999999,37.318973810000045
106.71042344291592,11.07667661083576,42.81002294000001,36.756709520000015,40.49602340000001,41.671822280000015,41.67524030000001,43.29196376000005,44.87450702000001,45.602545280000015,43.55173328000001,42.43404074,43.58078645000003
106.71042344291592,11.09464291651815,38.23671218000004,37.14807281,28.46972003000002,38.35634288000006,38.49477269000002,37.542854120000015,37.25232242000004,41.15911928000003,38.821193600000015,36.29869484000002,37.51892798
106.71042344291592,11.11260922220054,36.527702180000006,36.09361364000006,36.37389128000001,38.24013020000001,36.72936536000003,35.08187972000002,36.54137426,39.00576668000002,38.619530420000046,36.05430641000001,37.73426324000002
106.71042344291592,11.130575527882932,39.34585967000004,36.55162832000002,37.344608960000016,39.47232641000005,38.27089238000002,38.937406280000005,38.81093954000005,43.41159446000006,39.66886256000001,37.51892798000003,40.02775466000003
106.71042344291592,11.14854183356532,37.836803840000016,32.444877289999994,36.67809506000003,38.264056340000025,35.784282829999995,36.01499918000002,34.847745350000025,37.01306102000001,34.99984724000001,34.808438120000005,34.712733560000004
106.72838974859827,10.537687440364047,35.68857827000002,37.65735779000005,34.808438120000005,36.44396069000004,35.37582944000002,36.10728572000005,35.447607860000005,36.9412826,36.001327100000026,33.28229219000002,38.90322608000002
106.72838974859827,10.555653746046438,33.86164658000001,37.30701074000001,34.259845910000024,34.94515892000004,33.694163600000024,33.94367906000002,33.759105980000015,35.71421342000002,34.61361098000003,33.56427884000004,37.29846569000003
106.72838974859827,10.60955266309361,34.24446482000002,35.23227259999999,33.803540240000046,34.27180898000006,34.40511176000001,33.85822856000004,33.487373390000016,34.52986949000001,34.00178540000002,34.034256589999984,33.76594202000001
106.72838974859827,10.627518968776,42.816858980000006,36.295276820000026,37.07116736000003,39.07412708000004,37.83338581999999,37.48132976,36.97888082000003,37.47107570000003,37.56678026000003,37.26941252000006,41.51972039000003
106.72838974859827,10.681417885823173,34.52132444000003,34.24788283999999,32.67388463,34.78451198000002,34.14534223999999,35.59800074000003,33.253239020000024,33.35919763999999,33.78815915000001,32.36797184,32.52178274000005
106.72838974859827,10.699384191505562,37.20105211999999,38.98867658000003,35.45102588000003,37.22839628000003,35.81162699000001,37.86756602000003,33.53180765000002,35.85947927000004,35.30746904,34.87508951000001,37.33093688000002
106.72838974859827,10.753283108552733,44.65404473000001,42.82711304000003,43.20309523999998,39.20230283000001,42.67330214,44.358386,41.36078246,43.857646070000015,42.54512639000001,41.408634740000025,40.85662451000002
106.72838974859827,10.771249414235124,38.93398825999998,39.166413620000014,39.34585967000001,37.35486302000004,39.12197936000001,40.619072120000055,36.76525457,40.043135750000005,39.43301918000003,36.77038160000001,38.212786040000026
106.72838974859827,10.789215719917513,41.31634819999999,39.82609148000006,39.94914019999999,40.28923319,39.80900138000004,42.17427122000001,36.47984989999998,41.13519314000001,39.72013286000004,39.485998490000014,39.340732640000056
106.72838974859827,10.807182025599904,38.14271663000002,38.8041035,39.335605610000016,37.53943610000002,38.15809772,39.61759226000004,38.05213909999998,38.4964817,37.67273888,37.29675668000005,39.72013286000004
106.72838974859827,10.825148331282294,38.25038426,37.54969016000001,37.25574044000004,38.96987747000003,37.63172264000002,39.12881540000004,35.63559896000001,38.24013020000001,37.47278471000001,35.76890174000005,36.65416892000002
106.72838974859827,10.843114636964684,40.50969548000003,37.879529090000034,39.36636779000003,41.20697156000003,38.45204744000003,41.74701872000003,36.753291500000046,38.79214043000002,40.302905270000025,38.80923053000001,39.35098670000002
106.72838974859827,10.950912471059029,41.810252090000034,40.64299826000001,44.785638500000005,44.45750858000002,42.88521938000002,43.11422672000003,43.66452794000003,46.733909900000015,42.51607322000001,43.06808345000002,41.22406166000002
106.72838974859827,10.986845082423809,46.39552592000004,42.64253996000002,44.42161937000003,43.948223600000006,46.27589522000005,45.52734884000006,43.81662983000001,47.64652124000003,45.09155129000004,45.325685660000005,43.63889279000003
106.72838974859827,11.004811388106198,41.42572484000004,40.05509882000001,37.15832687000005,39.73722296,40.325122400000055,40.03117268,40.23283586000002,43.469700800000055,41.36078246,39.49796156000002,39.904705940000014
106.72838974859827,11.022777693788589,45.71533993999998,38.72207102000005,45.05224406000002,44.030256080000015,43.54489724000001,41.30267612000003,44.70873305000004,45.34448477000001,43.72092527000001,41.76239981000003,42.86129324000001
106.72838974859827,11.04074399947098,38.67080071999999,36.273059690000025,38.62636646000004,36.64220585000001,36.807979820000014,37.05749528000001,38.45204744,40.32341339000001,37.95985256000006,37.31213777000005,35.52451331000003
106.72838974859827,11.05871030515337,39.166413620000014,37.43005946000005,38.54775200000003,37.43005946000005,36.86950418000004,36.55504633999999,37.85218493000002,40.48747835,38.39052307999998,38.04701207,34.91097872
106.7292880638824,10.358024383540142,34.189776499999994,35.95689284000002,33.04815782000003,33.60016805000001,32.19365282000001,36.920774480000006,33.55915181000003,36.26109661999999,34.47689018000003,34.54866860000001,35.10922388000006
106.7292880638824,10.375990689222531,35.75181164000003,35.594582720000005,35.01351932,33.94197005000001,34.73324167999999,37.771861460000025,34.57772177000001,35.74668461000002,37.64881274000004,34.54866860000004,36.52428415999998
106.7292880638824,10.393956994904924,36.89172130999998,37.04040517999999,37.60437848000004,34.84774535,35.74497560000003,35.75352065000001,35.28012488000002,36.42857960000004,36.674677040000006,35.53305836000004,36.985716860000025
106.7292880638824,10.411923300587317,38.674218740000015,31.76640032,34.587975830000005,33.22247684000001,35.382665480000014,37.89832820000004,34.56917672000003,33.95393311999999,35.05795358,33.06866594000002,36.25426058000005
106.7292880638824,10.429889606269704,35.577492620000044,36.48668594000003,33.19000564999999,34.30940720000001,35.41513667000001,37.52576402,33.037903760000034,36.09361364000006,34.26155492000004,33.244693970000014,38.09657336000004
106.7292880638824,10.447855911952097,35.74668461000002,37.15661786000001,34.617029,35.6595251,34.90243367000002,38.90664410000005,33.184878620000006,36.44566970000005,37.04553221000003,32.679011660000015,36.24913355000001
106.7292880638824,10.465822217634486,37.61463254,36.51744812000004,34.68880741999999,30.927276410000047,32.63457740000001,36.466177819999984,31.199009000000046,39.918378020000006,35.905622540000024,35.546730440000005,37.13610974000005
106.7292880638824,10.483788523316877,28.898681539999984,30.764920459999985,27.83909534000003,29.83863703999998,28.926025700000025,32.37138986000002,29.565195440000025,32.22783302000005,31.15628375000003,29.732678420000013,31.154574740000044
106.7292880638824,10.501754828999266,31.31180366000001,33.19513268000003,29.69166217999998,31.29642257000004,30.091570520000005,32.68584770000001,29.630137820000016,31.858686860000034,31.18704593000001,29.732678420000013,29.92750556000001
106.7292880638824,10.519721134681657,33.36090665000003,36.30553087999999,33.91975292000001,33.75226994000002,33.41730398000004,35.19809240000001,31.284459500000025,33.99836737999999,32.579889080000015,31.45877852000004,35.538185389999995
106.7292880638824,10.573620051728827,34.34016938000002,34.71615158000003,33.10626416000002,33.36945170000001,34.60506593000002,40.52507657000001,37.69153799,42.01533329,39.97306634000003,37.18396202000002,41.408634740000025
106.7292880638824,10.591586357411218,33.40363190000005,35.772319760000016,34.04621966000002,35.775737779999986,33.85822856000004,33.67878251000002,34.03254758000003,35.54673044000003,34.45296403999998,32.45342234000003,33.28058318000004
106.7292880638824,10.64548527445839,36.97375379000002,35.78940985999998,35.55527549000004,38.02821296000002,36.27476870000001,37.03698716000002,35.210055470000015,36.20128127000004,36.40294445000001,34.890470600000015,35.96714689999999
106.7292880638824,10.66345158014078,35.939802740000005,35.76890174000002,33.25665704000005,35.58091064000001,33.86164658000001,35.86118828000002,34.71615158000003,36.37047325999998,35.61509084000002,32.98663346000001,35.12973200000002
106.7292880638824,10.717350497187953,40.38664676000002,40.35588458000001,37.70521007000002,33.04815782000003,37.30701074000001,38.77846835,36.58580852,38.81435756000002,38.90322608000002,37.51892798000006,38.48964566000001
106.7292880638824,10.735316802870342,42.96383384000001,41.377872560000014,42.49043807000004,43.80808478000006,41.75385476000002,43.68161803999999,40.83269837,43.20309524000004,41.723092580000014,39.23477402,40.687432520000016
106.7292880638824,10.861080942647074,35.56211153000004,34.55550463999998,34.095780950000005,36.49864901000004,34.147051250000004,37.296756680000016,34.81185614000003,36.58580852,35.13656804000004,31.64847863,33.73176182000003
106.7292880638824,10.879047248329464,44.07810835999999,42.285356870000015,42.39644252000002,43.61325764000003,40.687432520000016,44.43700046000004,41.95551794000005,43.46628278000003,41.63935109000002,41.447941970000045,40.81048124000006
106.7292880638824,10.897013554011856,49.82379998000002,53.023066700000015,45.46582448000004,42.69381026000002,47.19876062000003,48.10111790000002,47.084256950000025,47.4004238,46.03834283000003,40.90960382000003,45.09667832000002
106.7292880638824,10.914979859694249,42.64424897000004,41.93500982000003,41.37616355,42.84078512000002,39.47061740000004,43.080046520000025,39.239901050000014,43.13131682000005,40.38664676000002,40.24992596000001,40.665215390000014
106.7292880638824,10.932946165376636,48.46001000000001,46.94240911999998,45.65894261,45.226563080000005,46.14259244000005,46.00758065000002,45.96143738000001,47.20388765000001,45.75122915,45.66065162000001,45.92383916
106.7292880638824,10.968878776741418,44.00462092999999,43.46286476,44.90185118,44.64037265000002,44.48143472000004,44.12254261999999,45.12402248000001,46.01954372,44.38231214000001,42.11958290000001,39.672280580000006
106.7292880638824,11.07667661083576,37.664193830000016,36.25426058000005,38.45888348000005,38.39223209000002,36.41319851000003,38.821193600000015,37.007933990000026,39.650063450000005,38.40761318,34.96224902000006,37.38562520000005
106.7292880638824,11.09464291651815,34.652918210000024,30.361594100000048,35.01351932,34.21370264000001,32.908019000000024,32.53887284000001,34.04621966000002,36.96520873999998,33.16607951,32.63115938000004,33.76594202000001
106.7292880638824,11.11260922220054,35.70395936,35.12460497000001,26.80343528000003,36.95837270000004,35.49546013999998,36.985716860000025,36.77038160000001,41.442814940000005,36.36363721999999,34.80160208000001,35.396337560000006
106.7292880638824,11.130575527882932,37.55310817999998,33.76594202000001,31.23660722,38.00770484000003,34.75716782000001,35.38950152000001,36.18590018000003,38.17518782000002,36.83190596000003,35.64756203000002,38.69130884000003
106.7292880638824,11.14854183356532,33.43781210000003,32.78497028000004,32.58330710000001,33.91633490000004,35.60141876,33.198550700000055,33.41046793999999,34.88363456000002,35.58091064000001,34.84603634000001,34.92806882000002
106.74635605428068,10.393956994904924,37.469366690000015,38.26747436000002,34.692225440000016,37.534309070000006,37.327518860000055,38.84853776,35.72788550000001,35.96031086000005,36.96520873999998,35.452734890000045,37.44373154000005
106.74635605428068,10.861080942647074,45.08642426000006,42.97750592,42.68013818000003,43.74997844000001,40.81902629000004,45.158202680000045,39.25186412000005,41.66498624000002,41.81537911999999,41.05657868000003,44.62499156000001
106.74635605428068,10.879047248329464,47.205596660000026,44.94628544,43.36203317000002,47.76615193999999,43.17916910000002,46.06397798,44.60961047000001,44.242173320000006,45.24365318000002,41.27533196000002,45.27954239000002
106.74635605428068,10.932946165376636,46.86037664000003,46.699729700000034,44.971920590000025,44.56004918000002,44.28660758000001,42.302446970000005,43.90378934,44.66258978000002,42.929653640000026,43.40475842000001,41.04974263999998
106.7472543695648,10.358024383540142,33.20538674000002,35.60141876,33.962478170000054,33.87873668,34.329915320000055,38.281146440000015,35.36728439000001,34.782802970000006,35.78770085000002,35.4031736,36.50719406000002
106.7472543695648,10.375990689222531,37.607796500000006,37.41638738000003,37.45398560000001,36.86779517000002,37.231814300000025,38.87588191999998,35.37241142000005,35.95860185000004,37.34973599,34.95883100000003,37.06433132000001
106.7472543695648,10.411923300587317,32.890928900000006,32.50469264,32.091112220000014,33.42414001999998,36.71740229000002,35.01693734000003,31.024689980000005,33.58820498,37.23523232000002,33.22247684000001,34.05476471000003
106.7472543695648,10.429889606269704,38.72378003,35.58774668000001,36.343129100000056,35.16391220000003,35.481788059999985,37.06262231000005,34.7195696,36.41832554000001,33.67536449000005,32.12529242000005,35.74497560000003
106.7472543695648,10.447855911952097,32.82427751000003,34.63753712000005,31.183627910000013,32.50469264000003,32.96099831000001,34.00349441,33.0447398,32.94561722000003,31.786908440000047,30.85037096000002,32.87896583
106.7472543695648,10.465822217634486,30.4470446,31.55448308000001,25.40204707999999,28.495355180000047,27.83055029000002,29.79762080000004,28.915771640000003,30.95974760000001,28.29881903000004,28.27318388000004,29.028566300000023
106.7472543695648,10.483788523316877,31.12723058000006,31.978317560000026,27.85618543999999,28.11253694000004,27.80833316000001,29.85572714,29.41651157000001,29.41651157000001,28.23900368,27.83909534000003,28.78417787000004
106.7472543695648,10.501754828999266,32.46538541000001,32.316701540000054,28.40306864000001,29.531015240000045,27.820296230000025,30.043718240000032,29.684826140000013,30.90505928000005,28.963623920000032,27.59983394,30.582056390000048
106.7472543695648,10.519721134681657,31.43656139000001,32.28593936000004,28.652584100000013,29.10034472000001,29.18237720000002,30.34450400000003,29.55835940000003,29.68824416000001,28.56029756000004,28.65600212000001,30.13258675999998
106.7472543695648,10.537687440364047,29.9001614,30.59060144000003,29.185795220000045,29.353278199999977,29.349860180000007,29.9001614,28.40990468000001,29.807874860000027,29.25073759999998,27.217015700000047,28.31249111
106.7472543695648,10.555653746046438,31.414344260000007,32.18339875999999,29.124270860000024,29.353278199999977,29.32935206000002,30.40090133000001,29.989029920000007,30.770047490000024,28.70727241999998,29.431892660000017,31.31863970000001
106.7472543695648,10.573620051728827,30.37526618000004,31.12723058000006,28.963623920000032,29.33277008000005,29.32593404,29.89332536000001,28.563715580000007,30.411155390000005,29.22681146000002,29.437019690000028,29.076418579999995
106.7472543695648,10.591586357411218,36.52086614000001,36.66613199000005,34.576012760000026,36.41832554000001,35.577492620000044,36.100449680000025,35.068207640000026,35.09555180000001,35.05795358,34.50423434000004,35.37924745999999
106.7472543695648,10.60955266309361,35.72959451000003,38.09486435,36.56017337,36.94470061999999,37.07287637000002,35.70054134000003,35.39804657000002,36.47643188000001,35.61338183000001,34.57772177000001,34.056473719999985
106.7472543695648,10.627518968776,34.746913759999984,35.611672819999995,33.74885192000005,35.45786192000003,34.72982366000002,35.06137160000003,34.73324167999999,35.088715760000014,34.88021653999999,29.582285539999987,36.77721764
106.7472543695648,10.64548527445839,31.222935140000004,32.04667796000001,29.924087540000016,31.87748597000004,30.248799440000028,31.25027929999999,29.39429444000001,30.764920459999985,30.68630600000006,29.814710900000023,30.91360433
106.7472543695648,10.66345158014078,34.45980008000004,33.413885960000016,33.26862011000003,34.47347216000003,33.25836605000001,35.86118828000002,33.96760520000001,34.41878384000006,34.65804523999998,33.29083724000003,33.27887417000002
106.7472543695648,10.681417885823173,41.408634740000025,44.48827075999998,39.52872374000003,41.7436007,40.656670340000005,45.25390723999999,39.35782274000002,42.15205409000004,40.96087412000003,38.93398825999998,42.86471126000004
106.7472543695648,10.699384191505562,37.56336224000006,39.279208280000034,36.021835220000014,38.19911395999998,36.985716860000025,37.81629572000003,33.88557272000003,36.64733288000002,37.01306102000001,35.67319717999999,37.771861460000025
106.7472543695648,10.717350497187953,30.9426575,33.07892000000004,29.500253059999977,30.043718240000032,30.52907707999998,31.561319120000007,29.172123140000053,29.520761180000022,29.643809900000008,29.093508680000014,30.65383480999997
106.7472543695648,10.735316802870342,37.166871920000006,36.21666235999999,36.63366080000003,38.998930640000026,37.63001363000004,36.66955001,35.53647638000001,36.59435357000001,36.38756336000003,32.96783435000003,35.48520608000001
106.7472543695648,10.753283108552733,31.23660722,26.18990069,30.447044600000027,30.864043040000013,30.05397230000005,31.92533825000004,29.23193849000004,30.95291156000001,30.39919232,28.191151400000024,32.04838697
106.7472543695648,10.771249414235124,33.87873668000003,32.17656271999999,31.85868686000001,31.76298230000004,32.398734020000006,33.89411777000001,31.70145794000001,33.468574279999984,32.56963502000002,31.940719339999987,30.80593670000001
106.7472543695648,10.789215719917513,43.15524296000001,34.955412980000034,37.46765768,38.45204744000003,38.91860717000003,37.65223076000001,31.790326460000017,35.13998606000004,34.36580453000002,35.09896981999998,34.135088180000025
106.7472543695648,10.807182025599904,38.57338715000003,32.63457740000001,37.101929540000015,39.22451996000001,36.985716860000025,40.92840293,35.24252666000001,39.73038692,38.10340940000003,38.06922920000002,38.80068548000003
106.7472543695648,10.825148331282294,36.139756910000045,34.924650799999995,31.96464548000006,36.91052042000001,34.746913759999984,36.96179072000001,33.8821547,37.92396335000001,36.71569328000001,35.48349707,35.772319760000016
106.7472543695648,10.843114636964684,43.66452794,41.60346188,40.08757001000001,44.21824718000005,40.53703964000002,43.34836109,38.32216268000002,41.78461694000001,42.37251637999998,40.81389926000003,44.15330480000003
106.7472543695648,10.897013554011856,46.39552592000001,41.50433930000003,44.04051014000001,43.86277310000003,43.097136620000015,44.56004918000002,42.84420313999999,44.250718370000016,41.20013552,43.274873660000026,43.15182493999998
106.7472543695648,10.914979859694249,45.16845674000001,43.39792238000001,43.33810703000003,45.947765300000015,43.35007010000004,45.18041980999999,44.91894128000001,43.63718378000004,44.58910235000002,44.62840958000004,43.83030191
106.7472543695648,10.950912471059029,44.228501240000014,41.14032017,45.14453060000005,43.55002427,43.97727677,42.80660492000004,42.38960648,46.14942847999998,43.87131815000004,43.30734484999999,40.96429214
106.7472543695648,10.968878776741418,46.761254060000056,42.98775998000002,45.66919667000002,45.64356151999999,46.82619643999999,46.12892036,46.13233838000002,48.574513670000016,45.15136663999999,39.80045633000003,42.09394775000004
106.7472543695648,10.986845082423809,44.40282026,37.67786591000004,41.76581783000006,44.96679356000004,45.24023516,42.0512225,43.05612038000001,46.40748898999999,43.02194018,42.18965231000004,40.35930260000001
106.7472543695648,11.004811388106198,35.41000964,33.275456150000025,30.33083192000004,34.429037900000026,33.74543390000002,33.991531339999995,34.299153140000044,36.27135068000001,35.42880875000003,34.41023879000002,34.39827572000004
106.7472543695648,11.022777693788589,40.91473085000001,38.34950684,39.22110194000004,39.21426589999999,40.22599982000003,39.79874732000002,41.00189036,43.42868456000002,41.93842784000003,41.41205276000005,39.88077980000003
106.7472543695648,11.04074399947098,45.40259111000003,42.46138489999999,42.15205409000004,44.28660758000001,42.39302450000002,43.35348812000001,44.28489857000002,46.14259244000005,44.748040280000055,43.39450436000004,44.004620930000016
106.7472543695648,11.05871030515337,48.01908542000001,46.06397798000003,48.00541334000002,47.04836774,44.46434462000002,44.29002560000004,43.20309524000004,47.10647408000003,46.82277842000002,41.61713396000005,45.85889678000001
106.7472543695648,11.07667661083576,42.74166253999999,43.17404207000001,36.07652353999998,42.52974530000006,41.206971560000056,42.37422539000005,42.30073796000002,45.455570420000015,42.868129280000005,41.22577067000003,40.29094220000002
106.7472543695648,11.09464291651815,40.18156556000002,35.01864635000004,35.44077182000001,34.112871050000024,34.617029,32.48589353000003,34.41707482999999,37.40613331999998,35.96031086000005,34.82894624000005,34.31795225000002
106.7472543695648,11.11260922220054,41.76069080000002,39.97819336999999,37.31213776999999,39.330478579999976,39.24844610000002,38.75966924,39.12710639000002,41.91279269,41.13006611000003,40.277270120000026,42.56734352000001
106.7472543695648,11.130575527882932,34.96908506,32.61919631000001,29.879653280000014,35.52622231999999,37.87098404000005,36.233752460000034,36.56188238000004,40.14396734000002,35.175875270000006,33.755687960000046,35.283542900000015
106.7472543695648,11.14854183356532,33.59845904000002,28.52269934000003,33.34552556,33.314763380000045,32.71660988000002,35.49204212000001,34.497398299999986,37.313846780000034,35.823590060000015,35.413427660000025,35.29550597000002
106.76432235996307,10.447855911952097,29.13452491999999,30.506859950000035,26.62569824000002,29.175541160000023,27.75706286000002,29.565195440000025,28.179188329999988,29.30884394000003,28.080065750000017,27.883529600000003,29.271245720000024
106.76432235996307,10.735316802870342,30.291524690000017,32.09453024000004,26.171101580000027,30.25905350000002,29.41138454,30.86917007,29.431892660000017,30.13942280000004,29.302007900000035,29.305425920000005,30.80593670000001
106.76432235996307,10.753283108552733,43.24752950000004,42.68013818000003,40.96429214,42.686974220000025,41.60346188000005,43.088591570000034,41.058287690000014,42.02558735000002,43.883281220000015,40.0687709,44.80614662000005
106.76432235996307,10.986845082423809,34.454673050000025,35.35532132000003,34.839200300000016,35.48862410000004,34.053055700000016,34.27864502,35.47153400000002,36.77209061000002,35.11264190000003,35.95860185000001,35.89365946999999
106.7652206752472,10.358024383540142,34.856290400000006,34.91439674000003,35.034027440000045,35.50229618000003,34.36922255000002,37.21814222,33.45319319000001,35.473243010000004,36.41490751999999,34.63753712000005,35.300633000000005
106.7652206752472,10.375990689222531,33.45319319000004,34.52474246000003,33.43610309000002,33.60700409000003,35.65610708000003,37.31726480000003,32.631159379999986,35.25961676,37.891492159999984,34.45980008000004,35.51938628000005
106.7652206752472,10.393956994904924,34.073563820000004,33.99836737999999,32.10649331000002,32.57647106000002,34.20686660000001,35.71079540000002,31.70145794000001,36.50377604000005,35.84409818000006,32.95587128,33.75226994000002
106.7652206752472,10.411923300587317,37.74793532000001,36.24400652000003,35.621926880000046,35.78599184000001,35.12973199999999,37.594124420000014,35.10580586000003,35.88169640000001,35.266452800000025,34.152178280000044,36.640496840000026
106.7652206752472,10.429889606269704,30.067644380000047,31.31522168000004,28.31420012000001,29.16186908000003,29.04907442000001,29.46778187000001,28.726071530000013,30.08131646000004,28.86791936000003,28.51586329999997,29.616465740000024
106.7652206752472,10.465822217634486,29.56177742,31.421180300000003,27.31613828000002,29.91725150000002,29.358405230000017,29.54126930000001,28.963623920000032,30.06080834,28.59960479000003,28.529535380000027,30.17360300000001
106.7652206752472,10.483788523316877,44.50365185000004,37.57703432000002,35.37582944000002,36.81481586000001,36.55162832000002,38.44862942000003,35.70908639000001,36.459341780000045,36.39098138000003,33.28912823000002,39.65519047999999
106.7652206752472,10.501754828999266,35.762065699999994,36.72252932000004,33.62922121999998,35.43735380000004,33.36945170000001,34.027420550000045,34.66488128000003,34.623865040000055,34.06672778000004,32.868711770000004,34.66488128000003
106.7652206752472,10.519721134681657,37.248904400000015,39.09463520000003,35.68003322000004,38.91006212000002,35.351903300000004,35.44077182000001,35.34848527999998,40.164475460000006,36.04234334000003,34.825528220000024,37.09167548000002
106.7652206752472,10.537687440364047,34.93661387000003,37.44031352000002,34.77254891000001,36.46617782000004,35.235690620000014,35.86631531000003,35.240817650000054,37.344608960000016,36.13121186000001,35.49716914999999,40.591727960000014
106.7652206752472,10.555653746046438,36.50719406000002,38.84170172000006,33.495918440000025,33.97785926000006,33.31305437000003,35.70395936000003,36.33629306000003,36.35851019,35.34677627000002,34.69906148000001,38.37001496000005
106.7652206752472,10.573620051728827,30.33766796000004,30.54104015000001,28.792722920000017,29.26953671000001,29.384040379999988,30.67946996000001,28.09202882,30.067644380000047,29.25073759999998,29.38574939,29.30884394000003
106.7652206752472,10.591586357411218,35.39462854999999,36.16197404000002,32.86016672000005,33.054993860000025,33.184878620000006,32.72002790000002,32.59356116000004,33.65827439000003,33.114809210000004,33.09601010000006,36.37047326000004
106.7652206752472,10.60955266309361,43.763650520000056,43.85251904,42.35200826000005,39.65519047999999,41.06170571000001,40.882259660000045,39.79191128000002,40.98650927000003,41.20184453000002,38.75454221000004,43.03048523000004
106.7652206752472,10.627518968776,42.50581915999999,41.63080604000004,39.93546812,41.10101294,40.94378402000001,40.28068814000005,39.262118180000016,41.88032150000004,40.81731728,38.07264722000002,40.37981072000002
106.7652206752472,10.64548527445839,30.03346418000001,29.83521902000001,29.110598780000032,29.45923682000003,29.609629700000028,29.39087642000004,28.946533820000013,29.61304772000005,29.384040379999988,28.977296000000024,28.917480650000016
106.7652206752472,10.66345158014078,30.09498854000003,31.387000100000023,29.80445684,30.368430139999987,29.616465740000024,30.91018631000003,28.792722920000017,29.52417920000005,29.54639633,29.773694660000046,28.946533820000013
106.7652206752472,10.681417885823173,30.54616718,30.94949353999999,29.71900634000002,29.595957620000007,29.48999900000001,31.776654380000025,30.13942280000004,29.913833480000022,29.65406396,29.823255950000004,29.037111350000032
106.7652206752472,10.699384191505562,36.79601675000004,37.87440206000002,33.92487995000002,36.25426058000005,34.21712065999998,34.73665970000002,34.394857700000045,35.13998606000001,34.91439674000003,32.97637940000004,38.532370910000026
106.7652206752472,10.717350497187953,39.28946234,40.23625388000005,35.02719139999999,35.249362700000006,37.48132976000002,38.28456446000001,34.94857694000001,38.29481852000004,35.94151175000002,31.72196606,33.971023220000006
106.7652206752472,10.771249414235124,46.86037664000003,41.17620937999999,40.39006478000002,41.417179790000006,41.029234520000045,40.52849459000001,40.22599982000003,41.94526388000003,42.876674330000014,34.54354157000003,43.95847766000003
106.7652206752472,10.789215719917513,37.45056758000001,37.32068282000003,35.89195046000003,37.22156024000003,37.49841986000001,37.11389260999999,34.22737472000006,39.39712997000001,37.06433132000001,37.35486302000004,36.41490752000004
106.7652206752472,10.807182025599904,32.860166719999995,31.821088640000028,33.00543257000004,39.29629838000005,41.51801138000002,37.59925145,34.917814760000056,36.70543922000002,35.79624590000003,33.34210754000003,32.56963502000002
106.7652206752472,10.843114636964684,40.64641627999998,43.592749519999984,39.09463520000003,39.63126434000003,39.69620672000002,40.91985788000002,39.046782920000055,40.40544587000002,40.424244980000026,40.97796421999999,40.87542361999999
106.7652206752472,10.861080942647074,44.47801670000001,44.030256080000015,41.93842784,46.267350170000014,42.06318557000003,44.85399890000002,40.237962890000034,43.00826810000001,42.22554151999998,42.41353262000001,43.94480557999998
106.7652206752472,10.879047248329464,45.63159845000001,43.81492082,45.629889440000056,39.03652886000003,42.20161538000002,45.23169011000002,41.54364653000002,44.173812920000046,42.47505697999998,41.59662584,42.21016043000003
106.7652206752472,10.897013554011856,44.28489857,43.07662850000003,42.52974530000006,43.62692972000002,40.82757134000002,43.35007010000004,41.663277230000006,42.96383384000001,42.16743518000001,41.482122170000025,43.739724379999984
106.7652206752472,10.914979859694249,41.13519314000001,39.89445188000002,40.19865565999999,42.25288568000002,39.54581384000005,42.91256354000001,39.92521406000003,42.93648968000002,40.49944142000004,39.19204877000004,41.35565543000001
106.7652206752472,10.932946165376636,44.160140840000025,43.71579824000003,45.26416130000001,44.87450702000001,42.998014040000015,40.66350638000006,41.210389580000026,44.31053372000002,43.56711437000001,41.52142939999999,44.11570658000005
106.7652206752472,10.950912471059029,34.76400386,35.175875270000034,37.52747303000001,39.43301918000003,39.96281227999998,39.32706056000001,39.45352730000002,41.323184240000046,38.93057024000001,33.05328485000001,37.607796500000006
106.7652206752472,10.968878776741418,35.10409685000002,37.26770350999999,34.50081632000004,37.48816580000005,34.68538940000002,35.888532440000006,36.049179380000055,36.56871841999998,34.87338050000005,35.43393578000001,34.47347216000003
106.7652206752472,11.004811388106198,38.28456446000001,37.00451597000006,31.011017900000013,36.985716860000025,35.23227259999999,35.43735380000001,35.49716914999999,37.74451730000001,35.37582944000002,33.89924480000002,35.495460140000034
106.7652206752472,11.022777693788589,39.82609148000006,39.556067900000016,36.24058850000006,41.74018268000003,42.32124608000004,41.20526255000004,42.704064320000015,44.522450960000015,43.192841180000016,38.61440339000001,41.93500982000003
106.7652206752472,11.04074399947098,41.589789800000005,39.20401184000002,37.56336224,38.40932219000001,38.36830595000004,38.85879182000002,39.63126434000003,42.143509040000026,41.9486819,39.06387302000002,41.40521672
106.7652206752472,11.05871030515337,44.898433160000025,40.51653152,44.358386,43.15011593000003,42.31782806000001,43.27487366,40.78142807,46.42799711000001,44.26439045000001,40.56780182,40.06364387000002
106.7652206752472,11.07667661083576,44.57884829000005,42.69722827999999,40.64641628000004,44.16697687999999,41.33343830000001,42.68184719000001,43.19625919999999,46.872339710000006,45.39062804000002,41.79145298000003,41.94184586000006
106.7652206752472,11.09464291651815,38.71865300000002,37.71888215000001,36.94470062000005,37.50183788000004,36.28502276000006,37.56336224000006,36.43712464999999,40.18156556000002,36.89684834000002,37.248904400000015,36.787471700000026
106.7652206752472,11.11260922220054,37.590706400000016,36.25084256000002,36.54479228000002,36.42174355999998,36.80456179999999,39.17324966000001,41.55902762000002,44.38743917000002,45.32226764000004,40.97112818000005,39.63980939000001
106.7652206752472,11.130575527882932,41.23773374000001,33.50617250000005,33.85481054000002,32.25517718000003,33.45832022000002,34.49910731000003,31.448524460000044,36.57384544999999,34.24788283999999,32.911437019999994,34.86654446
106.7652206752472,11.14854183356532,33.86848262000001,32.33208263000003,36.58068149000002,36.24058850000006,34.42561988,35.314305080000025,32.23125104000002,35.36899340000002,32.72002790000002,33.14044436000006,34.200030560000016
106.78228866564548,10.358024383540142,36.03892532000003,35.772319760000016,34.94857694000001,34.00349441000003,34.87338050000005,36.83532398000003,34.463218100000006,36.84557804000002,35.80649996,32.87042078000002,35.274997850000005
106.78228866564548,10.375990689222531,31.93559231000004,33.29596427000001,30.81106373000003,31.503212780000013,29.63697386000001,31.308385639999983,30.498314900000025,31.78349042000002,31.07083325000002,31.527138920000027,31.011017900000013
106.78228866564548,10.393956994904924,33.44123012,34.10603501000003,31.482704660000024,33.60187705999999,31.48954070000002,31.96464548000006,31.45877852000001,33.02252267,31.72538408,31.024689980000005,32.23125104000002
106.78228866564548,10.411923300587317,29.4729089,31.188754940000024,29.27808176000002,29.84889110000003,28.809813020000007,29.647227920000034,29.09863571,30.77175650000004,28.99438610000004,28.69701836000001,28.43895785000004
106.78228866564548,10.429889606269704,28.93286174000002,30.53933114000006,27.998033270000008,28.861083320000034,28.597895780000044,29.10034472000004,28.885009459999992,29.39429444000001,28.61156786000004,27.869857519999982,29.192631260000013
106.78228866564548,10.447855911952097,34.34187839000003,36.05943344000002,30.98367374000003,33.20880476000002,32.752499090000015,34.17268640000003,33.321599419999984,33.75568796000002,31.84501478000001,30.12404171000003,35.387792510000054
106.78228866564548,10.465822217634486,40.121750210000016,38.325580700000046,32.843076620000005,37.08825746000002,38.53749793999998,38.04017603,35.66294312000002,36.900266360000046,34.57259474,33.41559497000003,38.87759093000005
106.78228866564548,10.483788523316877,32.88751088000001,34.73665970000002,31.54593803,32.29277539999998,33.04815782000003,32.33037362000002,32.58672512000004,32.87554781000003,33.027649699999984,30.68117897000002,34.22737472000006
106.78228866564548,10.501754828999266,31.80741655999998,34.02571154000003,32.130419450000005,32.203906880000034,31.12552157000001,31.41605327000002,31.634806550000008,32.42607817999999,31.445106440000018,30.42311846000001,33.41217695000003
106.78228866564548,10.519721134681657,30.872588090000026,31.65360566000004,31.27420544000006,30.90164126000002,29.84889110000006,30.86746106000004,32.23637807,30.98025572,30.49147886,28.620112910000017,30.83669888000003
106.78228866564548,10.537687440364047,30.99905483000001,32.79180631999998,31.298131580000017,31.892867060000043,31.71000299000002,31.889449040000045,31.86894092,31.469032580000032,30.981964730000044,30.388938260000003,32.817441470000006
106.78228866564548,10.555653746046438,34.299153140000044,36.23717048000003,32.57647106000002,35.119477940000024,33.45148418000002,34.11116204000001,33.309636350000034,33.80012222000005,33.35577962000002,32.98663346000001,34.726405640000024
106.78228866564548,10.573620051728827,30.511986980000017,31.98344459000004,29.82838298000001,31.60233536000004,30.42824549000005,32.83965860000001,31.89286706000001,32.78155226000001,31.88603102000002,31.42801634,31.80058052000004
106.78228866564548,10.591586357411218,30.563257280000016,30.665797880000014,29.65919099000004,31.301549600000044,29.486580979999985,30.59060144,29.30713493000001,30.501732919999995,29.349860180000007,28.915771640000003,28.946533820000013
106.78228866564548,10.60955266309361,32.10307529000002,34.29573512000002,30.98367374000003,32.183398760000046,31.576700210000013,31.68436784000005,30.97171067000002,31.74589220000001,31.28787752000005,30.88967819000001,30.862334030000028
106.78228866564548,10.627518968776,34.40169374000004,35.71763143999999,32.32353757999999,35.00668328000006,33.824048360000006,33.957351140000014,32.511528680000026,33.97444124000003,33.38141477000005,32.696101760000005,31.585245260000026
106.78228866564548,10.64548527445839,38.29140050000001,39.49454354,36.58922654000003,37.758189379999976,37.07116736,36.70885724000004,35.806499960000025,37.82996780000002,37.98890573,35.45102588000003,39.02114777000003
106.78228866564548,10.66345158014078,34.26839096000003,37.07800340000006,33.30450932000002,34.31282522000004,33.724925780000035,35.28696092000001,34.17268640000003,36.11412175999999,35.72788550000001,33.40704992000002,36.490103960000056
106.78228866564548,10.681417885823173,42.27339380000001,40.73699381000003,37.534309070000006,38.47939160000004,40.06535287999998,38.88271796000004,37.16003588000004,39.97990238,40.155930410000025,36.98742587000001,40.50627745999998
106.78228866564548,10.699384191505562,37.99915979000002,34.30940720000001,32.53887284000001,34.76742188000003,34.68538940000002,35.90049551000004,32.71490087000001,35.75352065000001,36.1893182,30.87942413000001,36.09361364000006
106.78228866564548,10.717350497187953,37.15319984000001,35.23227259999999,33.77277806000001,35.48178806000004,36.532829210000045,38.54604299000002,35.037445460000015,38.49819071000002,39.65519047999999,36.07994156000001,39.188630750000016
106.78228866564548,10.753283108552733,31.56302813000002,30.57009332000001,28.898681540000013,29.112307790000045,29.96510378000005,31.89970310000001,29.55494138,31.609171400000008,30.19411112,29.53956029000005,29.06616452000003
106.78228866564548,10.771249414235124,42.96041581999998,39.10147124000002,36.73620140000003,40.00041050000005,40.02262763000002,38.53066190000004,39.01260272000002,38.619530420000046,41.38129058000004,33.71296271000003,37.300174700000014
106.78228866564548,10.789215719917513,41.21551661000004,41.09246789000002,39.29288036000003,40.61565410000003,41.883739520000006,41.46674108000002,39.52701473000002,42.11616488000004,42.39644252000005,36.026962250000025,40.738702820000015
106.78228866564548,10.807182025599904,40.95403808000003,38.82802964000001,36.52086614000001,39.41592908000004,39.239901050000014,40.86175154,38.94082430000003,40.19011061000003,39.73038692,37.11047459,37.412969360000034
106.78228866564548,10.825148331282294,52.70177282000003,52.70177282000003,53.43721679000003,54.17266076000002,54.90810473000002,54.72524066000005,50.392900310000016,50.73641132,50.42195348000001,49.734931459999984,51.973734560000025
106.78228866564548,10.843114636964684,50.50740398000005,49.170958160000055,48.0327575,46.37501780000002,46.37330879000004,50.12287673,44.63182760000001,46.80227030000003,48.40703069,46.62111524,47.00051546
106.78228866564548,10.879047248329464,40.63958023999999,37.888074140000015,38.91689816000002,36.89513933000004,37.89661919000002,38.88955400000003,37.20788816000004,38.51357180000002,40.138840310000006,37.08483944,40.82415332000005
106.78228866564548,10.897013554011856,45.13769456,41.870067440000014,43.56540536,44.881343060000006,41.85468635000004,45.42309923000002,42.09736577000001,46.146010460000014,41.89057556,41.750436740000055,43.52438912000002
106.78228866564548,10.914979859694249,44.80956464000002,44.42332838000005,44.26268144000005,46.59377108000001,42.53316332,44.80272860000002,43.57053239000004,45.91016708000001,43.92429746000005,44.16697687999999,44.75316731000001
106.78228866564548,10.932946165376636,39.54581384000005,39.487707500000056,39.50479760000002,38.968168460000015,38.96475044000002,37.68470195,38.76308726000002,39.73722296000005,39.279208280000034,37.26257648000001,38.99209460000003
106.78228866564548,10.950912471059029,39.79020227000001,40.00724653999998,36.86608616000004,40.53533063,39.728677910000044,38.88271796000004,39.46378136000004,39.98673842000005,39.80216533999999,37.49841986000001,39.64835444000005
106.78228866564548,10.968878776741418,30.715359170000028,31.535683970000008,30.130877750000025,32.13212845999999,30.64358075000001,30.00612002,30.55129421000004,31.188754940000024,30.380393210000022,29.80787486,30.105242600000025
106.78228866564548,10.986845082423809,29.77027664000002,31.431434360000026,30.354758059999995,31.36649197999997,29.96510378000005,28.95678787999998,30.770047490000024,29.958267740000025,29.53272425000005,30.170184980000045,30.628199660000007
106.78228866564548,11.004811388106198,37.44373153999999,39.29971640000002,37.49329283000003,34.617029,36.307239890000005,36.28331374999999,36.06626948000002,38.09315534000001,36.514030100000014,34.54866860000001,37.60096046000001
106.78228866564548,11.022777693788589,42.35371727,40.26018002000001,34.52132444000006,37.915418300000056,39.655190480000016,36.12437582000001,37.42151441000004,39.27579026000001,38.36488793000004,33.871900640000035,37.48132976
106.78228866564548,11.04074399947098,34.75545881000002,34.83236426000002,34.45125503000003,34.76229484999999,34.13850620000005,33.67878251000002,34.63241009000004,37.03015112000003,35.72104946000002,31.95097340000001,32.757626120000054
106.78228866564548,11.05871030515337,36.43883366,35.53989439999998,36.10215869000001,35.63559896000001,34.36067750000001,35.66636114000005,36.46617782000001,38.24867525000002,36.35167415000004,32.30132045000002,33.75226994000002
106.78228866564548,11.07667661083576,47.53030855999998,41.30609414000003,43.08004652,38.80752152000002,42.167435179999984,40.00041050000005,39.68595266,41.4017987,42.25117667000001,39.18008570000001,42.35029925000004
106.78228866564548,11.09464291651815,49.19830232000004,44.047346180000005,46.49464850000004,44.28660758000001,45.55298399000003,47.07400289000003,45.27441536000004,52.48643756000001,48.84282824000002,47.43118598000001,46.93557308000004
106.78228866564548,11.11260922220054,45.73584806000002,36.22691642000001,38.98867658000003,37.26086747000002,38.58535022000001,37.033569140000026,35.13998606000001,45.33252170000003,45.373537940000006,36.10044968,40.755792920000005
106.78228866564548,11.130575527882932,32.92852712000001,30.19923815000004,33.33868952000003,33.75226994000002,33.44464814000003,33.76423301,33.56769686000001,39.901287920000016,41.45306900000003,39.84659959999999,43.00143206000001
106.78228866564548,11.14854183356532,34.64095514000002,33.30109130000005,33.47199230000001,35.10067883000005,35.88511442000004,36.34142009000004,32.95758029000001,37.75135334000004,34.55208662000001,32.80547840000003,32.783261270000025
106.7831869809296,10.735316802870342,39.29971640000002,36.35338316000002,34.557213649999994,36.28844078000003,37.77527948000002,39.51846968000001,37.66590284000006,37.78895155999999,39.08096311999998,33.83772044,39.32876957000002
106.80025497132786,10.358024383540142,28.105700900000016,30.42140945,27.97239812000001,28.351798340000016,27.83055029000002,28.98755005999999,28.580805680000022,30.030046159999984,27.79978811000004,27.73997276,28.632075980000025
106.80025497132786,10.375990689222531,28.14671714000002,30.82302680000004,28.62182192,28.652584100000013,28.37572448,29.548105340000006,28.46972003000002,29.80445684000003,27.96898010000001,27.39646175000001,28.95678787999998
106.80025497132786,10.627518968776,39.59195711000004,41.863231400000046,38.45888348000005,39.39029393000001,40.27214308999999,38.973295490000055,38.48793665,39.37320383000002,39.35440472000005,35.29379696000004,39.879070790000014
106.80025497132786,10.64548527445839,35.04769952000004,35.71763143999999,32.88409286000001,34.55208662000001,34.610192960000006,34.48543523000004,35.064789620000056,34.765712870000016,34.07698184000003,32.55938096,36.59264456000005
106.80025497132786,10.66345158014078,31.492958720000047,33.46686527,33.875318660000005,34.51448840000003,34.203448579999986,35.568947570000034,32.29619342000001,34.64779118000001,33.44464814000003,31.51004882000001,33.23273090000001
106.80025497132786,10.735316802870342,37.37537114000003,38.41444922000005,31.387000100000023,33.02594069,34.596520880000014,38.062393160000056,36.54821030000005,37.04382320000002,37.60266947000002,34.40169374000004,36.16710107000003
106.80025497132786,10.753283108552733,34.28889908000002,33.61896716000001,31.78349042000002,33.93000698000003,33.09259208000003,34.50423434000004,32.42266016000002,34.65120920000004,33.60529508000002,31.443397430000005,32.91314603000001
106.80025497132786,10.771249414235124,42.91939958,41.34369235999998,38.76308726000002,42.77926076,43.438938620000044,43.886699239999984,43.67649101000001,45.29150546000005,44.10545252000003,41.210389580000026,44.47630769
106.80025497132786,10.789215719917513,42.06831260000001,40.08927902000005,38.43495733999998,40.79851817,39.50479760000002,41.41205276000005,37.279666580000026,40.073897930000015,41.02752551,37.60096046000001,39.63468236000003
106.80025497132786,10.807182025599904,41.81367011000003,40.53362162000002,37.43347748000002,42.01191527000003,39.46719938000001,41.965772000000015,36.380727320000005,38.346088820000034,39.63980939000004,37.40955134000001,36.90026636000002
106.80025497132786,10.825148331282294,41.54877356000003,43.08346454000002,41.54877356000003,43.469700800000055,42.129836960000034,45.49487765000004,42.84420313999999,43.365451190000016,43.04757533000003,41.48724920000001,42.22725053000002
106.80025497132786,10.843114636964684,44.414783330000006,43.801248740000005,42.99801404000005,45.37011991999998,42.37251638000001,43.85593706,39.75602207,42.034132399999976,41.85639536000002,40.89934976000001,41.63422406000004
106.80025497132786,10.986845082423809,40.14054931999999,39.51846968000001,37.318973810000045,39.55948592000004,37.73084521999999,39.29971640000002,38.76650528000005,39.40225700000002,38.75625122000002,37.70350106000001,40.950620060000034
106.80025497132786,11.004811388106198,39.15957758000002,38.75454221000001,34.68538940000002,38.93057024000001,38.36488793000001,37.53943609999999,37.55652620000001,39.99528347,38.506735760000026,34.700770490000025,37.40784233000002
106.80025497132786,11.022777693788589,38.50331774000003,39.409093040000016,35.53476737,39.019438760000014,37.85389393999998,38.28456446000001,37.86756602000003,38.43666635,38.27772842000002,33.94367906000002,39.07070906000001
106.80025497132786,11.05871030515337,31.08963236,31.23489821000001,31.41776228000004,30.993927800000023,29.61988376,29.49341702000004,30.72561323000002,31.28104148,31.16824682000004,28.56371558000004,29.65406396
106.80025497132786,11.07667661083576,40.37468369000001,36.97546280000006,36.10044968,37.24719539000003,36.02867126000001,37.73084521999999,36.93102854000003,40.34392151,39.14248748,35.99107304000006,40.31315933000002
106.80115328661198,10.393956994904924,28.926025700000025,30.14284082000006,28.21165952000001,28.37572448000003,28.544916470000032,29.18066819000001,28.38768755000004,29.48828999,28.186024369999984,27.38108066000004,28.89526352000001
106.80115328661198,10.411923300587317,29.807874860000027,30.788846600000056,28.33470824,28.731198560000053,28.66967420000003,28.972168969999984,28.232167640000057,29.842055060000007,28.233876650000013,27.99974228000002,28.54320746000002
106.80115328661198,10.429889606269704,32.00224370000001,32.950744250000014,30.535913120000004,32.96954335999999,32.511528680000026,32.32353758000002,31.667277740000003,32.33891867,31.52884793000001,32.39531599999998,30.64016273000001
106.80115328661198,10.447855911952097,35.08187972000002,36.61827971,31.188754940000024,33.85651955,34.13167016,34.72469663000001,32.15605460000006,33.91804391000005,32.89263791000002,31.663859720000005,35.40146459000002
106.80115328661198,10.465822217634486,32.36626283000001,33.95051510000002,32.14238252000001,32.24492312000001,31.76981834000003,32.14238252000001,32.877256820000014,34.15217827999999,32.69097472999999,32.51323769000001,34.635828110000006
106.80115328661198,10.483788523316877,30.238545380000005,32.35771778000003,29.483162960000016,31.01614493,30.077898440000013,30.65554382000002,31.52542991000004,31.412635250000022,29.630137820000016,27.97239812000004,29.92237853000003
106.80115328661198,10.501754828999266,30.16334893999999,32.04667796000001,29.951431700000057,30.40090133000001,29.84547308000004,30.33766796000004,29.53443326000001,31.007599880000043,30.023210120000044,28.037340500000028,31.55448308000001
106.80115328661198,10.519721134681657,30.758084420000017,33.430976060000035,30.94949354000005,31.14432068000002,30.300069740000023,30.99905483000004,30.72390422000001,32.24150510000004,30.95462057000003,28.71410846000004,29.862563180000024
106.80115328661198,10.537687440364047,29.88648932000001,32.186816780000015,29.929214570000028,30.023210120000044,29.52417920000005,30.19752914000003,31.41092624000004,30.648707779999995,30.108660620000023,27.7468088,28.86279233000002
106.80115328661198,10.555653746046438,33.97444124000003,37.27624856,34.027420550000016,34.545250580000015,33.89069975000001,34.66488128000003,35.49887816000003,34.65804523999998,34.28889908000002,32.96099831000004,31.957809440000005
106.80115328661198,10.573620051728827,35.110932890000015,35.628762919999986,32.60381522,33.42414001999998,34.189776499999994,34.97250308,32.89434692000003,34.02058451000005,33.58136894000006,31.298131580000017,33.883863710000014
106.80115328661198,10.591586357411218,37.9666886,37.15319984000001,34.40169374000004,36.62340674000001,36.40123544000005,37.97010662000002,35.09042477,35.64927104000003,35.922712639999986,33.318181400000014,37.97181563000004
106.80115328661198,10.60955266309361,34.69564346000004,35.00668328000006,32.05693202000003,33.64972934000002,34.17268640000003,34.917814760000056,34.350423439999986,35.396337560000035,35.36386637000001,31.222935140000004,34.796475050000026
106.80115328661198,10.681417885823173,38.17176980000002,37.85560295000002,36.756709520000015,34.17097739000002,36.72082030999999,36.60289862000002,34.56575870000006,37.48303877000004,37.465948670000046,33.21222278000002,38.67763676000004
106.80115328661198,10.699384191505562,38.07264722000002,36.90710240000004,33.089174060000005,34.19661254000005,33.79670420000002,34.60335692000001,33.68390954,34.64437315999999,36.40807148000002,34.64950019,35.461279940000054
106.80115328661198,10.717350497187953,43.19967722000001,43.08346454000002,40.25334398000001,38.985258560000034,40.61223608,41.72651059999998,39.378330860000005,41.377872560000014,40.28410616000002,37.28650262000002,39.40567502000002
106.80115328661198,10.879047248329464,42.182816270000046,37.53601808000002,36.58580852000003,34.39998473000003,37.32068282,37.85218493000002,37.13098271000001,37.23694133000004,39.99015644000002,36.527702180000034,36.89001230000002
106.80115328661198,10.897013554011856,44.23533728000001,40.436208050000005,41.42914286000001,43.82175686000005,40.90960382000003,43.616675660000055,40.16105744000004,41.24115175999998,41.85297734000005,38.15809772,41.87348546000001
106.80115328661198,10.914979859694249,38.17176979999999,38.28798248000001,42.42378668000004,44.83690880000006,41.03948858000001,42.898891460000016,40.65667034000003,42.72457244000003,41.43939692000004,38.026503950000006,41.42230682000002
106.80115328661198,10.932946165376636,44.626700570000025,45.08642426000006,45.749520140000016,36.75329150000002,43.19455019000003,45.05224406000002,42.406696580000016,43.961895680000026,44.21141114,40.17472952000003,42.83224007000001
106.80115328661198,10.950912471059029,30.520532030000027,31.78349042000002,29.59766663000002,32.20219787000002,29.94801368000003,30.00953804000005,29.55835940000003,30.67946996000001,30.17360300000001,27.582743840000006,31.08963236
106.80115328661198,10.968878776741418,40.35930260000001,39.016020740000044,37.71033710000006,41.230897700000014,38.93057024000001,38.182023860000015,37.39758827000003,38.66054666000002,39.61417424000004,36.15001097000004,39.70646077999999
106.80115328661198,11.04074399947098,35.29379696000001,37.66932086000003,38.592186260000034,36.39781742000002,36.76183655000003,36.61657070000001,36.08848661000002,37.75477136000001,37.16174489000002,32.46709442000002,35.25961676000003
106.80115328661198,11.09464291651815,33.71467172000004,31.265660390000026,34.59481187000003,38.66909171,40.37981072000002,37.97694266000002,37.45740362000004,43.832010920000016,43.14840692000001,38.65541963000001,40.28752418000002
106.80115328661198,11.11260922220054,40.68059648000002,32.52690977000003,31.45536050000001,34.23250175000001,32.373098870000035,32.0706041,34.839200300000016,37.77527948,34.42561988,30.641871740000056,32.60381522000003
106.80115328661198,11.130575527882932,33.19513268,33.167788520000045,33.49420943000001,33.08233802000001,32.34404570000004,34.483726219999994,33.25665704000005,42.16230815000003,38.86050083000001,35.94151175000002,37.72742720000002
106.80115328661198,11.14854183356532,34.899015650000024,34.39485769999999,33.78303212000003,34.17952244000003,31.39041812000002,33.71808973999998,31.923629240000025,34.752040790000024,32.540581849999995,32.46709442000002,32.022751820000025
106.81822127701024,10.60955266309361,36.70885724000004,38.01454088000003,35.63730797000002,36.36363721999999,35.38095647000006,35.72275847,36.35338316000002,36.17906414000004,35.63559896000004,33.762523999999985,37.12585568000003
106.81911959229436,10.358024383540142,28.53978944000005,30.542749160000028,27.98607020000003,28.493646170000005,28.21165952000001,29.37891335000004,28.493646170000005,29.725842380000017,28.05272159000004,27.58616186000006,28.84741124000004
106.81911959229436,10.375990689222531,28.982423030000007,30.35646707000004,28.799558960000013,28.42699478,28.225331600000032,29.22339344000005,28.81664906000003,30.54104015000001,28.184315360000028,26.54366576000001,28.926025700000025
106.81911959229436,10.393956994904924,28.90039055,30.67605193999998,28.36205240000004,28.963623920000032,28.524408350000016,29.233647500000018,29.047365410000022,29.944595660000005,28.24583972000005,27.305884220000053,28.536371420000023
106.81911959229436,10.411923300587317,30.20607419000001,32.58330710000001,29.695080200000007,30.95291156000001,29.642100890000023,31.55790109999998,30.935821460000057,32.28252134000002,29.62330178000002,30.218037260000017,29.366950280000022
106.81911959229436,10.429889606269704,33.6428933,33.74885191999999,31.04007107000001,30.69997808,32.01249776000003,31.20071801000003,30.08815249999998,32.05351400000001,30.24709043000001,29.756604560000028,31.48612268
106.81911959229436,10.447855911952097,33.93855203000004,33.38825081000002,28.55687954000001,31.77323636000005,32.12358340999998,33.027649699999984,33.18146060000004,34.36751354000003,32.10136627999998,31.71171200000004,33.54718874
106.81911959229436,10.465822217634486,30.75979343000003,32.54912690000003,28.69701836000001,30.61452758000001,29.93775962000001,30.62478164000001,28.862792330000048,31.229771180000057,30.086443490000025,28.61156786000004,30.727322240000035
106.81911959229436,10.483788523316877,30.435081530000048,32.90630999000001,30.52395005,30.68801501000001,30.071062400000017,29.82667397000003,29.76173159000001,31.55448308000001,29.96510378000005,25.99678256000004,30.628199660000007
106.81911959229436,10.501754828999266,30.38893826000003,33.755687960000046,30.322286870000028,30.81277274000001,30.01124705000001,30.78542858000003,29.438728700000013,30.843534920000025,29.80103882000003,26.90939390000005,29.70533426
106.81911959229436,10.519721134681657,30.53249510000004,32.40898808000003,29.79420277999997,30.792264620000022,29.70191624000006,30.19069310000004,29.68140812000001,30.747830360000023,30.08131646000004,29.74805951000002,30.55642124000002
106.81911959229436,10.537687440364047,30.06422636000002,31.301549600000044,28.98584105000004,30.11549666000002,30.64699877000001,30.130877750000025,29.585703560000013,30.91873135999998,29.66944505000004,29.32935206000002,29.548105340000006
106.81911959229436,10.555653746046438,30.322286870000028,33.560860820000016,29.51221613000004,30.64699877000001,29.77882169000003,31.10672246000001,30.53249510000001,31.10672246000001,30.26247152000002,27.24435986000003,28.36717943000002
106.81911959229436,10.573620051728827,30.73415828000003,33.383123780000005,30.12575072000004,30.61452758000001,30.26247152000002,33.22589486000004,29.910415460000024,31.181918900000028,30.65212580000002,28.54320746000002,30.511986980000017
106.81911959229436,10.591586357411218,33.940261040000024,34.21370264000001,31.52030288000003,33.058411879999994,33.00030554,34.43416493000001,35.44248083000002,34.84603634000001,37.90687325000002,36.27818672000001,36.92077447999998
106.81911959229436,10.627518968776,33.71808973999998,35.22372755000001,31.50492179,33.69758162000002,33.84797450000002,33.71467172000001,32.58843413,33.36261566000002,32.90118296000003,31.335729800000024,31.97148152
106.81911959229436,10.64548527445839,44.79247454000006,39.34244165000001,41.343692360000006,43.15182494000001,42.79122383000004,43.53122516000002,41.430851870000026,42.69381026000002,45.55127498000002,38.14100761999998,45.26074328000004
106.81911959229436,10.66345158014078,37.22156024000003,36.90710239999999,36.57555446000004,36.108994730000006,36.63024278,35.758647680000024,37.37195312000006,37.81971374,40.13371328,34.61361098000003,40.393482800000015
106.81911959229436,10.681417885823173,37.23865034000005,35.60483678000003,34.177813430000015,35.10409685000002,36.30211286000002,35.741557580000006,32.47563947000003,35.82700808000001,36.54308327000001,30.780301550000047,33.95393311999999
106.81911959229436,10.699384191505562,39.451818290000034,40.67717846000005,38.065811180000026,39.13906946000003,41.31293018000002,38.53407992000001,36.89684834000002,38.29481852000004,39.37491283999998,36.69860318000002,36.50719406000002
106.81911959229436,10.717350497187953,42.160599140000045,38.964750440000046,38.93398826000001,39.67569860000003,39.53214176000006,38.50331774000006,39.08267212999999,41.10784898000003,41.097594920000006,35.31259607000001,39.19375778
106.81911959229436,10.735316802870342,39.69962473999999,40.30119625999998,37.477911740000025,39.73722296000005,38.21449505000004,38.26747436000005,36.36021920000002,38.40077714000003,38.0179589,35.27670686000005,35.84068016000003
106.81911959229436,10.753283108552733,30.447044600000027,30.69997808000005,28.83715718000002,31.250279300000045,29.88136229,30.27956161999998,30.911895319999985,31.02810800000003,30.142840820000004,28.505609240000013,29.28149977999999
106.81911959229436,10.771249414235124,33.318181400000014,32.86016672000005,33.04815782000003,34.84603634000001,34.135088180000025,36.312366920000045,35.89878650000003,37.39758827,35.35873934000006,34.09748996000002,44.55663116000005
106.81911959229436,10.789215719917513,34.55721365000002,35.85093422,32.407279070000016,35.43735380000004,42.38277044000006,42.05464052000002,39.01602073999999,41.28216800000001,40.59856400000001,38.60073131000004,38.617821410000005
106.81911959229436,10.807182025599904,41.63251505000005,39.67911662000003,37.788951560000015,40.913021840000056,39.77823920000003,40.89764075,38.64003853999998,40.66008836000003,40.68401449999999,38.28114644000004,38.60244032000003
106.81911959229436,10.825148331282294,39.456945320000045,38.65712864,36.94811864000002,40.472097260000055,38.985258560000034,39.35782274000002,38.37685099999999,39.58341206,39.456945320000045,36.233752460000005,36.94128260000002
106.81911959229436,10.843114636964684,43.68161803999999,44.63182760000001,39.309970460000045,41.38129058000004,40.868587580000025,42.78951482000002,40.80877223000002,41.07708680000002,41.72992862000001,38.43495733999998,40.10295110000004
106.81911959229436,10.861080942647074,45.927257180000026,38.98013153000002,41.78119892000001,46.88772080000004,44.02342004000002,44.37205807999999,45.19921892000002,48.102826910000005,49.550358380000034,46.89626585000002,48.72661556
106.81911959229436,10.879047248329464,44.03196509000003,44.50877888000002,42.10591082000002,43.39279535000003,38.73574310000004,41.79999803000004,37.11901964000003,40.20549170000004,40.66350638000006,35.15707616000003,37.78382453000003
106.81911959229436,10.897013554011856,44.83519979000005,41.442814940000005,40.02091862000003,44.081526380000014,39.99015644000002,44.40282026,38.32216268000002,40.984800260000014,42.61861382000004,35.20834646000003,41.86664942000005
106.81911959229436,10.914979859694249,34.93832287999999,35.26303478,33.96076916000004,36.13804790000006,33.759105980000044,36.15171998,34.58284880000002,34.263263929999994,34.84261832000004,29.97193981999999,33.27032912000004
106.81911959229436,10.932946165376636,44.2558454,44.46434462000002,45.823007570000016,45.339357740000025,42.017042300000014,44.71386008000002,39.392002940000026,43.045866320000016,42.748498580000046,40.00724653999998,43.44919268000001
106.81911959229436,10.950912471059029,44.44554550999999,45.09667832000002,42.74166253999999,45.83497064000005,42.72799046,43.4697008,40.12687724,42.39302450000002,43.35690614000004,41.30780315000001,44.255845400000055
106.81911959229436,10.968878776741418,41.148865220000005,41.35052840000003,38.83486568000001,44.78905652000003,41.07025076000002,41.05145164999999,42.117873890000055,46.586935040000014,44.06956331000004,36.26109661999999,41.330020280000014
106.81911959229436,10.986845082423809,34.27180898,31.94755538000001,33.20880476000002,39.43301918,42.941616710000005,30.81619076000004,33.49250042000003,34.49910731000003,34.89730664000001,30.136004780000007,34.18123145000001
106.81911959229436,11.004811388106198,37.983778700000016,35.96714689999999,36.99938894000002,36.94811864000002,35.801372930000014,35.54502143000002,34.683680390000035,39.703042760000045,37.84705789999998,33.201968720000025,37.54114511
106.81911959229436,11.022777693788589,32.73711800000001,35.76548372000002,30.494896880000056,34.72469663000001,35.09896982000004,33.201968720000025,34.64950019,36.32262098000001,35.32455914000002,29.82667397,34.23079274000003
106.81911959229436,11.04074399947098,36.76354556000001,37.01477003000002,32.856748700000026,34.62044702000003,35.02719139999999,34.415365820000034,35.772319760000016,39.48941651000001,37.28992063999999,32.72002790000002,34.99642921999998
106.81911959229436,11.05871030515337,36.233752460000005,36.17222810000001,32.24150510000001,34.933195850000004,35.05453556000003,36.259387610000005,34.05989174000001,36.82848794000006,38.96304143,32.596979180000005,33.43781210000003
106.81911959229436,11.07667661083576,40.20549170000004,34.08039986000006,27.77073494000001,37.66590284000006,37.624886600000025,35.96372888000002,35.10922388000003,38.98184054000001,37.54969016000001,31.98173558000002,33.80354024000002
106.81911959229436,11.09464291651815,33.75226994000002,32.21416094,29.05249244000004,32.62432333999999,31.32547574,32.88751088000004,31.533974960000023,34.32307928,33.55744279999999,31.067415230000023,31.002472850000004
106.81911959229436,11.11260922220054,32.82769553000003,31.8313427,27.75706286000002,34.769130890000014,32.26201322000003,33.15240743000004,32.60381522000003,34.57772177000004,33.81721232000001,32.138964499999986,35.297214980000035
106.81911959229436,11.130575527882932,35.68174223,34.96224902000006,31.34427485000004,34.64779118000001,34.073563820000004,31.66556873000001,34.593102860000045,34.42391087000004,34.83407327000003,30.64870778000005,32.84478562999999
106.81911959229436,11.14854183356532,38.03333999,37.72400918000005,34.083817880000026,37.127564690000014,36.78234466999999,38.36659694000002,36.77550863000002,41.391544640000006,39.61417424000004,36.79772576000005,37.80775067000002
106.83618758269265,10.358024383540142,28.87988243000001,30.55300322000005,28.35863438000001,28.61156786000004,28.12962704000006,29.23877453,28.290273979999995,30.317159840000045,28.25951180000004,27.551981660000024,28.69360033999999
106.83618758269265,10.375990689222531,28.85424727999998,30.312032810000005,28.379142500000057,28.74657965,28.23387665000004,29.08838165000003,27.83738633000001,30.101824580000027,28.26634783999998,26.78634518000001,28.70385440000001
106.83618758269265,10.393956994904924,29.55152336000004,31.25027929999999,30.55983925999999,31.12552157000001,29.19775829,31.69803992000004,30.47438876000001,31.65360566000004,29.77027664000002,30.260762510000006,29.883071299999983
106.83618758269265,10.411923300587317,34.152178280000044,32.72344592000002,32.17998074000002,33.054993860000025,33.05670287000001,33.74372489000001,31.663859720000005,31.906539140000007,31.732220120000022,30.676051940000008,32.933654149999995
106.83618758269265,10.429889606269704,32.90118296000003,34.376058590000014,32.59868819000002,32.29277539999998,31.67924081000001,32.45342234,30.92385839000002,32.67388463,31.58011823000001,30.549585200000024,32.803769390000014
106.83618758269265,10.447855911952097,32.68072067000003,33.58478696000003,32.54741789000002,31.94755538000001,30.92556740000004,32.398734020000006,31.08792335000001,32.16630866000003,31.482704660000024,30.079607450000022,32.69610176000003
106.83618758269265,10.465822217634486,34.389730670000034,35.30405102,33.56427884000004,32.22783301999999,32.46196739000001,33.461738240000045,32.66192156,33.345525560000056,32.61748729999999,31.482704660000024,33.10284614
106.83618758269265,10.483788523316877,31.43314337000004,32.661921560000025,30.187275080000006,30.59914649000004,30.13771379000002,30.27272558000004,29.842055060000007,31.39041812000005,29.73438743,28.331290220000028,31.42459832000003
106.83618758269265,10.501754828999266,31.45877852000001,34.350423439999986,31.137484640000025,31.815961610000045,31.034944040000028,31.74589220000001,30.12916874000001,32.438041250000026,31.99198964000001,29.062746500000003,31.16482880000001
106.83618758269265,10.519721134681657,30.92214938000004,32.37822590000002,30.294942709999987,30.60769154000002,29.89332536000001,31.0451981,29.86939921999999,31.03494404,30.18556607000002,27.29563016000003,29.06616452000003
106.83618758269265,10.537687440364047,34.576012760000026,34.50423434000001,34.666590290000016,34.73665970000002,35.05111754000001,34.66488128,31.909957159999976,34.35213245,33.95051510000002,32.01933380000003,33.06524792000005
106.83618758269265,10.555653746046438,30.867461059999982,32.50811066000006,29.305425920000005,30.51711401000003,29.522470190000007,31.024689980000005,28.558588550000024,30.889678189999984,30.23170934000001,28.17747932000003,29.59253960000001
106.83618758269265,10.573620051728827,29.807874860000027,31.61942546,28.69018232000002,29.68824416000004,29.36011424000003,30.004411010000013,29.230229480000048,29.245610570000025,29.081545610000035,27.15207332,28.85082926000001
106.83618758269265,10.591586357411218,35.38095647,35.74326659000002,32.76958919000003,34.19661254000005,34.58284880000002,36.12779383999998,36.47130485000002,36.42516158000001,35.37412043000003,33.48566438000003,34.86996248000003
106.83618758269265,10.627518968776,30.368430139999987,30.03346418000001,29.4729089,29.650645940000004,29.22510245000004,29.197758290000024,29.99244794000004,29.271245720000024,29.712170300000025,27.686993450000045,29.513925140000023
106.83618758269265,10.64548527445839,40.41399092,40.73186678000002,35.815045010000034,37.20447014000001,36.273059690000025,37.82825879000001,39.90470593999999,40.42766300000005,42.47163896000001,37.42835045000004,42.77413373000002
106.83618758269265,10.66345158014078,37.46765768,37.26086747000005,34.10090797999999,35.83384412000001,35.01351932000003,34.58626681999999,34.152178280000015,35.51767726999998,35.52622232000002,30.23170934000004,33.99494936000002
106.83618758269265,10.681417885823173,33.37286972000004,35.04257249,33.36432467000003,32.85503969000001,32.877256820000014,33.352361599999995,32.238087080000014,34.321370270000045,31.94926439,31.1306486,33.47199230000001
106.83618758269265,10.699384191505562,46.68605762000004,37.37708015000001,33.83430242000003,37.71033710000006,39.612465230000026,38.91348014000005,37.00622498000001,39.10318025000001,44.45750858000002,38.209368020000056,41.54877356000003
106.83618758269265,10.717350497187953,34.225665710000015,33.48566438,32.75591711000004,32.183398760000046,36.50377604000005,35.162203190000014,31.021271960000007,33.14386238000003,34.15559630000001,29.10888977000002,32.98321544000001
106.83618758269265,10.735316802870342,42.50752817,37.23694133000004,35.71250441000004,38.75966924,38.31190862000005,36.70543922000002,36.76867259,42.57417956000003,41.62396999999999,36.30894890000002,38.08461029
106.83618758269265,10.753283108552733,33.98127728,34.48201721000004,31.48954070000002,31.988571620000016,33.01055959999999,32.73369997999998,31.255406330000028,31.14261167000004,33.04815782000003,30.89993225000001,30.416282420000016
106.83618758269265,10.771249414235124,30.402610340000024,30.247090430000043,28.261220810000022,29.859145160000025,29.94288665000002,30.006120020000026,29.50708910000003,30.60769154000002,30.16676696000001,29.363532260000056,30.720486199999986
106.83618758269265,10.789215719917513,34.32820631000001,33.63263924000003,32.32011956000002,34.083817880000026,33.971023220000006,34.893888619999984,34.398275720000015,34.74520475000003,35.02035536000005,32.480766500000016,34.070145800000034
106.83618758269265,10.807182025599904,37.98548771000003,38.09315534000001,34.87679852000002,38.44179338000004,37.29333866000002,36.70714823,35.965437890000004,36.77379961999998,39.12197936000001,34.12825214000003,35.98594601000002
106.83618758269265,10.825148331282294,33.755687960000046,33.137026340000006,31.77665438,33.988113320000025,33.024231680000014,33.971023220000006,33.58820498,33.25665704000005,32.85845771000001,31.229771180000057,31.643351600000045
106.83618758269265,10.843114636964684,33.54206171000004,34.415365820000005,34.17268640000003,40.52336756,40.14054931999999,37.01647904000004,35.119477940000024,35.909040559999994,35.05111754000001,33.74885191999999,34.85799941000002
106.83618758269265,10.861080942647074,42.50240114000002,40.18327456999998,39.13565144000006,38.09828237000005,39.30997046000002,41.818797140000015,38.46230150000002,38.16835178000002,39.83976356000005,34.93319585000003,37.65564877999998
106.83618758269265,10.879047248329464,38.56142408000005,38.359760900000026,38.08461029,38.86220984000002,37.32751886,38.60414933000001,37.74964433000002,36.514030100000014,36.46788683,32.02616984000002,34.760585839999976
106.83618758269265,10.897013554011856,45.28125140000003,46.604025139999976,44.36009501000001,45.78199133000004,44.112288560000025,47.67044738000004,45.52393082000003,42.64595798000005,44.78905652,40.63958023999999,44.05418222000003
106.83618758269265,10.914979859694249,31.578409220000022,31.10501345000003,29.56861346000005,30.838407890000013,29.91212447000001,31.62967952,31.05716117,30.226582310000023,30.470970739999984,28.43724884000005,30.484642820000005
106.83618758269265,10.986845082423809,42.44771282000005,39.046782920000055,38.527243880000015,41.25824186,38.81606657000003,38.47426457,39.34756868,39.43985522000003,40.00382852000001,33.841138460000025,40.41399092000006
106.83618758269265,11.004811388106198,40.85662451000002,38.66396467999999,38.13588059,43.28341871000004,39.92863208000006,41.470159100000046,39.785075240000026,43.03219424000002,43.702126160000034,37.758189379999976,42.143509040000026
106.83618758269265,11.022777693788589,43.61496665000004,43.44919268000001,34.95199495999998,42.56392549999998,39.84318158000002,42.91598155999998,39.81583741999998,42.56392549999998,42.181107259999976,35.68686925999998,43.29879979999998
106.83618758269265,11.04074399947098,37.63172264000002,34.16585036000004,32.82427751,37.44544055000003,35.370702410000035,34.60335692000001,35.606545789999984,35.09555180000004,36.06285146000005,28.18773338000005,35.5057142
106.83618758269265,11.05871030515337,34.87508951000001,34.372640570000016,32.68584770000001,36.38243633000002,33.85481054000002,34.84603634000001,35.249362700000034,35.63218094000001,35.37241142000005,32.75079008,32.86700275999999
106.83618758269265,11.07667661083576,42.4272047,37.89491018000001,36.77038160000004,37.48474778000002,38.255511290000015,37.60950551000002,35.642435000000006,38.30165456000003,38.453756450000014,33.663401420000014,34.17610442
106.83618758269265,11.09464291651815,45.05566208000005,36.626824760000005,38.62978448000001,39.92521406000003,40.39690082000004,40.20207368000001,39.81241940000001,41.59320782000003,42.5810156,39.6927887,44.22166520000002
106.83618758269265,11.11260922220054,41.72992862000001,37.891492159999984,37.32410084000003,41.210389580000026,39.73722296000005,40.82415332000002,37.63855868000002,42.14863607000004,44.16526787000001,41.089049870000025,42.72799046
106.83618758269265,11.130575527882932,45.80420846000004,34.29573512000002,34.69906148000001,36.14659295000001,35.71763143999999,35.31772310000002,32.73369997999998,33.85822856000004,34.131670160000056,31.00930889,30.498314900000025
106.83618758269265,11.14854183356532,38.45204744,36.85925012000001,34.58113979000001,37.20788816000004,35.181002300000046,35.71421342000002,36.11924879000003,39.27579026000001,38.00770484,35.80308194000003,34.47347216000003
106.83708589797676,10.60955266309361,33.42414001999998,33.32501744000001,31.328893760000028,34.23421076,32.916564050000034,33.23273089999998,32.981506430000024,32.95416227000001,33.18316960999999,31.240025240000023,32.45342234000003
106.83708589797676,10.932946165376636,36.614861690000026,35.47153400000002,30.13942280000004,36.39610841000001,34.39143968000002,35.95518383000004,34.19319452000002,34.463218100000006,33.81721232000001,31.04519810000002,33.933425
106.83708589797676,10.950912471059029,42.10078379000001,41.010435410000014,34.84945435999998,40.17472952000003,39.86368970000001,42.10591082000002,38.70327191000001,41.391544640000006,40.38322874000005,34.75716782000001,41.34027434000001
106.83708589797676,10.968878776741418,42.12641894000004,43.07491949000001,39.90470593999999,42.04780448,41.46674108000002,45.041990000000055,41.61542495000003,43.37741426000002,43.801248740000005,38.39735912000003,43.78586765000003
106.85415388837502,10.60955266309361,34.986175160000045,36.23033444000004,32.98321544000004,33.880445690000016,33.99153134000005,35.33823122000001,35.84238917000002,35.17074824000002,34.347005420000016,32.71319186000002,34.02571154000003
106.85415388837502,10.807182025599904,33.85481054000002,33.637766270000014,31.96464548000006,32.624323340000046,33.00543257000004,33.18146060000001,32.47051243999999,32.84991266000003,33.01739564000002,30.993927800000023,31.262242370000024
106.85505220365914,10.358024383540142,28.69701836000001,30.535913120000032,28.580805680000022,28.49535517999999,28.10228288000002,28.69018232000002,28.165516250000024,29.67286307000004,28.20140546000001,27.82542325999998,28.886718470000005
106.85505220365914,10.375990689222531,28.507318250000026,30.11549666000002,28.191151400000024,28.457756959999983,27.845931380000025,28.563715580000007,28.62353093000001,30.15309488,27.98265218000003,27.664776319999987,28.24071269000001
106.85505220365914,10.393956994904924,28.85082926000001,30.72390422000001,29.15161502000001,31.29471355999999,28.59960479000003,30.78542858000003,30.447044600000027,31.161410779999983,28.57396964000003,28.71239945000002,29.137942940000016
106.85505220365914,10.411923300587317,31.728802100000053,30.740994320000027,31.663859720000005,32.005661720000035,31.18704593000001,31.89457607,30.96145661,33.91633490000004,29.76002258000005,31.11184949,30.49147886000003
106.85505220365914,10.429889606269704,29.201176310000022,31.64847863,29.365241270000013,28.94995184000004,29.42505662000002,28.39965061999999,28.60814984000001,30.10353359000004,28.72436252,28.63891202000002,29.353278199999977
106.85505220365914,10.447855911952097,31.24344326000005,32.32353757999999,31.197299990000005,30.481224800000007,30.27956161999998,30.371848160000013,28.861083320000034,31.786908440000047,30.301778749999983,28.08177476000003,31.422889310000016
106.85505220365914,10.465822217634486,30.79055561000004,31.103304440000016,29.414802560000027,30.68117897000002,29.95655873000001,30.37697519,29.49341702000004,31.12723058000003,30.315450830000003,29.616465740000024,30.66921590000001
106.85505220365914,10.483788523316877,33.54377072,35.04769951999998,32.99346950000003,32.56792601000001,32.752499090000015,33.184878620000006,32.00224370000001,32.87042078000002,32.71319186000005,28.433830820000026,34.200030560000016
106.85505220365914,10.501754828999266,31.06228820000001,33.12677228000004,30.55642124000002,30.61452758000001,30.69485105000001,30.36672113000003,29.9001614,31.18533692,30.39919232,27.104221040000027,31.725384080000023
106.85505220365914,10.519721134681657,32.02787885000001,32.60723324000003,30.67092491,31.793744479999987,31.08963236,31.328893760000028,30.82644482000001,32.419242139999994,31.45877852000001,29.850600110000016,31.371619010000018
106.85505220365914,10.537687440364047,29.39087642000004,30.78030155000002,29.230229480000048,28.78075985000001,28.83715718000002,29.773694660000046,28.66283815999998,29.689953170000024,28.912353619999976,26.29073228000001,26.728238840000017
106.85505220365914,10.555653746046438,32.890928900000006,33.813794299999984,31.28104148,32.571344030000034,31.974899540000024,32.54912690000003,30.76833848000004,32.031296870000034,31.875776960000053,30.416282420000016,30.59060144
106.85505220365914,10.573620051728827,32.27910331999999,33.89240876000002,29.660900000000023,30.809354719999988,30.70339610000002,32.190234799999985,29.790784760000008,32.49443858000001,30.76833848000001,28.95336986000001,30.32057786000001
106.85505220365914,10.591586357411218,35.97740096000001,37.03698716,33.52326260000001,35.38608350000004,35.61850886000002,36.199572260000025,36.44225168000003,37.39075223000003,34.83407327000003,31.913375180000003,34.90414268000001
106.85505220365914,10.627518968776,34.189776499999994,35.03060942000002,31.80058052000001,33.41217695,33.560860820000016,34.01716649000002,33.413885960000016,34.31795225000002,32.99688752000003,31.585245260000026,33.037903760000006
106.85505220365914,10.64548527445839,37.92054533000004,35.67319717999999,33.66681944000004,34.52132444000003,33.99836737999999,34.72640564,37.30701074000001,39.16812263000003,38.05384810999999,36.731074370000016,41.32831127
106.85505220365914,10.66345158014078,36.756709520000015,33.31305437000003,33.24298496000006,32.36113580000003,34.80502009999998,33.38995982000006,32.49272957000002,32.709773840000025,35.20321943000005,29.65406396000003,32.52178274000005
106.85505220365914,10.681417885823173,40.94720203999998,37.344608960000016,39.29117135000001,38.88271796000004,38.94766034000003,37.79749661000002,37.52234600000003,38.81435756000002,38.79384944000003,33.44123012000003,37.23865034000005
106.85505220365914,10.699384191505562,40.27043408000003,38.065811180000026,35.548439450000046,37.56678026,39.77482118,37.82313176000002,37.28308460000005,38.43837536000001,38.02821296000002,33.73176182000003,39.06216401
106.85505220365914,10.717350497187953,40.43279003000001,35.461279940000054,36.36363722000005,36.93786458,37.124146670000016,38.976713510000025,37.20105212000004,38.393941100000006,42.33491816000003,35.33823122000001,39.697915730000005
106.85505220365914,10.735316802870342,39.74747702000002,40.51311350000003,37.74793532000001,38.04359405,38.39052307999998,38.38710506000001,38.79384944000003,39.316806499999984,39.25186412000002,36.34825613000004,38.71523497999999
106.85505220365914,10.753283108552733,35.61338183000004,34.129961150000014,34.31795225000002,33.74543390000002,33.22247684000001,34.316243240000006,32.55083591000002,33.35065259000001,34.73665970000002,33.27032912000004,35.26303478
106.85505220365914,10.771249414235124,30.354758060000023,31.28787752000005,28.73290757000001,30.02491913,30.16676696000001,30.22829132000004,29.814710900000023,31.103304440000045,30.21120122000002,28.97387798,29.86256318000005
106.85505220365914,10.789215719917513,33.78815915000001,33.78645014000003,31.62455249000004,32.91143702000005,33.17804258000001,34.08039986000006,33.48908240000003,33.04132178000003,33.91975292000001,30.91018631,32.05864103000005
106.85505220365914,10.825148331282294,36.69518516000005,37.486456790000034,34.14876026000002,38.05897514000003,35.79966392000006,39.22451996000001,37.08142142000003,39.51846968000001,39.99357445999999,34.88021654000002,36.165392060000045
106.85505220365914,10.843114636964684,30.395774300000028,30.658961840000018,28.642330040000047,31.011017900000013,29.76685862,30.170184980000045,30.053972300000027,30.252217460000026,30.170184980000045,27.514383440000017,28.80639500000001
106.85505220365914,10.861080942647074,34.74520475000003,35.85947927000004,35.871442340000044,35.36728439000001,34.38631265000004,40.87029659000001,39.89445188000002,40.989927290000026,42.04438646000003,35.38950152000001,37.56678026000003
106.85505220365914,10.879047248329464,34.88876159,34.656336229999994,33.71638073,34.695643460000014,33.150698420000026,34.476890180000055,35.42368172000002,34.90072466000004,35.02035536000005,31.469032580000032,33.12164525000003
106.85505220365914,10.897013554011856,44.19773906,44.06443628,39.19033976000003,43.44064763,42.41695064000004,42.42378668000004,40.70281361000002,42.10249280000005,42.97750592000003,38.9066441,40.75921094
106.85505220365914,10.914979859694249,43.69529011999998,40.466970230000015,41.61371594000002,43.25436553999998,39.94914019999999,42.86300225,40.41740894,43.49704496000004,43.23385741999999,38.75112419000001,40.15422140000001
106.85505220365914,10.932946165376636,44.37889412000004,42.08369369000002,39.29288036000003,43.79441270000001,41.82905119999998,43.91746142,43.49875397000002,43.47995486000002,43.44235664000004,40.10636912000001,43.19796821
106.85505220365914,10.950912471059029,45.62988944,47.69095550000003,43.99265786000001,39.491125520000026,43.57565942000002,45.35473883000003,44.18919401,44.66429879,44.4438365,40.619072120000055,43.04244830000002
106.85505220365914,10.968878776741418,44.898433160000025,45.41455417999998,40.91473085000001,40.017500600000005,42.35884429999999,43.52438912000002,45.77344628,43.15866098000004,43.54147922000004,39.634682360000056,42.35542628000002
106.85505220365914,10.986845082423809,44.01829301000001,40.49602340000004,38.920316180000015,40.27043408000003,41.03607055999999,40.06364386999999,39.70646078000004,42.46822094000004,41.58295376000001,37.365117080000005,42.21870548000004
106.85505220365914,11.004811388106198,46.682639600000016,43.23385741999999,44.60448344000002,42.52632728000003,44.55663116000005,43.32614396000002,43.39792238000001,44.760003350000005,44.47801670000001,38.817775580000045,44.33445986000001
106.85505220365914,11.022777693788589,40.80022717999998,36.86608616000001,33.33868952,38.16151574000003,38.66909171000003,40.40373686000004,39.47745343999998,41.81196110000002,42.09394775000004,33.09259208000003,39.409093040000016
106.85505220365914,11.04074399947098,38.46230150000002,36.15342899000001,31.06570622000004,38.84853776000003,36.01670819,38.08802831000003,36.08165057000002,36.20299028,37.67957492000002,30.424827470000025,35.28525191000003
106.85505220365914,11.05871030515337,39.487707500000056,36.28502276,31.055452160000016,36.79772576000005,36.73961942000005,38.26063832,35.87827838000001,37.27453954999999,37.300174700000014,33.86164658000001,37.101929540000015
106.85505220365914,11.07667661083576,37.93592641999999,35.99790908,32.51323769000004,35.81162699000004,34.64779118000001,38.11879049000004,35.10409685000002,37.18738004,37.43176847000001,33.58478696000003,34.22395670000003
106.85505220365914,11.09464291651815,42.57759758000003,34.893888619999984,35.922712639999986,36.53282921000002,40.30461428000001,36.32945702000001,35.85264323000001,38.23671218000004,37.93250840000002,33.70441765999999,34.04621966000002
106.85505220365914,11.11260922220054,37.80945968,34.55721365000002,33.18146060000004,37.21472419999998,38.76308726000002,38.328998720000016,38.68618181000005,41.38641761,40.048262780000016,35.628762919999986,37.36511708000003
106.85505220365914,11.130575527882932,37.65735779000002,34.95883100000003,32.316701540000054,36.168810080000014,34.251300860000015,35.66636114000002,35.43906281000005,36.1380479,36.05601542000002,32.761044140000024,33.875318660000005
106.85505220365914,11.14854183356532,48.254928800000016,38.52040784000002,37.18396202000002,38.37343298000002,36.001327100000026,32.4124061,32.59527017000005,34.24104680000005,33.11310020000002,32.217578960000026,32.45684036
106.87212019405742,10.358024383540142,28.908935600000035,30.665797880000014,28.878173420000053,28.44066686000002,28.05955763000003,28.36717943000002,27.70066553000001,29.88990734000004,27.893783660000054,27.52463750000004,28.454338940000014
106.87212019405742,10.375990689222531,28.411613690000024,30.248799440000028,28.338126260000024,28.673092220000058,28.085192780000057,28.44066686000002,28.242421700000023,30.62307263,28.160389220000013,27.57248978000001,28.963623920000032
106.87212019405742,10.393956994904924,27.06662282000002,30.371848160000013,27.71946464000001,29.50708910000003,27.931381880000004,28.823485100000028,29.059328479999976,30.922149380000008,28.75512470000004,28.201405460000046,28.76708777000005
106.87212019405742,10.411923300587317,31.086214340000023,32.330373620000046,29.452400780000005,30.12233270000001,30.207783199999994,30.12916874000001,30.402610340000024,31.533974960000023,29.86598120000002,29.11230778999999,29.45069177000005
106.87212019405742,10.429889606269704,30.450462620000053,32.330373620000046,30.438499550000017,30.23170934000001,30.17360300000001,30.498314900000025,31.42118030000006,31.11014048000004,29.78394872000001,28.791013910000004,30.450462620000053
106.87212019405742,10.447855911952097,32.19365282000001,37.019897060000005,33.742015880000054,33.22247684000001,33.34894358,31.643351600000017,31.530556940000025,35.44248083000002,34.09065392000002,32.94390821000002,30.83328086000006
106.87212019405742,10.465822217634486,29.589121579999983,31.86039586999999,29.62330178000002,30.71365016000001,29.67286307000004,30.90505928000005,30.33083192000004,31.46219654000004,29.48999900000004,29.00122214000001,29.98732091
106.87212019405742,10.483788523316877,31.25369732000001,31.677531800000025,30.315450830000003,30.48293381000002,30.224873300000013,30.809354719999988,29.903579420000028,31.06228820000001,29.61988376,27.483621260000007,30.894805220000023
106.87212019405742,10.501754828999266,32.32695560000002,32.104784300000006,30.82986284000004,31.94242835,31.14090266000005,31.58182724000005,31.39725415999999,32.88751088000004,31.51004882000001,28.744870640000045,30.11549666000002
106.87212019405742,10.519721134681657,29.331061070000032,29.660900000000023,30.990509780000025,29.80103882,28.65429311,28.74145262000001,28.896972530000028,30.269307560000016,28.929443719999995,27.85276742000002,28.46801102000001
106.87212019405742,10.537687440364047,30.13942280000004,29.77369465999999,28.669674200000003,30.600855500000023,30.40602836000005,31.16482880000001,29.32593404000002,30.40944638000002,29.804456840000057,27.210179660000023,30.69826907000001
106.87212019405742,10.555653746046438,32.60381522,33.09942812000003,31.332311780000023,32.02958785999999,32.217578960000026,32.54912690000003,31.28616851000001,31.154574740000044,31.98173558000002,28.70043638000004,30.775174520000007
106.87212019405742,10.573620051728827,31.20926306000001,32.84307662000003,30.113787650000035,30.869170070000024,30.7375763,31.97148152,31.31180366000001,31.267369400000007,31.05203414000005,28.242421700000023,29.78394872000001
106.87212019405742,10.591586357411218,32.62090532000002,34.022293520000005,30.282979640000008,31.137484640000025,30.90505928000005,31.70145794000001,31.281041480000056,31.66044169999998,31.38529109000001,28.878173420000053,30.433372520000034
106.87212019405742,10.60955266309361,32.07744014000002,33.56427884000004,29.859145160000025,31.176791870000017,30.93240344000003,31.680949820000023,31.093050380000022,32.09453024000004,31.128939590000016,27.77244395,30.670924910000025
106.87212019405742,10.627518968776,31.833051710000035,33.12335426000004,29.954849720000027,30.894805220000023,30.790555610000013,32.13383747000003,29.72242436000002,32.01249776,31.457069510000025,29.315679980000027,30.78201056000006
106.87212019405742,10.64548527445839,30.860625020000043,32.33720966000004,29.807874860000027,30.19752914000003,29.68482614000004,30.985382749999985,28.11937297999998,30.101824580000027,29.94117763999997,28.62523994000003,28.92773471000004
106.87212019405742,10.66345158014078,34.40852977999998,37.07458538000003,34.483726219999994,34.94174090000001,33.42755804000001,34.56063167000002,34.449546020000014,34.480308200000024,35.486915090000025,33.360906650000004,35.110932890000015
106.87212019405742,10.681417885823173,37.542854120000015,34.36409551999998,36.43541564000003,39.00234866000005,38.88955400000003,35.27841587,32.54570888000001,36.42857960000004,37.34119093999999,32.070604100000025,34.994720210000025
106.87212019405742,10.699384191505562,37.597542439999984,33.69074558,32.631159379999986,38.10682742000006,37.759898390000046,35.41684568000005,33.39679586,36.63366080000003,38.42812130000004,29.565195440000025,37.41126035000002
106.87212019405742,10.717350497187953,37.05749528000001,35.22030953000004,35.59800074000003,34.76742188,36.182482160000006,36.99255290000002,36.462759800000015,39.96964832000003,43.93796954000001,36.41661653,37.57019828
106.87212019405742,10.735316802870342,36.126084830000025,33.95222411000003,38.164933760000025,40.33024942999998,38.851955780000026,37.97181563000004,36.9241925,40.32170438000003,41.69233040000006,35.80479095000004,40.25676200000001
106.87212019405742,10.753283108552733,33.63263924,33.755687960000046,35.84409818000006,34.18806749000004,33.84284747000001,35.625344900000016,33.18658763000002,34.79818406000001,32.73711800000001,30.42311846000001,32.398734020000006
106.87212019405742,10.771249414235124,29.93434160000004,30.84524393000001,28.34838032000001,29.4729089,29.41480256,30.255635480000024,29.75318654,29.667736040000023,29.763440600000024,28.37572448000003,28.47484706
106.87212019405742,10.789215719917513,33.92829797000002,33.59162300000003,33.352361599999995,32.88409286000001,32.82940454000004,33.80012222000005,34.302571160000014,33.577950920000035,33.05841188000002,31.01785394000004,32.49785659999998
106.87212019405742,10.807182025599904,34.37776760000003,34.630701079999994,32.164599650000014,35.07846170000005,34.20857561,34.88363456000002,34.22737472000003,34.97421209000001,35.481788060000014,31.503212780000013,32.84478563000005
106.87212019405742,10.825148331282294,30.34450400000003,30.69997808000005,28.609858850000023,30.06422636000002,29.609629700000028,29.93946863000002,30.877715120000005,29.42163860000005,29.790784760000008,28.11937297999998,29.961685760000023
106.87212019405742,10.843114636964684,33.18658763000002,33.789868160000026,32.92681811000003,32.14580053999998,33.35065259000004,38.32216268000002,39.50821561999999,40.49944142000004,38.77675934000001,35.17758428000002,38.66738270000002
106.87212019405742,10.861080942647074,33.789868160000026,33.67365547999998,31.86039587000002,33.058411879999994,32.02958786000002,35.58774668000001,35.45957093000001,39.76969415000002,43.54489724000001,35.481788059999985,38.09486435000002
106.87212019405742,10.879047248329464,40.605400040000006,36.79259873000001,41.34369235999998,43.32956198,42.89718245,43.10909969000002,40.92669392000005,43.507299020000005,44.58397532000004,41.06683274000002,42.52120025000002
106.87212019405742,10.897013554011856,41.68549436000004,40.766046980000056,39.689370680000025,42.208451420000046,40.29606923,42.93819868999998,41.00530838000003,41.97773507000002,42.79293284000005,39.5389778,41.51117534000002
106.87212019405742,10.914979859694249,48.73516061000001,46.92531902000002,45.70166786000004,49.24273658000004,45.81104449999998,47.16799844000002,48.7676318,46.22804294000002,47.04153170000001,43.473118820000025,44.48314373000005
106.87212019405742,10.932946165376636,45.165038719999984,46.26564116000003,47.18167052000001,44.43016441999998,42.34859024000002,44.50365184999998,45.55298399,42.73824452000002,45.15136663999999,44.91894128000001,44.17381292000002
106.87212019405742,10.950912471059029,45.71192192000001,44.06785430000002,39.52188769999998,43.40134039999998,42.64595798000005,43.72263428000002,44.31053372000002,42.05293151000001,42.90230947999999,41.00701739000005,40.93523897
106.87212019405742,10.968878776741418,44.65233572000005,44.85741691999999,39.810710390000025,42.38277044000006,41.20355354000003,42.30586499000003,42.129836960000006,43.62180269000001,43.015104140000005,39.38516690000006,42.57076154000004
106.87212019405742,10.986845082423809,43.98240380000004,42.93990770000005,40.24992596000004,46.37843582000005,48.21220355000003,43.94480557999998,44.64208166000003,43.53977021000003,43.88157221000003,38.73232508000001,43.07321048
106.87212019405742,11.004811388106198,42.237504590000015,35.40659162000003,36.73620140000003,40.15251239000003,40.9061858,39.53214176000006,39.67569860000003,40.53020360000005,42.02729636000004,36.172228099999984,39.73380494
106.87212019405742,11.022777693788589,38.26063832,37.17883499000001,35.83384412000001,40.277270120000026,36.03892532000003,36.00303611000001,38.30849060000003,37.00280696000004,37.806041660000034,33.923170940000006,36.315784940000015
106.87212019405742,11.04074399947098,40.36442963000002,40.622490140000025,39.59024810000005,41.14373819000002,38.61611240000002,41.84785031000001,39.983320400000025,41.22064364000005,40.4618432,37.21472420000004,39.86710772000004
106.87212019405742,11.05871030515337,39.67911662000006,36.38756336000006,30.481224800000007,36.07652354000004,38.49306367999998,34.864835450000015,32.76788018000002,35.74839362,36.59093555000001,30.481224800000007,33.27887417000005
106.87212019405742,11.07667661083576,37.806041660000005,34.84090931000003,33.44123012,34.50081632000001,34.30940720000004,33.219058820000015,30.341085980000003,34.90072466000004,33.96076916000004,30.06422636000002,32.71148285000001
106.87212019405742,11.09464291651815,36.925901510000045,32.77129820000005,31.793744479999987,35.69370530000003,35.52280430000002,36.01158115999999,34.16243234000001,36.640496840000026,36.94470062000005,31.380164060000027,33.96760519999998
106.87212019405742,11.11260922220054,36.661004960000014,33.335271499999976,35.741557580000006,37.64539472000001,38.10682742000003,37.40442431000002,35.68686926000004,38.77675934000001,38.93398825999998,30.89822324,32.4124061
106.87212019405742,11.130575527882932,35.31772310000002,37.74793532000001,34.53499651999999,38.85366479000004,40.237962890000006,39.29629838000005,34.99130219,36.168810080000014,36.01670819000003,33.793286180000024,32.53887284000004
106.87212019405742,11.14854183356532,43.80637577000002,32.52520076000002,36.56530040000001,34.82723723000004,33.46857428000004,34.182940460000054,35.05453555999998,33.96418718000001,34.31282522000004,33.054993860000025,33.003723560000026
106.89098481502393,10.358024383540142,28.324454180000032,31.26907841000002,28.300528040000017,28.76537876000004,28.122791000000007,28.239003680000053,27.876693560000035,29.99586596000006,28.29027398000005,27.606669979999992,28.12791803000005
106.89098481502393,10.375990689222531,32.70806483000001,34.30257116000004,32.43975026000004,33.60529508000002,31.219517120000035,31.11014048000004,32.104784300000006,33.530098640000006,32.18852579,32.156054600000004,37.91712731000001
106.89098481502393,10.393956994904924,31.896285079999984,32.64141344000001,31.58866327999999,31.00076384000002,30.78713759000001,31.90312112000001,31.171664840000005,31.20584504000001,30.72561323000002,28.78930490000002,30.696560060000024
106.89098481502393,10.411923300587317,31.62113447000001,33.93342500000006,32.35771778000003,31.906539140000007,31.43485238000005,33.44123012000003,30.96487463000005,32.57305303999999,31.29129554000002,30.20094716000005,31.0451981
106.89098481502393,10.429889606269704,35.04769952000004,36.34825613000004,33.70099964000002,34.32649730000003,34.890470600000015,34.203448579999986,34.917814760000056,35.25619874000006,33.71125370000004,32.71319186000005,33.16095248000002
106.89098481502393,10.447855911952097,33.335271499999976,34.67855336000002,38.53749794000001,40.33537646000002,40.37810171000001,37.26941252000006,35.22201854000002,37.50867392000004,39.59366612000002,31.76640032,34.90585168999999
106.89098481502393,10.465822217634486,31.81425260000003,33.78815915000004,32.42949620000002,32.80206038000006,31.18533692,31.797162500000013,32.067186080000056,32.72344592000002,31.40750822000001,29.2678277,29.768567630000007
106.89098481502393,10.483788523316877,31.95097340000001,33.50617250000002,31.233189200000027,30.529077080000008,30.648707779999995,30.831571850000017,30.778592539999977,31.09817741000004,30.775174520000007,28.004869310000032,29.062746500000003
106.89098481502393,10.501754828999266,29.21313938,31.60404437,29.73780545,29.54639633000002,28.666256180000005,29.184086210000004,27.459695119999992,29.936050610000024,28.94482481,26.18477366000002,28.939697780000017
106.89098481502393,10.519721134681657,29.67115406000005,30.315450830000003,29.2678277,29.683117130000028,28.878173420000053,29.53785128000004,28.3791425,29.79420277999997,28.70043638000004,26.659878440000057,28.4304128
106.89098481502393,10.537687440364047,30.75979343000003,32.424369170000034,28.90209956000001,30.447044600000027,29.91212447000004,31.561319120000007,29.64039188000004,30.218037260000017,29.859145160000025,27.03586064000004,29.881362290000027
106.89098481502393,10.555653746046438,30.41799143,32.778134239999986,28.96704194000003,30.498314900000025,30.187275080000035,30.887969180000027,30.06422636000002,30.81960878000001,30.272725580000014,27.53660057000002,28.72436252
106.89098481502393,10.573620051728827,30.84695294000005,32.990051480000034,28.69701836000001,29.71046129000004,29.751477530000017,30.911895319999985,29.17041413000001,30.153094880000022,30.03688220000004,27.076876879999983,29.01147620000006
106.89098481502393,10.591586357411218,34.77254891000001,37.11901964000003,32.88751088000004,33.89924480000002,32.42949620000002,33.318181400000014,30.76150244000001,32.61748729999999,32.27397629000001,30.563257280000016,32.81231444000002
106.89098481502393,10.60955266309361,31.82621567000001,33.92146193000002,29.08325462000002,31.86894092,30.877715120000005,31.98173558000002,30.566675300000043,32.190234799999985,31.301549600000044,27.84593138,29.64893692999999
106.89098481502393,10.627518968776,32.09794826000004,34.54695959,31.322057720000032,33.284001200000034,31.988571620000016,32.57305303999999,29.39087642000004,32.33550065000003,31.61942546,28.93115273000004,30.32057786000001
106.89098481502393,10.64548527445839,34.95370397000002,35.621926880000046,33.77277806000001,35.28012488000002,34.324788290000015,34.49227127000003,34.39485769999999,37.10705657000005,35.215182500000026,33.18829664000003,34.98275713999999
106.89098481502393,10.66345158014078,35.09555180000001,35.67832421,34.58284880000002,35.235690620000014,35.71763143999999,36.28502276000006,34.23421076,35.77915580000004,34.30598917999998,32.39189798000001,34.610192960000006
106.89098481502393,10.681417885823173,38.63320250000004,34.57259474,33.46173823999999,37.91200028000003,36.73620140000003,38.99038559000002,34.94174090000001,39.52017869000002,39.76114910000001,32.65166750000003,41.31634819999999
106.89098481502393,10.699384191505562,39.658608500000014,33.55060676000002,30.935821460000028,36.233752460000005,36.45592376000002,34.35896849000005,34.73324168000005,37.79236958000001,38.07435623000004,31.349401880000016,35.71250441000001
106.89098481502393,10.717350497187953,37.223269250000016,36.48668594000003,35.23227259999999,35.040863479999985,36.411489500000016,36.10215869000004,36.06626948000002,37.927381370000006,37.51550996000003,32.108202320000004,35.58091064000001
106.89098481502393,10.735316802870342,36.62853377000002,35.42880875,34.58284880000002,35.003265260000035,36.380727320000005,35.72104946000002,34.09748996000002,37.44202253,37.49500184000004,33.388250810000045,35.42026370000002
106.89098481502393,10.753283108552733,34.017166489999994,35.064789620000056,34.039383620000024,32.104784300000006,32.84649464000006,34.52474246000003,33.95051510000002,33.504463490000006,32.385061940000014,31.093050380000022,32.46709442000002
106.89098481502393,10.771249414235124,33.20367773000004,35.15707616000003,31.44339743000004,31.89799409,33.01055960000002,32.50469264000003,31.55106506000004,32.80718741000004,32.484184519999985,31.14773869999999,31.747601210000028
106.89098481502393,10.789215719917513,34.593102860000045,35.27670685999999,32.800351370000016,33.10797317000001,33.69074558,33.50959052000002,32.65166750000003,34.75033178000001,34.576012760000026,32.64483145999998,33.244693970000014
106.89098481502393,10.807182025599904,33.38995982000006,33.72321677000002,30.665797880000014,31.40067218000001,31.08792335000004,32.74737206000003,32.562798980000025,33.241275950000016,32.54741789000002,30.55642124000002,30.535913120000032
106.89098481502393,10.825148331282294,34.08210887000001,34.42561988000003,33.789868160000026,33.762523999999985,31.650187640000013,33.36774269,32.72344592000002,33.72663478999999,32.062059050000016,31.79716250000004,31.055452160000016
106.89098481502393,10.843114636964684,31.668986749999988,33.22931288000001,30.071062400000017,31.06228820000001,31.66727774000003,32.17314470000002,31.616007440000004,32.89776494000003,31.732220120000022,29.842055060000007,30.41799143
106.89098481502393,10.861080942647074,36.86608616000001,36.71227526000001,33.33014447000005,35.10580586000003,35.87656937000003,35.36899340000002,35.382665480000014,36.53453822000006,35.51938628000002,33.236148920000005,35.08187972000002
106.89098481502393,10.879047248329464,33.13360832000001,32.81915048000002,29.93092358000001,31.735638139999992,32.766171170000035,31.90312112000004,33.759105980000015,33.93513401000001,33.547188740000024,31.71000299000002,32.761044140000024
106.89098481502393,10.897013554011856,44.54295908000006,40.35588458000001,40.02433664,42.67330214000003,42.81514997000005,43.66110992000003,42.081984680000005,43.63034774000005,44.64037265000002,41.77436288000001,43.93626053000003
106.89098481502393,10.914979859694249,45.88965896000002,45.75635618000001,43.30563584000004,44.54295908,43.948223600000006,44.39598422000006,42.26997577999998,44.43870947000002,45.61963537999998,40.34221250000002,45.38721002
106.89098481502393,10.932946165376636,42.88180136000005,42.77926076,40.33195844,42.463093910000055,40.32170438000003,42.15034508000002,40.35930260000001,44.94286742000003,44.78905652000003,41.40521672,42.35371727000003
106.89098481502393,10.950912471059029,44.53099601000002,43.58762249000003,40.15422139999998,42.338336180000056,40.35588458000001,43.18258712,42.13667300000003,43.175751080000055,44.75487632,37.32922787000004,41.73334664000001
106.89098481502393,10.968878776741418,44.73095018000004,45.79737241999999,44.24559134000003,43.47824585000004,42.36226232000001,42.53829035000001,43.50388099999998,43.36374218000003,42.686974220000025,39.81412841000002,42.99801404000005
106.89098481502393,10.986845082423809,39.132233420000034,38.97500450000004,35.91758561000003,39.06045500000002,38.13758960000001,37.29162965,38.31190862000005,38.31532664000002,39.13565144000003,37.43005946000005,38.00086880000004
106.89098481502393,11.004811388106198,40.229417840000025,37.44885857,37.26770351000005,39.86710772000001,40.10978713999998,38.69985389000004,37.48816580000005,40.32683141000001,40.43279003000004,35.560402520000025,38.062393160000056
106.89098481502393,11.022777693788589,34.446128000000016,35.30405102000003,33.99836737999999,36.12779383999998,34.72982366000002,32.82256849999999,33.755687960000046,34.476890180000055,34.924650799999995,31.80741655999998,32.66875760000005
106.89098481502393,11.04074399947098,43.874736170000034,39.25870015999999,40.78142807,42.8373671,36.51744811999998,35.189547350000026,32.57647106000002,32.66875760000002,31.604044370000025,30.33595895000002,35.63218094000001
106.89098481502393,11.05871030515337,33.53180765000002,33.61896716000001,33.35577962000002,35.128022990000034,32.71319186000005,32.873838800000016,34.38460364000002,32.890928900000006,33.63605726000003,31.219517120000035,31.75272824000001
106.89098481502393,11.07667661083576,40.97454620000002,36.25767860000002,33.88728173000001,34.912687730000016,34.97592110000002,33.4378121,31.98686261000003,32.333791640000015,32.67730265,31.22806217000001,34.04280163999999
106.89098481502393,11.09464291651815,35.68345124000004,34.70247950000004,35.42539073000003,37.69153799,35.866315310000005,34.24959185000006,34.57259474,36.725947340000005,37.16003588000001,33.00030554,34.48201721000004
106.89098481502393,11.11260922220054,34.4290379,33.9846953,32.79180631999998,34.75716782000001,33.020813660000016,34.33846037000001,35.79966392000006,33.98640431000001,35.23227259999999,31.28787752000005,31.58011823000004
106.89098481502393,11.130575527882932,35.39804657000002,33.957351140000014,31.25711534000004,34.97250308,35.58091064000001,35.218600519999995,34.627283060000025,33.17291555,36.63366080000003,32.15605460000006,35.50229618
106.89098481502393,11.14854183356532,33.48566438,34.70077049,33.58820498000006,36.013290170000005,36.53795624000003,34.27864502,33.78303212000003,35.29379696000001,35.52280430000002,31.36649197999997,34.570885730000015
106.9080528054222,10.358024383540142,29.52417920000005,30.26588953999999,28.73803459999999,28.80297698000004,28.43553983000001,27.88352960000003,29.211430370000016,30.12233270000001,28.080065750000017,27.11789312000002,29.954849720000027
106.9080528054222,10.375990689222531,29.68653515,32.24150510000004,29.81300189000001,30.59060144,28.21507754000004,28.397941610000032,30.31886885,32.32011956000002,30.25221746,30.094988540000003,38.15297069000002
106.9080528054222,10.393956994904924,37.313846780000006,37.38220718000002,37.79066057,36.03892532000003,37.61121452,36.934446560000026,35.444189840000035,36.70885724000004,36.23033444000004,34.52645147000001,36.454214750000006
106.9080528054222,10.411923300587317,32.670466610000005,34.01545748000001,31.759564280000006,31.786908440000047,30.83669888000003,32.484184519999985,31.19900900000001,32.96612534000002,31.633097539999994,30.40431934999998,30.41286440000001
106.9080528054222,10.429889606269704,30.821317789999995,31.22464415000005,29.349860180000007,30.795682639999995,29.13452491999999,31.06057919000005,29.41822058,31.954391420000007,29.96510378000005,28.885009459999992,29.647227919999978
106.9080528054222,10.447855911952097,32.40557006000006,33.27032912000004,33.167788520000045,32.25517718000003,31.421180300000003,32.52690977000003,31.985153600000046,32.43975026000004,31.60917140000004,29.300298890000025,30.611109560000045
106.9080528054222,10.465822217634486,30.83328086000006,31.689494870000004,30.40090133000001,30.91873136000004,29.9001614,30.481224800000035,30.49489688,30.790555610000013,29.97193981999999,28.39281458000005,29.069582540000056
106.9080528054222,10.537687440364047,30.004411010000013,30.46755272000001,28.60814984000001,29.82838298000001,29.11572581000001,30.40944638000002,29.47632692000002,29.677990099999988,29.643809900000008,26.43087110000002,30.224873300000013
106.9080528054222,10.555653746046438,31.73222012,32.44316828000001,30.01637408000002,31.89970310000001,31.233189200000027,32.04155093000003,29.556650390000016,30.62136362000001,30.52565906000004,28.092028820000024,29.616465740000024
106.9080528054222,10.60955266309361,34.31966126000003,33.499336459999995,28.42699478,31.69803992000004,29.749768520000032,29.72242435999999,31.369910000000004,32.484184520000014,30.874297100000035,28.174061300000005,31.513466840000007
106.9080528054222,10.627518968776,31.304967620000014,31.897994090000022,28.580805680000022,30.03688220000004,29.90699744000005,30.807645710000003,28.943115799999987,30.77175650000004,30.012956060000025,27.931381880000004,31.14773869999999
106.9080528054222,10.64548527445839,34.743495740000014,35.38608350000001,30.97000165999998,32.02616984000002,31.71513002000006,33.08746504999999,30.50515094000002,32.94903524000006,32.718318890000006,30.874297100000035,31.84501478000004
106.9080528054222,10.66345158014078,35.29037893999998,36.64733288000002,33.318181400000014,36.24058850000003,34.22737472000006,35.28354290000004,35.365575380000024,35.608254800000026,33.70612667000003,33.71808973999998,36.92590151000002
106.9080528054222,10.681417885823173,37.85731196000006,34.26668195000002,35.555275490000014,37.573616300000026,36.87634022,38.04530306000004,35.529640340000014,40.01408258000004,40.25334398000001,30.035173190000023,32.92852712000001
106.9080528054222,10.699384191505562,37.65735779000002,34.13337917000001,34.81527416000003,36.37901831000002,37.53260006000005,41.26507790000005,35.577492620000044,39.612465230000026,40.48235132000002,33.11310020000002,37.04040517999999
106.9080528054222,10.717350497187953,43.65769190000003,42.96041581999998,39.86881673000002,41.38983563000002,41.88544853000002,40.04142674000002,40.735284800000045,41.31293018,41.55219158000003,38.76308726000002,43.92771548000002
106.9080528054222,10.735316802870342,38.32216268000002,39.42276512000001,35.48862410000001,38.346088820000034,39.37662185000002,38.74941518000003,38.87588191999998,40.17131150000003,40.28068814000005,35.611672820000024,37.44031352000002
106.9080528054222,10.753283108552733,45.29663249000001,52.10532833000002,48.17118731000002,41.99995220000005,45.014645840000014,51.36703601000002,45.54443894000002,48.24125672,47.92338086000001,42.16572617000003,42.62374084999999
106.9080528054222,10.771249414235124,35.772319760000016,34.00349441,34.79305703000003,33.024231680000014,33.058411879999994,33.888990740000054,31.663859720000005,34.41194780000001,34.41878384,32.333791640000015,30.28810667000002
106.9080528054222,10.825148331282294,41.09075888000001,38.14784366000004,34.85970842000006,38.08119227000003,37.51892798,39.23819204000003,36.07652354000004,39.99357445999999,39.17666768000001,34.347005420000016,37.93934444000001
106.9080528054222,10.843114636964684,38.67080071999999,36.41832554000001,36.985716860000025,37.365117080000005,35.89536848,36.71056625,35.92954868000004,37.40955134000001,37.29675668000005,32.30644748000003,34.37434958000006
106.9080528054222,10.861080942647074,35.97398294000004,35.46298895000001,36.052597400000025,35.891950460000004,36.346547120000025,35.86802432000002,35.53134935,36.71911130000001,35.99107304,33.5403527,34.76742188000003
106.9080528054222,10.879047248329464,40.78997312000001,39.07070906000001,38.30165456000003,40.80022717999998,41.19329948000001,39.59366612000002,38.28456446000001,39.754313060000015,41.47870415000003,36.59264456000005,38.696435870000016
106.9080528054222,10.897013554011856,41.91791971999999,40.91814887000001,40.30119626000004,41.0087264,41.6410601,40.690850540000014,39.63468236,40.89934976000001,41.18988146000004,39.72013286000004,42.08027567000002
106.9080528054222,10.914979859694249,43.75681448,42.29390192000005,43.54489724000001,46.34767364000004,48.379686530000015,43.53977021,44.36180402000002,44.895015140000055,45.19921892000002,39.50137958000005,43.48337288000005
106.9080528054222,10.932946165376636,44.734368200000034,35.650980050000015,33.01397761999999,34.808438120000005,33.20880476000002,34.91097872,37.659066800000005,40.68572351000003,41.20868057000001,36.29698583000004,38.28456446000001
106.9080528054222,10.950912471059029,41.34711038,31.36649197999997,30.71706818000001,35.382665480000014,45.06762515,38.90322608000002,32.17314470000002,32.831113550000026,35.95347482,30.90847730000001,33.69074558
106.9080528054222,10.986845082423809,36.773799620000034,37.34119094000005,38.68105478000001,39.09634421000001,36.64220585000004,37.71033710000006,39.46890839,39.24502808,39.38003987000002,34.45980008000001,38.95449638000002
106.9080528054222,11.004811388106198,41.26849592000002,37.059204290000025,40.58147389999999,42.160599140000045,41.482122170000025,41.572699700000015,38.985258560000034,43.10397266000001,42.85958423,37.720591160000026,41.63080604000004
106.9080528054222,11.022777693788589,32.10820232000003,31.28958653000001,30.043718240000032,32.03642390000002,30.946075520000026,30.27614360000001,30.66067085,31.267369400000007,31.496376740000017,29.12597987000001,31.231480190000013
106.9080528054222,11.04074399947098,36.77721764,34.42561988,32.25346817000002,36.609734660000015,37.36853510000003,34.30940720000004,35.04428150000001,35.78940985999998,36.06285146000002,33.33185348000001,35.22543656000005
106.9080528054222,11.05871030515337,35.04769952000004,31.974899540000024,31.40750822000001,32.92852712000004,30.787137590000043,31.29471356000002,33.52668062000001,32.13896450000004,32.05522301000002,30.223164290000028,31.716839030000017
106.9080528054222,11.07667661083576,33.11310020000002,34.14876026000002,30.82986284000004,34.11799808000001,34.21028462000004,32.02958785999999,32.45342234,35.20834646000003,35.396337560000006,30.96487463,31.78519943000001
106.9080528054222,11.09464291651815,37.04382320000002,35.22201854000002,33.340398530000044,35.70054134000003,33.875318660000005,33.92317093999998,35.034027440000045,35.91929462000002,35.78257382000001,32.361135800000056,33.74372489000004
106.9080528054222,11.11260922220054,33.69758162000002,34.15559630000001,33.84626549000004,33.468574279999984,34.67855336000002,32.74737206000003,33.91633490000004,33.70783568000002,33.91633490000004,31.11014048000004,32.75079008000006
106.9080528054222,11.130575527882932,36.14830196,35.04940853000005,33.724925780000035,34.55892266000004,34.39998473,33.05841188000002,33.694163600000024,35.73813956000004,37.10876558000001,30.693142040000023,31.923629240000025
106.9080528054222,11.14854183356532,36.69860318000002,34.70247950000001,34.16585036000004,34.90072466000004,35.84409818000006,35.53476737,35.469824990000006,36.34996514,35.724467480000044,34.47005414,35.55014846000006
106.90895112070632,10.483788523316877,31.446815450000003,30.81960878000001,29.689953170000024,30.66921590000004,29.842055060000007,30.31374182000002,29.47632692000002,30.95120255000004,30.248799440000028,27.587870870000017,28.368888440000006
106.90895112070632,10.501754828999266,33.33868952,33.408758929999976,32.388479959999984,32.5149467,31.89286706000001,32.12871044000002,30.973419680000006,32.73711800000004,31.85185082000004,27.91087376000001,30.25905350000005
106.90895112070632,10.519721134681657,29.67457208000002,30.87942413000001,29.72755139000003,29.84547308000004,29.09692670000001,28.73119856,28.59105974000002,29.40113048000001,28.77563282000005,26.41036298000006,26.931611030000028
106.90895112070632,10.573620051728827,31.50663080000004,33.875318660000005,29.40454850000004,30.53249510000001,30.645289760000026,31.431434360000026,29.871108230000004,31.27420544000006,30.59060144,28.24925774000002,29.284917800000017
106.90895112070632,10.591586357411218,30.925567399999977,32.09965727000002,28.60814984000001,30.657252830000004,29.862563180000024,31.34598386000002,29.11401680000006,30.41457341000003,29.96510378000005,27.859603460000017,29.19092225000003
106.90895112070632,10.789215719917513,32.795224340000004,34.52474246000003,31.643351600000017,32.32353757999999,31.86894092,33.08404703000002,32.01249776000003,32.92852712000004,32.25859520000006,31.49295872000002,32.42607817999999
106.90895112070632,10.807182025599904,39.47745343999998,38.92373420000001,35.19125636000001,38.16151574000003,37.9666886,38.44862942000003,35.11435091000004,40.37981072000002,40.16276644999999,33.940261040000024,37.02673310000003
106.90895112070632,10.968878776741418,46.49293949,45.40771814000004,42.79293284000005,43.57224140000005,42.98605097000001,43.71921626000005,45.31201358000001,43.666236949999984,44.36351303000004,41.31293018000002,42.74337155000004
106.9260191111046,10.358024383540142,28.99438610000004,30.82473581000005,28.71752648000006,28.98413204000002,28.85424727999998,27.75706286000002,30.083025470000024,30.53933114000006,28.33470824000005,26.97091826000002,34.963958030000015
106.9260191111046,10.375990689222531,30.006120020000026,30.88113314000003,30.25734449000004,30.02662814000001,28.912353619999976,27.98265218000006,30.19752914000003,31.371619010000018,28.25267575999999,28.39965061999999,37.17370796
106.9260191111046,10.393956994904924,36.50035802000002,34.79647505,34.80502009999998,33.249821000000054,34.68880741999999,34.29573512000002,35.088715760000014,36.05601542000005,34.38460364000002,31.978317560000026,37.79920562000001
106.9260191111046,10.411923300587317,33.33868952,34.49910731000003,33.68903657000004,33.029358710000054,33.58478696000003,32.77984325000003,32.84649464,34.00862144000001,32.90118296000003,30.260762510000035,33.65314736000005
106.9260191111046,10.429889606269704,31.11355850000001,33.03448574000004,32.20561589000002,30.766629470000023,30.764920459999985,30.57692936000001,30.633326690000047,31.651896650000023,30.002702,27.919418810000025,29.806165850000014
106.9260191111046,10.483788523316877,33.11310020000002,33.81379430000004,31.67069576000005,33.59504102000005,32.12700143000001,32.66021255000001,32.11503836000003,33.046448810000015,32.34062768000001,28.756833710000024,31.21268108000004
106.9260191111046,10.501754828999266,32.10307529000002,31.732220120000022,30.81277274000001,30.70681411999999,30.127459730000027,30.67605193999998,29.237065519999987,30.62478164000004,30.08131646000004,27.19821659000001,29.38062236000001
106.9260191111046,10.519721134681657,30.727322240000035,31.48270466,30.39235628000005,31.39212713000004,29.79420277999997,31.27762346000003,30.06422636000002,31.072542260000034,30.06080834,27.04953272000003,28.852538270000025
106.9260191111046,10.537687440364047,29.715588319999995,31.55106506000004,28.450920920000044,29.91896051000004,29.34644216000001,30.18043904000001,29.110598780000032,30.90505928000005,29.56861346000005,28.69872737,27.059786780000024
106.9260191111046,10.555653746046438,30.50344193000004,32.60039720000003,29.18066819000004,30.809354719999988,29.163578090000016,31.335729800000024,28.57055162000006,30.29323370000003,30.233418350000026,27.314429270000005,29.219975420000026
106.9260191111046,10.573620051728827,31.49808575000003,32.98663346000001,30.54616718,31.34256584000002,30.667506890000027,31.643351600000017,29.25415562000001,31.13577563000001,30.696560060000024,28.46117498000001,31.84330577
106.9260191111046,10.591586357411218,31.14432068000002,33.19513268000003,28.90039055000005,30.72390422000004,30.488060840000003,30.54104015000001,29.799329810000017,30.11207864,30.554712230000007,27.72288266000001,30.792264620000022
106.9260191111046,10.60955266309361,31.335729800000024,32.95416227000004,29.32935206000002,30.25050845000001,30.74099432,31.69803992000004,29.61988376000002,29.38745840000001,30.204365180000025,28.04246753000004,31.075960280000004
106.9260191111046,10.627518968776,32.64483145999998,34.05989174000004,31.923629240000025,31.889449040000045,31.67753180000005,33.00201455000001,30.49147886000003,32.458549370000014,31.27762346000003,28.86450134000006,30.59572847000004
106.9260191111046,10.64548527445839,31.86894092,31.93217429000001,30.030046159999984,31.397254160000017,30.83669888000003,31.426307329999982,29.73609644000004,30.77175650000004,30.55129421000004,28.94482481,28.937988770000004
106.9260191111046,10.66345158014078,38.99551262,38.15467970000003,36.24400652,37.28308460000002,37.28650262000002,37.45056758000001,36.29356781000001,38.73574310000004,38.80068548000003,36.13804790000006,40.78313708000002
106.9260191111046,10.681417885823173,43.96189568,40.89934976000001,37.45056757999998,38.41444922000005,38.89809905000001,41.80170704,38.83999271000005,40.86346055000001,41.870067440000014,34.56575870000006,39.27579026000001
106.9260191111046,10.717350497187953,42.73824452000002,42.76729769000002,42.10932883999999,44.07810835999999,42.38447945000004,42.81002294000001,42.11616487999999,42.39986054000002,42.81002294000001,41.24798780000003,42.31953707
106.9260191111046,10.735316802870342,46.37843582000002,47.29275617000002,42.59126966000002,43.38083228000002,43.53635219000003,46.02979778000002,42.64083095000004,42.686974220000025,43.81662983000001,38.28798248000001,37.988905730000056
106.9260191111046,10.753283108552733,43.59616754000001,43.86960914000002,40.21916378000003,42.64937600000002,42.54341738000005,44.035383110000026,42.338336180000056,42.74849858000002,43.78074062000002,39.36465878000001,42.52632728000003
106.9260191111046,10.771249414235124,33.058411879999994,34.76913089000004,32.419242139999994,35.47153400000002,35.19296537,36.53624723000004,34.81185614000003,35.688578269999994,34.80160208000001,32.82256849999999,33.77277806000004
106.9260191111046,10.789215719917513,35.42368171999999,34.839200300000016,32.20903391000002,33.174624559999984,34.62044702000003,34.36580453000005,32.59527016999999,33.88728173000001,35.42709974000002,32.85845771000004,33.413885960000016
106.9260191111046,10.807182025599904,43.170624050000015,42.553671440000016,37.07971241000001,43.69870814000001,42.55538045000003,42.68868323000004,39.844890590000006,41.64789614,43.28854574000002,37.52576402,41.25482384000003
106.9260191111046,10.825148331282294,45.09667832000002,44.26609946000002,41.92475576000004,43.20309524000004,43.73972438000001,43.31930792000003,40.97454620000002,43.47653684000002,44.85741691999999,40.52165855000004,42.67159313000002
106.9260191111046,10.843114636964684,42.63912194000002,40.81389926000003,38.968168460000015,41.17279136000002,40.9574561,40.81048124000006,41.15228324000003,42.18794330000003,41.74701872000003,37.766734430000014,40.32170438000003
106.9260191111046,10.897013554011856,39.76798514000001,35.20834646000003,34.99813823000002,37.7616074,38.33925278000001,37.37195312000003,37.17370796,36.96862676000001,37.884656120000045,33.88899074,37.40613331999998
106.9260191111046,10.914979859694249,41.39496266000003,38.26576535000001,38.32216268000002,39.79532930000005,39.42960116,38.86562786000002,37.49329283000003,39.304843430000005,40.38664676000002,34.31453423000002,39.47061740000004
106.9260191111046,10.932946165376636,40.73699381000003,39.89103385999999,35.85777026000005,38.98867658000003,38.06922920000002,39.07925411000002,37.68641095999999,40.10124209,42.895473440000046,35.362157360000026,39.42960116000003
106.9260191111046,10.968878776741418,37.57019828,35.17074824000002,34.59993890000004,35.83726214000004,34.630701079999994,34.406820770000024,34.69906148000001,36.049179380000055,35.797954910000016,31.67240477000001,34.37776760000003
106.9260191111046,11.04074399947098,39.875652770000016,38.04530306000004,36.76867259000005,40.03800871999999,40.33537646000002,38.96133242000002,39.8295095,39.46719938000001,39.06216401000003,37.58728838000002,37.13440073000004
106.9260191111046,11.05871030515337,33.34210754000003,33.14044436000006,30.63161768000004,32.82085949000003,33.219058820000015,30.928985420000004,32.82256849999999,32.38847996000004,32.63970443000005,30.341085980000003,32.50981967000001
106.9260191111046,11.07667661083576,35.31772310000002,30.75124838,32.91485504000002,34.169268380000005,35.19125636000001,34.06330976000004,34.929777830000035,35.02035536000005,35.45957093000004,30.83840789000004,33.18146060000004
106.9260191111046,11.09464291651815,33.27374714000001,32.95587128,31.43827040000002,32.72002789999999,32.53545482000004,30.887969180000027,31.723675070000013,32.70293780000003,33.61554914000001,30.41799143000003,32.32011956000002
106.9260191111046,11.11260922220054,34.49398028000002,33.85822856000004,33.83430242000003,34.39485769999999,34.692225440000016,32.721736910000004,33.55060676000005,34.02571154000003,36.15855601999999,32.05009598000004,34.35725948000004
106.9260191111046,11.130575527882932,33.85139251999999,33.32501744000001,35.12973199999999,35.35873934000006,35.63901698000001,32.87042078000002,34.393148690000004,33.68732756000003,34.01545748000001,30.60598253000004,35.02719140000002
106.92691742638873,10.447855911952097,32.21928797000004,32.98321543999998,32.385061940000014,31.585245260000026,30.946075520000026,31.233189200000027,31.74589220000001,33.21905881999999,31.858686860000034,28.524408350000016,30.658961840000018
106.92691742638873,10.465822217634486,35.464697960000024,37.50525590000001,35.98423700000001,34.84603634000001,34.873380500000025,35.86289729000001,33.7796141,36.14317493000004,34.700770490000025,31.387000100000023,32.98663346000001
106.92691742638873,10.699384191505562,42.09223874000003,40.34563051999999,39.00234866000005,40.34392151,39.01772975000003,41.32489325,38.679345770000026,39.80045633000003,39.51846968000001,34.11116204000001,38.10682742000006
106.92691742638873,10.861080942647074,41.70942050000002,40.07218892,41.179627400000015,40.71135866000003,44.11399757000001,41.13861115999998,38.592186260000005,41.69233040000006,41.295840080000005,37.26257648000001,40.195237640000016
106.92691742638873,10.879047248329464,40.778010050000034,39.55948592000004,39.00576668000002,41.03436155,43.15866098000004,40.58489192000002,38.42641229000003,40.02091862,40.60198202000004,36.36021920000002,38.79384944000003
106.92691742638873,10.950912471059029,38.20253198,37.78382453000003,35.83555313000005,38.60244032000003,36.18760918999999,34.39143968000002,37.26257648000001,38.40077714,38.699853890000014,30.85037096000002,34.722987620000026
106.92691742638873,10.986845082423809,37.46765768,36.72765635000002,36.52428415999998,37.20447014000001,36.42516158000001,36.59093555000001,34.463218100000006,36.80456179999999,36.92761052,33.12677228000001,36.03892532
106.92691742638873,11.004811388106198,32.873838800000044,34.18464947000001,33.40363190000005,34.54866860000004,35.96031086000005,32.203906880000005,33.93342500000006,35.45786192000003,37.440313520000046,31.80399854000001,35.444189840000035
106.92691742638873,11.022777693788589,37.13610974000002,33.84626549000004,32.49956561000002,36.091904630000016,37.0267331,37.0267331,34.62899207000001,37.741099280000014,39.10147124000002,31.322057720000032,36.87634022000003
106.92691742638873,11.14854183356532,34.57259474000003,34.42220186000003,35.611672820000024,37.25744945000002,36.14488394,38.12391752000002,35.257907750000015,39.983320400000025,40.28068814000002,34.203448579999986,34.514488400000005
106.94398541678696,10.64548527445839,36.22008038000001,37.70350106000001,33.32159942000001,35.36899340000002,35.797954910000016,36.39781742000002,35.645853020000004,35.314305080000054,34.96908506,33.468574279999984,35.30063300000003
106.94398541678696,10.66345158014078,40.58147389999999,35.48862410000004,37.89491018000001,37.84193087,38.21791307000004,42.64253996000002,37.594124420000014,38.78872241000005,40.28068814000005,35.16733022000005,38.937406280000005
106.94398541678696,10.681417885823173,36.165392060000045,38.76650528000002,33.58307795000002,36.28844078,35.55014846000006,38.298236540000005,38.28456446000001,36.07994156000001,36.82506992000003,33.430976060000035,38.725489040000014
106.94398541678696,10.861080942647074,43.956768650000015,35.42026370000002,39.49967057000004,42.307574000000045,40.86346055000001,40.56780182,39.340732640000056,41.66498624000002,40.67034242,35.83384411999998,39.42960116000006
106.94398541678696,10.879047248329464,41.13861115999998,37.681283930000006,34.69564346000004,39.37662184999999,39.35953175,36.95837270000004,35.128022990000005,36.39098138000003,36.389272370000015,33.48224635999998,35.60996381000001
106.94398541678696,11.004811388106198,36.9241925,34.37093156000003,36.934446560000026,38.71523498000002,38.38710506000001,35.88169640000001,35.676615200000015,37.28992063999999,36.58409951000005,31.11014048000004,34.05134669000003
106.94398541678696,11.022777693788589,34.55892266000001,34.36922255000002,33.98127728000003,35.50571420000003,33.786450140000056,37.64881274000004,33.35236160000002,36.86779517000002,36.44566970000005,32.42949620000002,33.73005281000002
106.94398541678696,11.09464291651815,39.564612950000026,35.775737779999986,38.56484210000002,38.51357180000002,36.66442298000004,35.17416625999999,37.01306102000001,35.772319760000016,37.55310817999998,34.32649730000003,36.60289862000002
106.9448837320711,10.358024383540142,28.65087509,30.59060144,29.076418579999995,28.770505790000016,29.850600110000016,27.54172760000006,30.226582310000023,30.55983925999999,27.66648533000003,26.887176770000025,27.77073494000001
106.9448837320711,10.375990689222531,29.483162960000016,30.37355717,29.97877586000004,28.98413204000002,29.4729089,28.037340500000028,29.98219388000001,31.069124240000008,27.579325820000008,27.62034206000004,32.40898808000003
106.9448837320711,10.393956994904924,32.40557006000006,31.54081100000002,31.340856830000035,31.24515227000001,28.710690440000008,28.269765860000035,30.855497990000003,33.28058318000001,31.27078742000004,29.585703560000013,33.42414002000004
106.9448837320711,10.411923300587317,37.33435490000002,37.11047459000002,39.969648319999976,37.51892798000003,39.426183140000006,37.49841986000001,37.477911740000025,38.05897514000003,37.101929540000015,34.57943078000005,37.248904400000015
106.9448837320711,10.429889606269704,32.557671949999985,32.21074292,32.950744250000014,31.39041812000005,31.02639899000002,30.61452758000001,32.299611440000035,32.186816780000015,31.240025240000023,28.62523994,29.98219388000001
106.9448837320711,10.447855911952097,29.60279366000003,29.63697386000001,29.9001614,28.536371419999995,29.021730260000027,28.4816831,30.13942280000004,29.777112680000016,28.191151400000024,26.62911626000005,27.845931380000025
106.9448837320711,10.465822217634486,29.70191624000006,29.924087540000016,30.64870778000005,28.796140939999987,29.12768888000005,28.55175251000003,29.69849822000004,29.954849720000027,28.69360033999999,26.34542060000001,28.307364080000013
106.9448837320711,10.483788523316877,29.11401680000006,30.35817608000002,31.052034140000018,28.62523994000003,28.23900368,28.76025173000002,28.85424727999998,30.65212580000002,28.685055290000008,26.342002579999985,28.58422370000005
106.9448837320711,10.501754828999266,29.924087540000016,30.7375763,30.69656006,31.54764704000001,29.625010790000005,29.22681146000002,29.70533426000003,31.40067218000001,29.94801368000003,28.41332269999998,29.621592770000035
106.9448837320711,10.519721134681657,29.724133370000004,30.16334893999999,29.732678420000013,28.799558960000013,28.94482481000003,29.41992959000004,28.34496230000002,30.221455279999983,29.055910460000007,27.750226820000023,27.669903350000027
106.9448837320711,10.537687440364047,31.561319120000007,32.81573246000005,30.235127360000035,31.646769620000043,30.97000165999998,31.323766730000017,30.216328250000032,32.29619342000001,31.74076517000003,29.599375640000005,30.795682639999995
106.9448837320711,10.555653746046438,31.181918900000028,32.308156490000044,28.46117498000001,31.754437249999995,30.554712230000007,30.655543820000048,29.86256318000005,31.52372090000003,30.87087908000004,27.938217920000028,29.992447940000005
106.9448837320711,10.573620051728827,30.462425690000032,30.97512869000002,29.375495330000007,30.67263392000001,29.816419910000008,30.63332668999999,28.218495560000008,29.430183650000032,30.385520240000005,27.312720259999992,30.01124705000001
106.9448837320711,10.591586357411218,30.289815680000004,32.63457740000001,28.82006708000005,29.84718208999999,30.24538142000003,31.56473714000004,29.27295473000004,28.90209956000001,29.9001614,27.99461525000001,29.41480256
106.9448837320711,10.60955266309361,30.88455116,32.183398760000046,29.004640160000008,29.630137820000016,30.611109560000017,30.713650160000043,29.12427086,30.28810667000002,30.821317789999995,28.06810268000004,28.86450134000006
106.9448837320711,10.627518968776,31.70145794000001,32.82769553000003,29.872817240000018,30.91873136000001,30.59060144,31.357946930000026,30.25050845000001,30.083025470000024,30.865752050000022,29.582285540000044,28.642330040000047
106.9448837320711,10.699384191505562,43.94309657000002,41.23260671,42.85787521999998,41.30267612,43.162079000000006,44.25071837000005,42.112746860000016,41.63422406000001,42.56050748000001,40.81731728,40.49089637
106.9448837320711,10.717350497187953,44.80956464000002,42.41011459999999,42.228959540000005,44.92406831000002,42.81856799000002,43.53635219,41.78290793000002,42.07002161,43.14327989,40.86516956000003,40.87542361999999
106.9448837320711,10.735316802870342,44.38743917000002,42.09907478000002,38.87075489,42.28364786000003,41.06683274,42.02729636000001,40.860042530000015,42.338336180000056,42.88180136000005,38.81435756000002,41.16766433000001
106.9448837320711,10.753283108552733,39.79362029000001,40.18840160000002,36.784053680000056,38.065811180000026,37.87098404000005,39.40225700000002,38.34950684,40.05509882000001,38.88955400000003,36.881467250000014,35.944929770000016
106.9448837320711,10.771249414235124,32.709773840000025,33.988113320000025,31.23831623000001,33.91291688000001,31.937301320000017,35.13998606000001,32.605524230000015,33.841138460000025,32.93707217000002,31.991989640000043,32.22954203000003
106.9448837320711,10.789215719917513,42.729699470000014,41.55731861000004,36.85925012000001,41.11468502000002,40.16960249000002,41.06683274,40.04142674000002,40.23967190000002,41.295840080000005,38.67592775,39.00405767000001
106.9448837320711,10.807182025599904,39.45694531999999,39.330478579999976,36.25426058000005,37.90003721000002,37.97181563000001,39.3338966,39.29629838000005,39.63126434000003,39.55264987999999,37.318973810000045,40.93523897000003
106.9448837320711,10.825148331282294,43.589331500000014,40.83782540000004,36.87463121000002,40.90276777999998,40.362720620000005,40.61565410000003,37.79407859,41.96235398000002,41.95551793999999,39.09805322,41.27191394000005
106.9448837320711,10.843114636964684,36.872922200000005,34.09065392000002,37.91712731000001,39.42105611000002,37.88636513000003,40.029463669999984,39.15274154000002,39.63980939000004,39.44669126000002,37.09509350000002,37.79920562000001
106.9448837320711,10.897013554011856,35.82188105,32.52520076000002,33.83430242,43.38425030000002,37.73084522000002,33.552315770000035,33.74885191999999,37.86756602000003,36.92761052,33.59162300000003,40.23625388000002
106.9448837320711,10.914979859694249,39.96281227999998,37.66932086000003,37.44031352000002,41.45990504000002,39.89445188000002,41.71967456000005,39.316806499999984,41.210389580000026,41.28216800000001,36.98400785000001,40.78655510000005
106.9448837320711,10.932946165376636,36.33629306000003,35.987655020000034,31.527138920000027,36.07994156000001,34.38631265000001,35.447607860000005,35.66977916000002,35.67319717999999,35.50229618000003,33.17975159000002,33.59845904000002
106.9448837320711,10.950912471059029,42.52803629000002,43.266328610000045,39.22793798000004,45.045408020000025,43.38425030000002,43.95505964000006,42.99801404000005,42.41695064000001,43.31588990000003,40.99847234000004,42.96554285000002
106.9448837320711,10.968878776741418,38.76308726000002,36.95153665999999,35.76890174000002,37.67786590999998,36.985716860000025,34.822110200000026,36.55504634000002,39.56973998000001,39.86710772000004,37.693247000000014,38.59902230000003
106.9448837320711,10.986845082423809,40.916439860000025,37.08483944,39.23819204000003,39.95939426000001,40.73528480000002,40.41399092000006,39.43301918000003,40.444753100000014,39.87394376000003,34.19319452000002,37.81800473000001
106.9448837320711,11.04074399947098,35.83897115000002,34.31966126000003,32.99688752000003,36.70543922000002,37.964979589999984,40.79851817000002,35.44077182000001,37.05236825,36.84899605999999,35.40659162000003,40.755792919999976
106.9448837320711,11.05871030515337,35.78940985999998,34.43245592000005,32.10136628000001,35.215182500000026,33.343816550000014,33.577950920000035,33.60016805000001,34.57259474,34.11116204000001,31.19046395000001,34.23421076
106.9448837320711,11.07667661083576,32.774716220000016,31.205845039999986,29.585703560000013,34.839200300000016,33.813794299999984,32.04667796000001,31.65702368000001,32.43120521,32.29790243000002,30.24196340000003,34.704188509999994
106.9448837320711,11.11260922220054,39.76114910000004,35.28354290000004,36.21324434000002,33.95051510000002,32.95928930000002,31.31863970000001,32.88751088000001,34.97933912000002,35.068207640000026,31.29129554000002,33.26007506000002
106.9448837320711,11.130575527882932,41.91791971999999,38.58876824000004,36.36363721999999,35.84409818000003,34.808438120000005,33.77619607999998,35.35532132000003,36.086777600000005,35.53647638000004,32.81573246000005,33.78303212
106.9448837320711,11.14854183356532,35.97398294000004,36.380727320000034,34.661463260000005,34.722987620000026,33.91975292000001,32.183398760000046,32.88751088000001,37.12243766000006,33.767651030000025,32.29961144000001,32.86358474000002
